solid Box:Box
  facet normal 1.470245e-01 1.920461e+31 1.090231e+27
    outer loop
      vertex 9.215067e+00 0.000000e+00 0.000000e+00
      vertex 1.000000e+01 7.849329e-01 0.000000e+00
      vertex 8.994756e+00 0.000000e+00 1.048063e+00
    endloop
  endfacet
  facet normal 1.470245e-01 1.920461e+31 1.090231e+27
    outer loop
      vertex 8.994756e+00 0.000000e+00 1.048063e+00
      vertex 1.000000e+01 7.849329e-01 0.000000e+00
      vertex 1.000000e+01 1.005652e+00 1.050000e+00
    endloop
  endfacet
  facet normal 1.470245e-01 1.920461e+31 1.090231e+27
    outer loop
      vertex 8.994756e+00 0.000000e+00 1.048063e+00
      vertex 1.000000e+01 1.005652e+00 1.050000e+00
      vertex 8.884192e+00 1.105630e-01 2.100000e+00
    endloop
  endfacet
  facet normal 1.470245e-01 1.920461e+31 1.090231e+27
    outer loop
      vertex 8.884192e+00 1.105630e-01 2.100000e+00
      vertex 1.000000e+01 1.005652e+00 1.050000e+00
      vertex 9.889641e+00 1.116011e+00 2.100000e+00
    endloop
  endfacet
  facet normal -0.000000e+00 1.920461e+31 1.090231e+27
    outer loop
      vertex 9.215067e+00 0.000000e+00 0.000000e+00
      vertex 8.994756e+00 0.000000e+00 1.048063e+00
      vertex 0.000000e+00 0.000000e+00 0.000000e+00
    endloop
  endfacet
  facet normal -0.000000e+00 1.920461e+31 1.090231e+27
    outer loop
      vertex 0.000000e+00 0.000000e+00 0.000000e+00
      vertex 8.994756e+00 0.000000e+00 1.048063e+00
      vertex 0.000000e+00 0.000000e+00 1.046105e+00
    endloop
  endfacet
  facet normal -0.000000e+00 1.920461e+31 1.090231e+27
    outer loop
      vertex 8.994756e+00 0.000000e+00 1.048063e+00
      vertex 2.058156e-04 0.000000e+00 1.048063e+00
      vertex 0.000000e+00 0.000000e+00 1.046105e+00
    endloop
  endfacet
  facet normal 1.045285e-01 4.591214e-41 1.022948e-43
    outer loop
      vertex 8.884192e+00 1.105630e-01 2.100000e+00
      vertex 1.107688e-01 1.105630e-01 2.100000e+00
      vertex 8.994756e+00 0.000000e+00 1.048063e+00
    endloop
  endfacet
  facet normal 1.045285e-01 1.920461e+31 1.090231e+27
    outer loop
      vertex 8.994756e+00 0.000000e+00 1.048063e+00
      vertex 1.107688e-01 1.105630e-01 2.100000e+00
      vertex 2.058156e-04 0.000000e+00 1.048063e+00
    endloop
  endfacet
  facet normal 1.000000e+00 1.920461e+31 1.090231e+27
    outer loop
      vertex 1.107688e-01 1.105630e-01 2.100000e+00
      vertex 8.884192e+00 1.105630e-01 2.100000e+00
      vertex 1.107688e-01 9.889437e+00 2.100000e+00
    endloop
  endfacet
  facet normal 1.000000e+00 5.184804e-43 -8.378604e+18
    outer loop
      vertex 1.107688e-01 9.889437e+00 2.100000e+00
      vertex 8.884192e+00 1.105630e-01 2.100000e+00
      vertex 9.889641e+00 1.116011e+00 2.100000e+00
    endloop
  endfacet
  facet normal 1.000000e+00 1.920461e+31 1.090231e+27
    outer loop
      vertex 1.107688e-01 9.889437e+00 2.100000e+00
      vertex 9.889641e+00 1.116011e+00 2.100000e+00
      vertex 9.889641e+00 9.889437e+00 2.100000e+00
    endloop
  endfacet
  facet normal 1.045285e-01 1.920461e+31 1.090231e+27
    outer loop
      vertex 1.107688e-01 1.105630e-01 2.100000e+00
      vertex 1.107688e-01 9.889437e+00 2.100000e+00
      vertex 2.058156e-04 0.000000e+00 1.048063e+00
    endloop
  endfacet
  facet normal 1.045285e-01 1.920461e+31 1.090231e+27
    outer loop
      vertex 2.058156e-04 0.000000e+00 1.048063e+00
      vertex 1.107688e-01 9.889437e+00 2.100000e+00
      vertex 2.058156e-04 1.000000e+01 1.048063e+00
    endloop
  endfacet
  facet normal 1.045285e-01 1.920461e+31 1.090231e+27
    outer loop
      vertex 2.058156e-04 0.000000e+00 1.048063e+00
      vertex 2.058156e-04 1.000000e+01 1.048063e+00
      vertex 0.000000e+00 0.000000e+00 1.046105e+00
    endloop
  endfacet
  facet normal 1.045285e-01 1.920461e+31 1.090231e+27
    outer loop
      vertex 0.000000e+00 0.000000e+00 1.046105e+00
      vertex 2.058156e-04 1.000000e+01 1.048063e+00
      vertex 0.000000e+00 1.000000e+01 1.046105e+00
    endloop
  endfacet
  facet normal -0.000000e+00 1.920461e+31 1.090231e+27
    outer loop
      vertex 0.000000e+00 1.000000e+01 1.046105e+00
      vertex 2.058156e-04 1.000000e+01 1.048063e+00
      vertex 0.000000e+00 1.000000e+01 0.000000e+00
    endloop
  endfacet
  facet normal -0.000000e+00 1.920461e+31 1.090231e+27
    outer loop
      vertex 0.000000e+00 1.000000e+01 0.000000e+00
      vertex 2.058156e-04 1.000000e+01 1.048063e+00
      vertex 1.000000e+01 1.000000e+01 0.000000e+00
    endloop
  endfacet
  facet normal -0.000000e+00 4.591214e-41 9.809089e-44
    outer loop
      vertex 2.058156e-04 1.000000e+01 1.048063e+00
      vertex 1.000000e+01 1.000000e+01 1.048063e+00
      vertex 1.000000e+01 1.000000e+01 0.000000e+00
    endloop
  endfacet
  facet normal 1.045285e-01 5.184804e-43 -1.057188e+19
    outer loop
      vertex 1.000000e+01 1.000000e+01 1.048063e+00
      vertex 2.058156e-04 1.000000e+01 1.048063e+00
      vertex 1.000000e+01 9.999797e+00 1.050000e+00
    endloop
  endfacet
  facet normal 1.045285e-01 1.920461e+31 1.090231e+27
    outer loop
      vertex 1.000000e+01 9.999797e+00 1.050000e+00
      vertex 2.058156e-04 1.000000e+01 1.048063e+00
      vertex 1.107688e-01 9.889437e+00 2.100000e+00
    endloop
  endfacet
  facet normal 1.045285e-01 1.920461e+31 1.090231e+27
    outer loop
      vertex 1.000000e+01 9.999797e+00 1.050000e+00
      vertex 1.107688e-01 9.889437e+00 2.100000e+00
      vertex 9.889641e+00 9.889437e+00 2.100000e+00
    endloop
  endfacet
  facet normal 1.045285e-01 1.920461e+31 1.090231e+27
    outer loop
      vertex 1.000000e+01 1.005652e+00 1.050000e+00
      vertex 1.000000e+01 9.999797e+00 1.050000e+00
      vertex 9.889641e+00 1.116011e+00 2.100000e+00
    endloop
  endfacet
  facet normal 1.045285e-01 1.920461e+31 1.090231e+27
    outer loop
      vertex 9.889641e+00 1.116011e+00 2.100000e+00
      vertex 1.000000e+01 9.999797e+00 1.050000e+00
      vertex 9.889641e+00 9.889437e+00 2.100000e+00
    endloop
  endfacet
  facet normal -0.000000e+00 1.920461e+31 1.090231e+27
    outer loop
      vertex 1.000000e+01 7.849329e-01 0.000000e+00
      vertex 1.000000e+01 1.000000e+01 0.000000e+00
      vertex 1.000000e+01 1.005652e+00 1.050000e+00
    endloop
  endfacet
  facet normal -0.000000e+00 1.920461e+31 1.090231e+27
    outer loop
      vertex 1.000000e+01 1.005652e+00 1.050000e+00
      vertex 1.000000e+01 1.000000e+01 0.000000e+00
      vertex 1.000000e+01 1.000000e+01 1.048063e+00
    endloop
  endfacet
  facet normal -0.000000e+00 1.920461e+31 1.090231e+27
    outer loop
      vertex 1.000000e+01 1.005652e+00 1.050000e+00
      vertex 1.000000e+01 1.000000e+01 1.048063e+00
      vertex 1.000000e+01 9.999797e+00 1.050000e+00
    endloop
  endfacet
  facet normal -1.000000e+00 4.591214e-41 9.668959e-44
    outer loop
      vertex 1.000000e+01 1.000000e+01 0.000000e+00
      vertex 1.000000e+01 7.849329e-01 0.000000e+00
      vertex 0.000000e+00 1.000000e+01 0.000000e+00
    endloop
  endfacet
  facet normal -1.000000e+00 1.920461e+31 1.090231e+27
    outer loop
      vertex 0.000000e+00 1.000000e+01 0.000000e+00
      vertex 1.000000e+01 7.849329e-01 0.000000e+00
      vertex 9.215067e+00 0.000000e+00 0.000000e+00
    endloop
  endfacet
  facet normal -1.000000e+00 1.920461e+31 1.090231e+27
    outer loop
      vertex 0.000000e+00 1.000000e+01 0.000000e+00
      vertex 9.215067e+00 0.000000e+00 0.000000e+00
      vertex 0.000000e+00 0.000000e+00 0.000000e+00
    endloop
  endfacet
  facet normal -0.000000e+00 1.920461e+31 1.090231e+27
    outer loop
      vertex 0.000000e+00 1.000000e+01 1.046105e+00
      vertex 0.000000e+00 1.000000e+01 0.000000e+00
      vertex 0.000000e+00 0.000000e+00 1.046105e+00
    endloop
  endfacet
  facet normal -0.000000e+00 1.920461e+31 1.090231e+27
    outer loop
      vertex 0.000000e+00 0.000000e+00 1.046105e+00
      vertex 0.000000e+00 1.000000e+01 0.000000e+00
      vertex 0.000000e+00 0.000000e+00 0.000000e+00
    endloop
  endfacet
  facet normal -1.000000e+00 1.920461e+31 1.090231e+27
    outer loop
      vertex 7.080000e+00 6.800000e+00 6.190317e-01
      vertex 7.080000e+00 3.200000e+00 6.190317e-01
      vertex 7.000000e+00 6.800000e+00 6.190317e-01
    endloop
  endfacet
  facet normal -1.000000e+00 1.920461e+31 1.090231e+27
    outer loop
      vertex 7.000000e+00 6.800000e+00 6.190317e-01
      vertex 7.080000e+00 3.200000e+00 6.190317e-01
      vertex 7.000000e+00 3.200000e+00 6.190317e-01
    endloop
  endfacet
  facet normal -0.000000e+00 1.920461e+31 1.090231e+27
    outer loop
      vertex 7.080000e+00 6.800000e+00 5.990317e-01
      vertex 7.080000e+00 6.800000e+00 6.190317e-01
      vertex 7.000000e+00 6.800000e+00 5.990317e-01
    endloop
  endfacet
  facet normal -0.000000e+00 1.920461e+31 1.090231e+27
    outer loop
      vertex 7.000000e+00 6.800000e+00 5.990317e-01
      vertex 7.080000e+00 6.800000e+00 6.190317e-01
      vertex 7.000000e+00 6.800000e+00 6.190317e-01
    endloop
  endfacet
  facet normal 1.000000e+00 1.920461e+31 1.090231e+27
    outer loop
      vertex 7.080000e+00 3.200000e+00 5.990317e-01
      vertex 7.080000e+00 6.800000e+00 5.990317e-01
      vertex 7.000000e+00 3.200000e+00 5.990317e-01
    endloop
  endfacet
  facet normal 1.000000e+00 1.920461e+31 1.090231e+27
    outer loop
      vertex 7.000000e+00 3.200000e+00 5.990317e-01
      vertex 7.080000e+00 6.800000e+00 5.990317e-01
      vertex 7.000000e+00 6.800000e+00 5.990317e-01
    endloop
  endfacet
  facet normal -0.000000e+00 4.591214e-41 1.022948e-43
    outer loop
      vertex 7.080000e+00 3.200000e+00 6.190317e-01
      vertex 7.080000e+00 3.200000e+00 5.990317e-01
      vertex 7.000000e+00 3.200000e+00 6.190317e-01
    endloop
  endfacet
  facet normal -0.000000e+00 1.920461e+31 1.090231e+27
    outer loop
      vertex 7.000000e+00 3.200000e+00 6.190317e-01
      vertex 7.080000e+00 3.200000e+00 5.990317e-01
      vertex 7.000000e+00 3.200000e+00 5.990317e-01
    endloop
  endfacet
  facet normal 0.000000e+00 1.920461e+31 1.090231e+27
    outer loop
      vertex 7.080000e+00 6.800000e+00 6.190317e-01
      vertex 7.080000e+00 6.800000e+00 5.990317e-01
      vertex 7.080000e+00 3.200000e+00 6.190317e-01
    endloop
  endfacet
  facet normal 0.000000e+00 1.920461e+31 1.090231e+27
    outer loop
      vertex 7.080000e+00 3.200000e+00 6.190317e-01
      vertex 7.080000e+00 6.800000e+00 5.990317e-01
      vertex 7.080000e+00 3.200000e+00 5.990317e-01
    endloop
  endfacet
  facet normal -0.000000e+00 1.920461e+31 1.090231e+27
    outer loop
      vertex 7.000000e+00 3.200000e+00 6.190317e-01
      vertex 7.000000e+00 3.200000e+00 5.990317e-01
      vertex 7.000000e+00 6.800000e+00 6.190317e-01
    endloop
  endfacet
  facet normal -0.000000e+00 1.920461e+31 1.090231e+27
    outer loop
      vertex 7.000000e+00 6.800000e+00 6.190317e-01
      vertex 7.000000e+00 3.200000e+00 5.990317e-01
      vertex 7.000000e+00 6.800000e+00 5.990317e-01
    endloop
  endfacet
endsolid Box:Box
solid PEC:Pin
  facet normal 0.000000e+00 5.184804e-43 0.000000e+00
    outer loop
      vertex 5.100000e+00 7.130000e+00 6.990317e-01
      vertex 4.900000e+00 7.130000e+00 6.990317e-01
      vertex 5.100000e+00 7.130000e+00 5.990317e-01
    endloop
  endfacet
  facet normal 0.000000e+00 -nan -nan
    outer loop
      vertex 5.100000e+00 7.130000e+00 5.990317e-01
      vertex 4.900000e+00 7.130000e+00 6.990317e-01
      vertex 4.900000e+00 7.130000e+00 5.990317e-01
    endloop
  endfacet
  facet normal -0.000000e+00 -1.875000e+00 0.000000e+00
    outer loop
      vertex 4.900000e+00 7.130000e+00 6.990317e-01
      vertex 4.900000e+00 7.230000e+00 6.990317e-01
      vertex 4.900000e+00 7.130000e+00 5.990317e-01
    endloop
  endfacet
  facet normal -0.000000e+00 0.000000e+00 0.000000e+00
    outer loop
      vertex 4.900000e+00 7.130000e+00 5.990317e-01
      vertex 4.900000e+00 7.230000e+00 6.990317e-01
      vertex 4.900000e+00 7.230000e+00 5.990317e-01
    endloop
  endfacet
  facet normal -0.000000e+00 0.000000e+00 -2.359139e+19
    outer loop
      vertex 5.100000e+00 7.130000e+00 5.990317e-01
      vertex 5.100000e+00 7.230000e+00 5.990317e-01
      vertex 5.100000e+00 7.130000e+00 6.990317e-01
    endloop
  endfacet
  facet normal -0.000000e+00 5.184804e-43 0.000000e+00
    outer loop
      vertex 5.100000e+00 7.130000e+00 6.990317e-01
      vertex 5.100000e+00 7.230000e+00 5.990317e-01
      vertex 5.100000e+00 7.230000e+00 6.990317e-01
    endloop
  endfacet
  facet normal -0.000000e+00 1.875000e+00 0.000000e+00
    outer loop
      vertex 5.100000e+00 7.230000e+00 6.990317e-01
      vertex 5.100000e+00 7.230000e+00 5.990317e-01
      vertex 5.150000e+00 8.800000e+00 6.990317e-01
    endloop
  endfacet
  facet normal -0.000000e+00 0.000000e+00 -2.013929e+12
    outer loop
      vertex 5.150000e+00 8.800000e+00 6.990317e-01
      vertex 5.100000e+00 7.230000e+00 5.990317e-01
      vertex 5.150000e+00 8.800000e+00 5.990317e-01
    endloop
  endfacet
  facet normal 0.000000e+00 0.000000e+00 -nan
    outer loop
      vertex 4.900000e+00 7.230000e+00 5.990317e-01
      vertex 4.900000e+00 7.230000e+00 6.990317e-01
      vertex 4.850000e+00 8.800000e+00 5.990317e-01
    endloop
  endfacet
  facet normal 0.000000e+00 0.000000e+00 0.000000e+00
    outer loop
      vertex 4.850000e+00 8.800000e+00 5.990317e-01
      vertex 4.900000e+00 7.230000e+00 6.990317e-01
      vertex 4.850000e+00 8.800000e+00 6.990317e-01
    endloop
  endfacet
  facet normal 0.000000e+00 2.571875e+00 -5.236418e-18
    outer loop
      vertex 4.850000e+00 8.950000e+00 1.124032e+00
      vertex 4.850000e+00 8.950000e+00 6.990317e-01
      vertex 5.150000e+00 8.950000e+00 1.124032e+00
    endloop
  endfacet
  facet normal 0.000000e+00 1.920461e+31 1.090231e+27
    outer loop
      vertex 5.150000e+00 8.950000e+00 1.124032e+00
      vertex 4.850000e+00 8.950000e+00 6.990317e-01
      vertex 5.150000e+00 8.950000e+00 6.990317e-01
    endloop
  endfacet
  facet normal 1.000000e+00 1.920461e+31 1.090231e+27
    outer loop
      vertex 4.850000e+00 8.950000e+00 6.990317e-01
      vertex 4.850000e+00 8.800000e+00 6.990317e-01
      vertex 5.150000e+00 8.950000e+00 6.990317e-01
    endloop
  endfacet
  facet normal 1.000000e+00 1.920461e+31 1.090231e+27
    outer loop
      vertex 5.150000e+00 8.950000e+00 6.990317e-01
      vertex 4.850000e+00 8.800000e+00 6.990317e-01
      vertex 5.150000e+00 8.800000e+00 6.990317e-01
    endloop
  endfacet
  facet normal 1.000000e+00 1.920461e+31 1.090231e+27
    outer loop
      vertex 4.850000e+00 8.800000e+00 6.990317e-01
      vertex 4.900000e+00 7.230000e+00 6.990317e-01
      vertex 5.150000e+00 8.800000e+00 6.990317e-01
    endloop
  endfacet
  facet normal 1.000000e+00 1.920461e+31 1.090231e+27
    outer loop
      vertex 5.150000e+00 8.800000e+00 6.990317e-01
      vertex 4.900000e+00 7.230000e+00 6.990317e-01
      vertex 5.100000e+00 7.230000e+00 6.990317e-01
    endloop
  endfacet
  facet normal 1.000000e+00 1.920461e+31 1.090231e+27
    outer loop
      vertex 4.900000e+00 7.230000e+00 6.990317e-01
      vertex 4.900000e+00 7.130000e+00 6.990317e-01
      vertex 5.100000e+00 7.230000e+00 6.990317e-01
    endloop
  endfacet
  facet normal 1.000000e+00 1.920461e+31 1.090231e+27
    outer loop
      vertex 5.100000e+00 7.230000e+00 6.990317e-01
      vertex 4.900000e+00 7.130000e+00 6.990317e-01
      vertex 5.100000e+00 7.130000e+00 6.990317e-01
    endloop
  endfacet
  facet normal -1.000000e+00 1.920461e+31 1.090231e+27
    outer loop
      vertex 4.900000e+00 7.230000e+00 5.990317e-01
      vertex 4.850000e+00 8.800000e+00 5.990317e-01
      vertex 5.150000e+00 8.800000e+00 5.990317e-01
    endloop
  endfacet
  facet normal -1.000000e+00 1.920461e+31 1.090231e+27
    outer loop
      vertex 5.150000e+00 8.800000e+00 5.990317e-01
      vertex 4.850000e+00 8.800000e+00 5.990317e-01
      vertex 4.850000e+00 9.050000e+00 5.990317e-01
    endloop
  endfacet
  facet normal -1.000000e+00 1.920461e+31 1.090231e+27
    outer loop
      vertex 5.150000e+00 8.800000e+00 5.990317e-01
      vertex 4.850000e+00 9.050000e+00 5.990317e-01
      vertex 5.150000e+00 9.050000e+00 5.990317e-01
    endloop
  endfacet
  facet normal -1.000000e+00 1.920461e+31 1.090231e+27
    outer loop
      vertex 5.150000e+00 8.800000e+00 5.990317e-01
      vertex 5.100000e+00 7.230000e+00 5.990317e-01
      vertex 4.900000e+00 7.230000e+00 5.990317e-01
    endloop
  endfacet
  facet normal -1.000000e+00 1.920461e+31 1.090231e+27
    outer loop
      vertex 4.900000e+00 7.230000e+00 5.990317e-01
      vertex 5.100000e+00 7.230000e+00 5.990317e-01
      vertex 5.100000e+00 7.130000e+00 5.990317e-01
    endloop
  endfacet
  facet normal -1.000000e+00 1.920461e+31 1.090231e+27
    outer loop
      vertex 4.900000e+00 7.230000e+00 5.990317e-01
      vertex 5.100000e+00 7.130000e+00 5.990317e-01
      vertex 4.900000e+00 7.130000e+00 5.990317e-01
    endloop
  endfacet
  facet normal 0.000000e+00 1.920461e+31 1.090231e+27
    outer loop
      vertex 4.850000e+00 9.050000e+00 5.990317e-01
      vertex 4.850000e+00 9.050000e+00 1.024032e+00
      vertex 5.150000e+00 9.050000e+00 5.990317e-01
    endloop
  endfacet
  facet normal 0.000000e+00 1.920461e+31 1.090231e+27
    outer loop
      vertex 5.150000e+00 9.050000e+00 5.990317e-01
      vertex 4.850000e+00 9.050000e+00 1.024032e+00
      vertex 5.150000e+00 9.050000e+00 1.024032e+00
    endloop
  endfacet
  facet normal 1.000000e+00 1.920461e+31 1.090231e+27
    outer loop
      vertex 5.150000e+00 8.950000e+00 1.124032e+00
      vertex 5.150000e+00 1.030000e+01 1.124032e+00
      vertex 4.850000e+00 8.950000e+00 1.124032e+00
    endloop
  endfacet
  facet normal 1.000000e+00 1.920461e+31 1.090231e+27
    outer loop
      vertex 4.850000e+00 8.950000e+00 1.124032e+00
      vertex 5.150000e+00 1.030000e+01 1.124032e+00
      vertex 4.850000e+00 1.030000e+01 1.124032e+00
    endloop
  endfacet
  facet normal 9.486833e-01 1.920461e+31 1.090231e+27
    outer loop
      vertex 5.150000e+00 1.030000e+01 1.124032e+00
      vertex 5.150000e+00 1.060000e+01 1.024032e+00
      vertex 4.850000e+00 1.030000e+01 1.124032e+00
    endloop
  endfacet
  facet normal 9.486833e-01 1.920461e+31 1.090231e+27
    outer loop
      vertex 4.850000e+00 1.030000e+01 1.124032e+00
      vertex 5.150000e+00 1.060000e+01 1.024032e+00
      vertex 4.850000e+00 1.060000e+01 1.024032e+00
    endloop
  endfacet
  facet normal 7.124705e-02 1.920461e+31 1.090231e+27
    outer loop
      vertex 5.150000e+00 1.060000e+01 1.024032e+00
      vertex 5.150000e+00 1.070000e+01 -3.759683e-01
      vertex 4.850000e+00 1.060000e+01 1.024032e+00
    endloop
  endfacet
  facet normal 7.124705e-02 1.920461e+31 1.090231e+27
    outer loop
      vertex 4.850000e+00 1.060000e+01 1.024032e+00
      vertex 5.150000e+00 1.070000e+01 -3.759683e-01
      vertex 4.850000e+00 1.070000e+01 -3.759683e-01
    endloop
  endfacet
  facet normal 1.000000e+00 1.920461e+31 1.090231e+27
    outer loop
      vertex 5.150000e+00 1.070000e+01 -3.759683e-01
      vertex 5.150000e+00 1.100000e+01 -3.759683e-01
      vertex 4.850000e+00 1.070000e+01 -3.759683e-01
    endloop
  endfacet
  facet normal 1.000000e+00 1.920461e+31 1.090231e+27
    outer loop
      vertex 4.850000e+00 1.070000e+01 -3.759683e-01
      vertex 5.150000e+00 1.100000e+01 -3.759683e-01
      vertex 4.850000e+00 1.100000e+01 -3.759683e-01
    endloop
  endfacet
  facet normal 0.000000e+00 1.920461e+31 1.090231e+27
    outer loop
      vertex 5.150000e+00 1.100000e+01 -3.759683e-01
      vertex 5.150000e+00 1.100000e+01 -4.759683e-01
      vertex 4.850000e+00 1.100000e+01 -3.759683e-01
    endloop
  endfacet
  facet normal 0.000000e+00 1.920461e+31 1.090231e+27
    outer loop
      vertex 4.850000e+00 1.100000e+01 -3.759683e-01
      vertex 5.150000e+00 1.100000e+01 -4.759683e-01
      vertex 4.850000e+00 1.100000e+01 -4.759683e-01
    endloop
  endfacet
  facet normal -1.000000e+00 1.920461e+31 1.090231e+27
    outer loop
      vertex 5.150000e+00 1.100000e+01 -4.759683e-01
      vertex 5.150000e+00 1.060000e+01 -4.759683e-01
      vertex 4.850000e+00 1.100000e+01 -4.759683e-01
    endloop
  endfacet
  facet normal -1.000000e+00 1.920461e+31 1.090231e+27
    outer loop
      vertex 4.850000e+00 1.100000e+01 -4.759683e-01
      vertex 5.150000e+00 1.060000e+01 -4.759683e-01
      vertex 4.850000e+00 1.060000e+01 -4.759683e-01
    endloop
  endfacet
  facet normal -7.024856e-02 1.920461e+31 1.090231e+27
    outer loop
      vertex 5.150000e+00 1.060000e+01 -4.759683e-01
      vertex 5.150000e+00 1.050000e+01 9.440317e-01
      vertex 4.850000e+00 1.060000e+01 -4.759683e-01
    endloop
  endfacet
  facet normal -7.024856e-02 1.920461e+31 1.090231e+27
    outer loop
      vertex 4.850000e+00 1.060000e+01 -4.759683e-01
      vertex 5.150000e+00 1.050000e+01 9.440317e-01
      vertex 4.850000e+00 1.050000e+01 9.440317e-01
    endloop
  endfacet
  facet normal -9.397934e-01 1.920461e+31 1.090231e+27
    outer loop
      vertex 5.150000e+00 1.050000e+01 9.440317e-01
      vertex 5.150000e+00 1.028000e+01 1.024032e+00
      vertex 4.850000e+00 1.050000e+01 9.440317e-01
    endloop
  endfacet
  facet normal -9.397934e-01 1.920461e+31 1.090231e+27
    outer loop
      vertex 4.850000e+00 1.050000e+01 9.440317e-01
      vertex 5.150000e+00 1.028000e+01 1.024032e+00
      vertex 4.850000e+00 1.028000e+01 1.024032e+00
    endloop
  endfacet
  facet normal -1.000000e+00 1.920461e+31 1.090231e+27
    outer loop
      vertex 5.150000e+00 1.028000e+01 1.024032e+00
      vertex 5.150000e+00 9.050000e+00 1.024032e+00
      vertex 4.850000e+00 1.028000e+01 1.024032e+00
    endloop
  endfacet
  facet normal -1.000000e+00 1.920461e+31 1.090231e+27
    outer loop
      vertex 4.850000e+00 1.028000e+01 1.024032e+00
      vertex 5.150000e+00 9.050000e+00 1.024032e+00
      vertex 4.850000e+00 9.050000e+00 1.024032e+00
    endloop
  endfacet
  facet normal 1.502787e-31 1.920461e+31 1.090231e+27
    outer loop
      vertex 5.150000e+00 8.950000e+00 1.124032e+00
      vertex 5.150000e+00 9.050000e+00 1.024032e+00
      vertex 5.150000e+00 1.030000e+01 1.124032e+00
    endloop
  endfacet
  facet normal 1.502787e-31 1.920461e+31 1.090231e+27
    outer loop
      vertex 5.150000e+00 1.030000e+01 1.124032e+00
      vertex 5.150000e+00 9.050000e+00 1.024032e+00
      vertex 5.150000e+00 1.028000e+01 1.024032e+00
    endloop
  endfacet
  facet normal 1.502787e-31 1.920461e+31 1.090231e+27
    outer loop
      vertex 5.150000e+00 1.030000e+01 1.124032e+00
      vertex 5.150000e+00 1.028000e+01 1.024032e+00
      vertex 5.150000e+00 1.050000e+01 9.440317e-01
    endloop
  endfacet
  facet normal 1.502787e-31 1.920461e+31 1.090231e+27
    outer loop
      vertex 5.150000e+00 8.950000e+00 1.124032e+00
      vertex 5.150000e+00 8.950000e+00 6.990317e-01
      vertex 5.150000e+00 9.050000e+00 1.024032e+00
    endloop
  endfacet
  facet normal 1.502787e-31 1.920461e+31 1.090231e+27
    outer loop
      vertex 5.150000e+00 9.050000e+00 1.024032e+00
      vertex 5.150000e+00 8.950000e+00 6.990317e-01
      vertex 5.150000e+00 9.050000e+00 5.990317e-01
    endloop
  endfacet
  facet normal 1.502787e-31 1.920461e+31 1.090231e+27
    outer loop
      vertex 5.150000e+00 8.800000e+00 6.990317e-01
      vertex 5.150000e+00 8.800000e+00 5.990317e-01
      vertex 5.150000e+00 8.950000e+00 6.990317e-01
    endloop
  endfacet
  facet normal 1.502787e-31 1.920461e+31 1.090231e+27
    outer loop
      vertex 5.150000e+00 8.950000e+00 6.990317e-01
      vertex 5.150000e+00 8.800000e+00 5.990317e-01
      vertex 5.150000e+00 9.050000e+00 5.990317e-01
    endloop
  endfacet
  facet normal 1.502787e-31 1.920461e+31 1.090231e+27
    outer loop
      vertex 5.150000e+00 1.060000e+01 -4.759683e-01
      vertex 5.150000e+00 1.070000e+01 -3.759683e-01
      vertex 5.150000e+00 1.050000e+01 9.440317e-01
    endloop
  endfacet
  facet normal 1.502787e-31 1.920461e+31 1.090231e+27
    outer loop
      vertex 5.150000e+00 1.050000e+01 9.440317e-01
      vertex 5.150000e+00 1.070000e+01 -3.759683e-01
      vertex 5.150000e+00 1.060000e+01 1.024032e+00
    endloop
  endfacet
  facet normal 1.502787e-31 1.920461e+31 1.090231e+27
    outer loop
      vertex 5.150000e+00 1.050000e+01 9.440317e-01
      vertex 5.150000e+00 1.060000e+01 1.024032e+00
      vertex 5.150000e+00 1.030000e+01 1.124032e+00
    endloop
  endfacet
  facet normal 1.502787e-31 1.920461e+31 1.090231e+27
    outer loop
      vertex 5.150000e+00 1.060000e+01 -4.759683e-01
      vertex 5.150000e+00 1.100000e+01 -4.759683e-01
      vertex 5.150000e+00 1.070000e+01 -3.759683e-01
    endloop
  endfacet
  facet normal 1.502787e-31 1.920461e+31 1.090231e+27
    outer loop
      vertex 5.150000e+00 1.070000e+01 -3.759683e-01
      vertex 5.150000e+00 1.100000e+01 -4.759683e-01
      vertex 5.150000e+00 1.100000e+01 -3.759683e-01
    endloop
  endfacet
  facet normal -1.502787e-31 1.920461e+31 1.090231e+27
    outer loop
      vertex 4.850000e+00 8.950000e+00 6.990317e-01
      vertex 4.850000e+00 8.950000e+00 1.124032e+00
      vertex 4.850000e+00 9.050000e+00 1.024032e+00
    endloop
  endfacet
  facet normal -1.502787e-31 1.920461e+31 1.090231e+27
    outer loop
      vertex 4.850000e+00 9.050000e+00 1.024032e+00
      vertex 4.850000e+00 8.950000e+00 1.124032e+00
      vertex 4.850000e+00 1.030000e+01 1.124032e+00
    endloop
  endfacet
  facet normal -1.502787e-31 1.920461e+31 1.090231e+27
    outer loop
      vertex 4.850000e+00 9.050000e+00 1.024032e+00
      vertex 4.850000e+00 1.030000e+01 1.124032e+00
      vertex 4.850000e+00 1.028000e+01 1.024032e+00
    endloop
  endfacet
  facet normal -1.502787e-31 1.920461e+31 1.090231e+27
    outer loop
      vertex 4.850000e+00 1.028000e+01 1.024032e+00
      vertex 4.850000e+00 1.030000e+01 1.124032e+00
      vertex 4.850000e+00 1.050000e+01 9.440317e-01
    endloop
  endfacet
  facet normal -1.502787e-31 1.920461e+31 1.090231e+27
    outer loop
      vertex 4.850000e+00 1.030000e+01 1.124032e+00
      vertex 4.850000e+00 1.060000e+01 1.024032e+00
      vertex 4.850000e+00 1.050000e+01 9.440317e-01
    endloop
  endfacet
  facet normal -1.502787e-31 1.920461e+31 1.090231e+27
    outer loop
      vertex 4.850000e+00 1.050000e+01 9.440317e-01
      vertex 4.850000e+00 1.060000e+01 1.024032e+00
      vertex 4.850000e+00 1.070000e+01 -3.759683e-01
    endloop
  endfacet
  facet normal -1.502787e-31 1.920461e+31 1.090231e+27
    outer loop
      vertex 4.850000e+00 1.050000e+01 9.440317e-01
      vertex 4.850000e+00 1.070000e+01 -3.759683e-01
      vertex 4.850000e+00 1.060000e+01 -4.759683e-01
    endloop
  endfacet
  facet normal -1.502787e-31 1.920461e+31 1.090231e+27
    outer loop
      vertex 4.850000e+00 1.060000e+01 -4.759683e-01
      vertex 4.850000e+00 1.070000e+01 -3.759683e-01
      vertex 4.850000e+00 1.100000e+01 -4.759683e-01
    endloop
  endfacet
  facet normal -1.502787e-31 1.920461e+31 1.090231e+27
    outer loop
      vertex 4.850000e+00 1.070000e+01 -3.759683e-01
      vertex 4.850000e+00 1.100000e+01 -3.759683e-01
      vertex 4.850000e+00 1.100000e+01 -4.759683e-01
    endloop
  endfacet
  facet normal -1.502787e-31 1.920461e+31 1.090231e+27
    outer loop
      vertex 4.850000e+00 9.050000e+00 1.024032e+00
      vertex 4.850000e+00 9.050000e+00 5.990317e-01
      vertex 4.850000e+00 8.950000e+00 6.990317e-01
    endloop
  endfacet
  facet normal -1.502787e-31 1.920461e+31 1.090231e+27
    outer loop
      vertex 4.850000e+00 8.950000e+00 6.990317e-01
      vertex 4.850000e+00 9.050000e+00 5.990317e-01
      vertex 4.850000e+00 8.800000e+00 5.990317e-01
    endloop
  endfacet
  facet normal -1.502787e-31 1.920461e+31 1.090231e+27
    outer loop
      vertex 4.850000e+00 8.950000e+00 6.990317e-01
      vertex 4.850000e+00 8.800000e+00 5.990317e-01
      vertex 4.850000e+00 8.800000e+00 6.990317e-01
    endloop
  endfacet
endsolid PEC:Pin
solid Chip:Ground
  facet normal 0.000000e+00 0.000000e+00 0.000000e+00
    outer loop
      vertex 6.800000e+00 3.000000e+00 6.190317e-01
      vertex 6.800000e+00 3.000000e+00 5.990317e-01
      vertex 7.000000e+00 3.200000e+00 6.190317e-01
    endloop
  endfacet
  facet normal 0.000000e+00 0.000000e+00 0.000000e+00
    outer loop
      vertex 7.000000e+00 3.200000e+00 6.190317e-01
      vertex 6.800000e+00 3.000000e+00 5.990317e-01
      vertex 7.000000e+00 3.200000e+00 5.990317e-01
    endloop
  endfacet
  facet normal -1.000000e+00 0.000000e+00 0.000000e+00
    outer loop
      vertex 6.800000e+00 3.000000e+00 5.990317e-01
      vertex 3.200000e+00 3.000000e+00 5.990317e-01
      vertex 7.000000e+00 3.200000e+00 5.990317e-01
    endloop
  endfacet
  facet normal -1.000000e+00 0.000000e+00 0.000000e+00
    outer loop
      vertex 7.000000e+00 3.200000e+00 5.990317e-01
      vertex 3.200000e+00 3.000000e+00 5.990317e-01
      vertex 3.000000e+00 3.200000e+00 5.990317e-01
    endloop
  endfacet
  facet normal -1.000000e+00 0.000000e+00 0.000000e+00
    outer loop
      vertex 7.000000e+00 3.200000e+00 5.990317e-01
      vertex 3.000000e+00 3.200000e+00 5.990317e-01
      vertex 7.000000e+00 6.800000e+00 5.990317e-01
    endloop
  endfacet
  facet normal -1.000000e+00 0.000000e+00 0.000000e+00
    outer loop
      vertex 7.000000e+00 6.800000e+00 5.990317e-01
      vertex 3.000000e+00 3.200000e+00 5.990317e-01
      vertex 3.000000e+00 6.800000e+00 5.990317e-01
    endloop
  endfacet
  facet normal -1.000000e+00 0.000000e+00 0.000000e+00
    outer loop
      vertex 7.000000e+00 6.800000e+00 5.990317e-01
      vertex 3.000000e+00 6.800000e+00 5.990317e-01
      vertex 6.800000e+00 7.000000e+00 5.990317e-01
    endloop
  endfacet
  facet normal -1.000000e+00 0.000000e+00 0.000000e+00
    outer loop
      vertex 6.800000e+00 7.000000e+00 5.990317e-01
      vertex 3.000000e+00 6.800000e+00 5.990317e-01
      vertex 3.200000e+00 7.000000e+00 5.990317e-01
    endloop
  endfacet
  facet normal -0.000000e+00 0.000000e+00 0.000000e+00
    outer loop
      vertex 6.800000e+00 3.000000e+00 5.990317e-01
      vertex 6.800000e+00 3.000000e+00 6.190317e-01
      vertex 3.200000e+00 3.000000e+00 5.990317e-01
    endloop
  endfacet
  facet normal -0.000000e+00 0.000000e+00 0.000000e+00
    outer loop
      vertex 3.200000e+00 3.000000e+00 5.990317e-01
      vertex 6.800000e+00 3.000000e+00 6.190317e-01
      vertex 3.200000e+00 3.000000e+00 6.190317e-01
    endloop
  endfacet
  facet normal 0.000000e+00 0.000000e+00 0.000000e+00
    outer loop
      vertex 3.000000e+00 3.200000e+00 6.190317e-01
      vertex 3.000000e+00 3.200000e+00 5.990317e-01
      vertex 3.200000e+00 3.000000e+00 6.190317e-01
    endloop
  endfacet
  facet normal 0.000000e+00 0.000000e+00 0.000000e+00
    outer loop
      vertex 3.200000e+00 3.000000e+00 6.190317e-01
      vertex 3.000000e+00 3.200000e+00 5.990317e-01
      vertex 3.200000e+00 3.000000e+00 5.990317e-01
    endloop
  endfacet
  facet normal -0.000000e+00 0.000000e+00 0.000000e+00
    outer loop
      vertex 7.000000e+00 6.800000e+00 6.190317e-01
      vertex 7.000000e+00 6.800000e+00 5.990317e-01
      vertex 6.800000e+00 7.000000e+00 6.190317e-01
    endloop
  endfacet
  facet normal -0.000000e+00 0.000000e+00 0.000000e+00
    outer loop
      vertex 6.800000e+00 7.000000e+00 6.190317e-01
      vertex 7.000000e+00 6.800000e+00 5.990317e-01
      vertex 6.800000e+00 7.000000e+00 5.990317e-01
    endloop
  endfacet
  facet normal 1.000000e+00 0.000000e+00 0.000000e+00
    outer loop
      vertex 3.200000e+00 3.000000e+00 6.190317e-01
      vertex 6.800000e+00 3.000000e+00 6.190317e-01
      vertex 3.000000e+00 3.200000e+00 6.190317e-01
    endloop
  endfacet
  facet normal 1.000000e+00 0.000000e+00 0.000000e+00
    outer loop
      vertex 3.000000e+00 3.200000e+00 6.190317e-01
      vertex 6.800000e+00 3.000000e+00 6.190317e-01
      vertex 7.000000e+00 3.200000e+00 6.190317e-01
    endloop
  endfacet
  facet normal 1.000000e+00 0.000000e+00 0.000000e+00
    outer loop
      vertex 3.000000e+00 3.200000e+00 6.190317e-01
      vertex 7.000000e+00 3.200000e+00 6.190317e-01
      vertex 3.000000e+00 6.800000e+00 6.190317e-01
    endloop
  endfacet
  facet normal 1.000000e+00 0.000000e+00 0.000000e+00
    outer loop
      vertex 3.000000e+00 6.800000e+00 6.190317e-01
      vertex 7.000000e+00 3.200000e+00 6.190317e-01
      vertex 7.000000e+00 6.800000e+00 6.190317e-01
    endloop
  endfacet
  facet normal 1.000000e+00 0.000000e+00 0.000000e+00
    outer loop
      vertex 3.000000e+00 6.800000e+00 6.190317e-01
      vertex 7.000000e+00 6.800000e+00 6.190317e-01
      vertex 3.200000e+00 7.000000e+00 6.190317e-01
    endloop
  endfacet
  facet normal 1.000000e+00 0.000000e+00 0.000000e+00
    outer loop
      vertex 3.200000e+00 7.000000e+00 6.190317e-01
      vertex 7.000000e+00 6.800000e+00 6.190317e-01
      vertex 6.800000e+00 7.000000e+00 6.190317e-01
    endloop
  endfacet
  facet normal -0.000000e+00 0.000000e+00 0.000000e+00
    outer loop
      vertex 6.800000e+00 7.000000e+00 6.190317e-01
      vertex 6.800000e+00 7.000000e+00 5.990317e-01
      vertex 3.200000e+00 7.000000e+00 6.190317e-01
    endloop
  endfacet
  facet normal -0.000000e+00 0.000000e+00 0.000000e+00
    outer loop
      vertex 3.200000e+00 7.000000e+00 6.190317e-01
      vertex 6.800000e+00 7.000000e+00 5.990317e-01
      vertex 3.200000e+00 7.000000e+00 5.990317e-01
    endloop
  endfacet
  facet normal 0.000000e+00 0.000000e+00 0.000000e+00
    outer loop
      vertex 3.200000e+00 7.000000e+00 6.190317e-01
      vertex 3.200000e+00 7.000000e+00 5.990317e-01
      vertex 3.000000e+00 6.800000e+00 6.190317e-01
    endloop
  endfacet
  facet normal 0.000000e+00 0.000000e+00 0.000000e+00
    outer loop
      vertex 3.000000e+00 6.800000e+00 6.190317e-01
      vertex 3.200000e+00 7.000000e+00 5.990317e-01
      vertex 3.000000e+00 6.800000e+00 5.990317e-01
    endloop
  endfacet
  facet normal -0.000000e+00 0.000000e+00 0.000000e+00
    outer loop
      vertex 3.000000e+00 3.200000e+00 5.990317e-01
      vertex 3.000000e+00 3.200000e+00 6.190317e-01
      vertex 3.000000e+00 6.800000e+00 5.990317e-01
    endloop
  endfacet
  facet normal -0.000000e+00 0.000000e+00 0.000000e+00
    outer loop
      vertex 3.000000e+00 6.800000e+00 5.990317e-01
      vertex 3.000000e+00 3.200000e+00 6.190317e-01
      vertex 3.000000e+00 6.800000e+00 6.190317e-01
    endloop
  endfacet
  facet normal -0.000000e+00 0.000000e+00 0.000000e+00
    outer loop
      vertex 7.000000e+00 3.200000e+00 6.190317e-01
      vertex 7.000000e+00 3.200000e+00 5.990317e-01
      vertex 7.000000e+00 6.800000e+00 6.190317e-01
    endloop
  endfacet
  facet normal -0.000000e+00 0.000000e+00 0.000000e+00
    outer loop
      vertex 7.000000e+00 6.800000e+00 6.190317e-01
      vertex 7.000000e+00 3.200000e+00 5.990317e-01
      vertex 7.000000e+00 6.800000e+00 5.990317e-01
    endloop
  endfacet
endsolid Chip:Ground
solid Chip:Chip
  facet normal 1.000000e+00 0.000000e+00 0.000000e+00
    outer loop
      vertex 7.080000e+00 3.200000e+00 6.190317e-01
      vertex 7.080000e+00 6.800000e+00 6.190317e-01
      vertex 7.000000e+00 3.200000e+00 6.190317e-01
    endloop
  endfacet
  facet normal 1.000000e+00 0.000000e+00 0.000000e+00
    outer loop
      vertex 7.000000e+00 3.200000e+00 6.190317e-01
      vertex 7.080000e+00 6.800000e+00 6.190317e-01
      vertex 7.000000e+00 6.800000e+00 6.190317e-01
    endloop
  endfacet
  facet normal 0.000000e+00 0.000000e+00 0.000000e+00
    outer loop
      vertex 7.080000e+00 6.800000e+00 6.190317e-01
      vertex 7.080000e+00 6.800000e+00 5.990317e-01
      vertex 7.000000e+00 6.800000e+00 6.190317e-01
    endloop
  endfacet
  facet normal 0.000000e+00 0.000000e+00 0.000000e+00
    outer loop
      vertex 7.000000e+00 6.800000e+00 6.190317e-01
      vertex 7.080000e+00 6.800000e+00 5.990317e-01
      vertex 7.000000e+00 6.800000e+00 5.990317e-01
    endloop
  endfacet
  facet normal -1.000000e+00 0.000000e+00 0.000000e+00
    outer loop
      vertex 7.080000e+00 6.800000e+00 5.990317e-01
      vertex 7.080000e+00 3.200000e+00 5.990317e-01
      vertex 7.000000e+00 6.800000e+00 5.990317e-01
    endloop
  endfacet
  facet normal -1.000000e+00 0.000000e+00 0.000000e+00
    outer loop
      vertex 7.000000e+00 6.800000e+00 5.990317e-01
      vertex 7.080000e+00 3.200000e+00 5.990317e-01
      vertex 7.000000e+00 3.200000e+00 5.990317e-01
    endloop
  endfacet
  facet normal 0.000000e+00 0.000000e+00 0.000000e+00
    outer loop
      vertex 7.080000e+00 3.200000e+00 5.990317e-01
      vertex 7.080000e+00 3.200000e+00 6.190317e-01
      vertex 7.000000e+00 3.200000e+00 5.990317e-01
    endloop
  endfacet
  facet normal 0.000000e+00 0.000000e+00 0.000000e+00
    outer loop
      vertex 7.000000e+00 3.200000e+00 5.990317e-01
      vertex 7.080000e+00 3.200000e+00 6.190317e-01
      vertex 7.000000e+00 3.200000e+00 6.190317e-01
    endloop
  endfacet
  facet normal -0.000000e+00 0.000000e+00 0.000000e+00
    outer loop
      vertex 7.080000e+00 3.200000e+00 6.190317e-01
      vertex 7.080000e+00 3.200000e+00 5.990317e-01
      vertex 7.080000e+00 6.800000e+00 6.190317e-01
    endloop
  endfacet
  facet normal -0.000000e+00 0.000000e+00 0.000000e+00
    outer loop
      vertex 7.080000e+00 6.800000e+00 6.190317e-01
      vertex 7.080000e+00 3.200000e+00 5.990317e-01
      vertex 7.080000e+00 6.800000e+00 5.990317e-01
    endloop
  endfacet
  facet normal 0.000000e+00 0.000000e+00 0.000000e+00
    outer loop
      vertex 7.000000e+00 3.200000e+00 5.990317e-01
      vertex 7.000000e+00 3.200000e+00 6.190317e-01
      vertex 7.000000e+00 6.800000e+00 5.990317e-01
    endloop
  endfacet
  facet normal 0.000000e+00 0.000000e+00 0.000000e+00
    outer loop
      vertex 7.000000e+00 6.800000e+00 5.990317e-01
      vertex 7.000000e+00 3.200000e+00 6.190317e-01
      vertex 7.000000e+00 6.800000e+00 6.190317e-01
    endloop
  endfacet
endsolid Chip:Chip
solid Substrate:Substrate
  facet normal -1.000000e+00 0.000000e+00 0.000000e+00
    outer loop
      vertex 1.170000e+01 -1.700000e+00 -9.759683e-01
      vertex -1.700000e+00 -1.700000e+00 -9.759683e-01
      vertex 1.170000e+01 1.170000e+01 -9.759683e-01
    endloop
  endfacet
  facet normal -1.000000e+00 0.000000e+00 0.000000e+00
    outer loop
      vertex 1.170000e+01 1.170000e+01 -9.759683e-01
      vertex -1.700000e+00 -1.700000e+00 -9.759683e-01
      vertex -1.700000e+00 1.170000e+01 -9.759683e-01
    endloop
  endfacet
  facet normal 1.000000e+00 0.000000e+00 0.000000e+00
    outer loop
      vertex 1.170000e+01 1.170000e+01 -4.759683e-01
      vertex -1.700000e+00 1.170000e+01 -4.759683e-01
      vertex 1.170000e+01 -1.700000e+00 -4.759683e-01
    endloop
  endfacet
  facet normal 1.000000e+00 0.000000e+00 0.000000e+00
    outer loop
      vertex 1.170000e+01 -1.700000e+00 -4.759683e-01
      vertex -1.700000e+00 1.170000e+01 -4.759683e-01
      vertex -1.700000e+00 -1.700000e+00 -4.759683e-01
    endloop
  endfacet
  facet normal -0.000000e+00 0.000000e+00 0.000000e+00
    outer loop
      vertex -1.700000e+00 1.170000e+01 -9.759683e-01
      vertex -1.700000e+00 1.170000e+01 -4.759683e-01
      vertex 1.170000e+01 1.170000e+01 -9.759683e-01
    endloop
  endfacet
  facet normal -0.000000e+00 0.000000e+00 0.000000e+00
    outer loop
      vertex 1.170000e+01 1.170000e+01 -9.759683e-01
      vertex -1.700000e+00 1.170000e+01 -4.759683e-01
      vertex 1.170000e+01 1.170000e+01 -4.759683e-01
    endloop
  endfacet
  facet normal -0.000000e+00 0.000000e+00 0.000000e+00
    outer loop
      vertex -1.700000e+00 -1.700000e+00 -9.759683e-01
      vertex -1.700000e+00 -1.700000e+00 -4.759683e-01
      vertex -1.700000e+00 1.170000e+01 -9.759683e-01
    endloop
  endfacet
  facet normal -0.000000e+00 0.000000e+00 0.000000e+00
    outer loop
      vertex -1.700000e+00 1.170000e+01 -9.759683e-01
      vertex -1.700000e+00 -1.700000e+00 -4.759683e-01
      vertex -1.700000e+00 1.170000e+01 -4.759683e-01
    endloop
  endfacet
  facet normal -0.000000e+00 0.000000e+00 0.000000e+00
    outer loop
      vertex 1.170000e+01 -1.700000e+00 -9.759683e-01
      vertex 1.170000e+01 -1.700000e+00 -4.759683e-01
      vertex -1.700000e+00 -1.700000e+00 -9.759683e-01
    endloop
  endfacet
  facet normal -0.000000e+00 0.000000e+00 0.000000e+00
    outer loop
      vertex -1.700000e+00 -1.700000e+00 -9.759683e-01
      vertex 1.170000e+01 -1.700000e+00 -4.759683e-01
      vertex -1.700000e+00 -1.700000e+00 -4.759683e-01
    endloop
  endfacet
  facet normal -0.000000e+00 0.000000e+00 0.000000e+00
    outer loop
      vertex 1.170000e+01 1.170000e+01 -9.759683e-01
      vertex 1.170000e+01 1.170000e+01 -4.759683e-01
      vertex 1.170000e+01 -1.700000e+00 -9.759683e-01
    endloop
  endfacet
  facet normal -0.000000e+00 0.000000e+00 0.000000e+00
    outer loop
      vertex 1.170000e+01 -1.700000e+00 -9.759683e-01
      vertex 1.170000e+01 1.170000e+01 -4.759683e-01
      vertex 1.170000e+01 -1.700000e+00 -4.759683e-01
    endloop
  endfacet
endsolid Substrate:Substrate
solid PEC:Pin_1
  facet normal 0.000000e+00 0.000000e+00 -nan
    outer loop
      vertex 5.420000e+00 7.130000e+00 6.990317e-01
      vertex 5.220000e+00 7.130000e+00 6.990317e-01
      vertex 5.420000e+00 7.130000e+00 5.990317e-01
    endloop
  endfacet
  facet normal 0.000000e+00 0.000000e+00 -nan
    outer loop
      vertex 5.420000e+00 7.130000e+00 5.990317e-01
      vertex 5.220000e+00 7.130000e+00 6.990317e-01
      vertex 5.220000e+00 7.130000e+00 5.990317e-01
    endloop
  endfacet
  facet normal -0.000000e+00 4.591074e-41 0.000000e+00
    outer loop
      vertex 5.220000e+00 7.130000e+00 6.990317e-01
      vertex 5.220000e+00 7.230000e+00 6.990317e-01
      vertex 5.220000e+00 7.130000e+00 5.990317e-01
    endloop
  endfacet
  facet normal -0.000000e+00 0.000000e+00 0.000000e+00
    outer loop
      vertex 5.220000e+00 7.130000e+00 5.990317e-01
      vertex 5.220000e+00 7.230000e+00 6.990317e-01
      vertex 5.220000e+00 7.230000e+00 5.990317e-01
    endloop
  endfacet
  facet normal -0.000000e+00 0.000000e+00 0.000000e+00
    outer loop
      vertex 5.420000e+00 7.130000e+00 5.990317e-01
      vertex 5.420000e+00 7.230000e+00 5.990317e-01
      vertex 5.420000e+00 7.130000e+00 6.990317e-01
    endloop
  endfacet
  facet normal -0.000000e+00 1.875000e+00 0.000000e+00
    outer loop
      vertex 5.420000e+00 7.130000e+00 6.990317e-01
      vertex 5.420000e+00 7.230000e+00 5.990317e-01
      vertex 5.420000e+00 7.230000e+00 6.990317e-01
    endloop
  endfacet
  facet normal -0.000000e+00 0.000000e+00 -nan
    outer loop
      vertex 5.420000e+00 7.230000e+00 6.990317e-01
      vertex 5.420000e+00 7.230000e+00 5.990317e-01
      vertex 5.700000e+00 8.800000e+00 6.990317e-01
    endloop
  endfacet
  facet normal -0.000000e+00 0.000000e+00 -nan
    outer loop
      vertex 5.700000e+00 8.800000e+00 6.990317e-01
      vertex 5.420000e+00 7.230000e+00 5.990317e-01
      vertex 5.700000e+00 8.800000e+00 5.990317e-01
    endloop
  endfacet
  facet normal -0.000000e+00 0.000000e+00 -2.362569e+19
    outer loop
      vertex 5.220000e+00 7.230000e+00 5.990317e-01
      vertex 5.220000e+00 7.230000e+00 6.990317e-01
      vertex 5.400000e+00 8.800000e+00 5.990317e-01
    endloop
  endfacet
  facet normal -0.000000e+00 0.000000e+00 0.000000e+00
    outer loop
      vertex 5.400000e+00 8.800000e+00 5.990317e-01
      vertex 5.220000e+00 7.230000e+00 6.990317e-01
      vertex 5.400000e+00 8.800000e+00 6.990317e-01
    endloop
  endfacet
  facet normal 0.000000e+00 0.000000e+00 -nan
    outer loop
      vertex 5.400000e+00 8.950000e+00 1.124032e+00
      vertex 5.400000e+00 8.950000e+00 6.990317e-01
      vertex 5.700000e+00 8.950000e+00 1.124032e+00
    endloop
  endfacet
  facet normal 0.000000e+00 1.875000e+00 0.000000e+00
    outer loop
      vertex 5.700000e+00 8.950000e+00 1.124032e+00
      vertex 5.400000e+00 8.950000e+00 6.990317e-01
      vertex 5.700000e+00 8.950000e+00 6.990317e-01
    endloop
  endfacet
  facet normal 1.000000e+00 5.184804e-43 0.000000e+00
    outer loop
      vertex 5.400000e+00 8.950000e+00 6.990317e-01
      vertex 5.400000e+00 8.800000e+00 6.990317e-01
      vertex 5.700000e+00 8.950000e+00 6.990317e-01
    endloop
  endfacet
  facet normal 1.000000e+00 2.593750e+00 1.592430e+32
    outer loop
      vertex 5.700000e+00 8.950000e+00 6.990317e-01
      vertex 5.400000e+00 8.800000e+00 6.990317e-01
      vertex 5.700000e+00 8.800000e+00 6.990317e-01
    endloop
  endfacet
  facet normal 1.000000e+00 4.591074e-41 0.000000e+00
    outer loop
      vertex 5.700000e+00 8.800000e+00 6.990317e-01
      vertex 5.400000e+00 8.800000e+00 6.990317e-01
      vertex 5.420000e+00 7.230000e+00 6.990317e-01
    endloop
  endfacet
  facet normal 1.000000e+00 1.875000e+00 0.000000e+00
    outer loop
      vertex 5.420000e+00 7.230000e+00 6.990317e-01
      vertex 5.400000e+00 8.800000e+00 6.990317e-01
      vertex 5.220000e+00 7.230000e+00 6.990317e-01
    endloop
  endfacet
  facet normal 1.000000e+00 0.000000e+00 -nan
    outer loop
      vertex 5.420000e+00 7.230000e+00 6.990317e-01
      vertex 5.220000e+00 7.230000e+00 6.990317e-01
      vertex 5.220000e+00 7.130000e+00 6.990317e-01
    endloop
  endfacet
  facet normal 1.000000e+00 0.000000e+00 0.000000e+00
    outer loop
      vertex 5.220000e+00 7.130000e+00 6.990317e-01
      vertex 5.420000e+00 7.130000e+00 6.990317e-01
      vertex 5.420000e+00 7.230000e+00 6.990317e-01
    endloop
  endfacet
  facet normal -1.000000e+00 0.000000e+00 -7.793197e+11
    outer loop
      vertex 5.400000e+00 9.050000e+00 5.990317e-01
      vertex 5.700000e+00 8.800000e+00 5.990317e-01
      vertex 5.400000e+00 8.800000e+00 5.990317e-01
    endloop
  endfacet
  facet normal -1.000000e+00 -1.859948e+00 3.013406e+07
    outer loop
      vertex 5.400000e+00 8.800000e+00 5.990317e-01
      vertex 5.700000e+00 8.800000e+00 5.990317e-01
      vertex 5.420000e+00 7.230000e+00 5.990317e-01
    endloop
  endfacet
  facet normal -1.000000e+00 0.000000e+00 -nan
    outer loop
      vertex 5.400000e+00 8.800000e+00 5.990317e-01
      vertex 5.420000e+00 7.230000e+00 5.990317e-01
      vertex 5.220000e+00 7.230000e+00 5.990317e-01
    endloop
  endfacet
  facet normal -1.000000e+00 4.591074e-41 0.000000e+00
    outer loop
      vertex 5.220000e+00 7.230000e+00 5.990317e-01
      vertex 5.420000e+00 7.230000e+00 5.990317e-01
      vertex 5.420000e+00 7.130000e+00 5.990317e-01
    endloop
  endfacet
  facet normal -1.000000e+00 0.000000e+00 -2.362105e+19
    outer loop
      vertex 5.220000e+00 7.230000e+00 5.990317e-01
      vertex 5.420000e+00 7.130000e+00 5.990317e-01
      vertex 5.220000e+00 7.130000e+00 5.990317e-01
    endloop
  endfacet
  facet normal -1.000000e+00 0.000000e+00 -nan
    outer loop
      vertex 5.400000e+00 9.050000e+00 5.990317e-01
      vertex 5.700000e+00 9.050000e+00 5.990317e-01
      vertex 5.700000e+00 8.800000e+00 5.990317e-01
    endloop
  endfacet
  facet normal 0.000000e+00 0.000000e+00 -nan
    outer loop
      vertex 5.400000e+00 9.050000e+00 5.990317e-01
      vertex 5.400000e+00 9.050000e+00 1.024032e+00
      vertex 5.700000e+00 9.050000e+00 5.990317e-01
    endloop
  endfacet
  facet normal 0.000000e+00 5.184804e-43 -1.507778e+11
    outer loop
      vertex 5.700000e+00 9.050000e+00 5.990317e-01
      vertex 5.400000e+00 9.050000e+00 1.024032e+00
      vertex 5.700000e+00 9.050000e+00 1.024032e+00
    endloop
  endfacet
  facet normal 1.000000e+00 6.165713e-44 -nan
    outer loop
      vertex 5.700000e+00 8.950000e+00 1.124032e+00
      vertex 5.700000e+00 1.030000e+01 1.124032e+00
      vertex 5.400000e+00 8.950000e+00 1.124032e+00
    endloop
  endfacet
  facet normal 1.000000e+00 1.875000e+00 -1.195939e-19
    outer loop
      vertex 5.400000e+00 8.950000e+00 1.124032e+00
      vertex 5.700000e+00 1.030000e+01 1.124032e+00
      vertex 5.400000e+00 1.030000e+01 1.124032e+00
    endloop
  endfacet
  facet normal 9.486833e-01 1.875000e+00 2.108284e+27
    outer loop
      vertex 5.700000e+00 1.030000e+01 1.124032e+00
      vertex 5.700000e+00 1.060000e+01 1.024032e+00
      vertex 5.400000e+00 1.030000e+01 1.124032e+00
    endloop
  endfacet
  facet normal 9.486833e-01 0.000000e+00 0.000000e+00
    outer loop
      vertex 5.400000e+00 1.030000e+01 1.124032e+00
      vertex 5.700000e+00 1.060000e+01 1.024032e+00
      vertex 5.400000e+00 1.060000e+01 1.024032e+00
    endloop
  endfacet
  facet normal 7.124705e-02 4.591074e-41 0.000000e+00
    outer loop
      vertex 5.700000e+00 1.060000e+01 1.024032e+00
      vertex 5.700000e+00 1.070000e+01 -3.759683e-01
      vertex 5.400000e+00 1.060000e+01 1.024032e+00
    endloop
  endfacet
  facet normal 7.124705e-02 0.000000e+00 -nan
    outer loop
      vertex 5.400000e+00 1.060000e+01 1.024032e+00
      vertex 5.700000e+00 1.070000e+01 -3.759683e-01
      vertex 5.400000e+00 1.070000e+01 -3.759683e-01
    endloop
  endfacet
  facet normal 1.000000e+00 5.184804e-43 0.000000e+00
    outer loop
      vertex 5.700000e+00 1.070000e+01 -3.759683e-01
      vertex 5.700000e+00 1.100000e+01 -3.759683e-01
      vertex 5.400000e+00 1.070000e+01 -3.759683e-01
    endloop
  endfacet
  facet normal 1.000000e+00 5.184804e-43 0.000000e+00
    outer loop
      vertex 5.400000e+00 1.070000e+01 -3.759683e-01
      vertex 5.700000e+00 1.100000e+01 -3.759683e-01
      vertex 5.400000e+00 1.100000e+01 -3.759683e-01
    endloop
  endfacet
  facet normal 0.000000e+00 1.875000e+00 2.108285e+27
    outer loop
      vertex 5.700000e+00 1.100000e+01 -3.759683e-01
      vertex 5.700000e+00 1.100000e+01 -4.759683e-01
      vertex 5.400000e+00 1.100000e+01 -3.759683e-01
    endloop
  endfacet
  facet normal 0.000000e+00 2.445625e+00 2.946295e+34
    outer loop
      vertex 5.400000e+00 1.100000e+01 -3.759683e-01
      vertex 5.700000e+00 1.100000e+01 -4.759683e-01
      vertex 5.400000e+00 1.100000e+01 -4.759683e-01
    endloop
  endfacet
  facet normal -1.000000e+00 4.203895e-45 -2.398993e+11
    outer loop
      vertex 5.700000e+00 1.100000e+01 -4.759683e-01
      vertex 5.700000e+00 1.060000e+01 -4.759683e-01
      vertex 5.400000e+00 1.100000e+01 -4.759683e-01
    endloop
  endfacet
  facet normal -1.000000e+00 2.593750e+00 -6.351231e+16
    outer loop
      vertex 5.400000e+00 1.100000e+01 -4.759683e-01
      vertex 5.700000e+00 1.060000e+01 -4.759683e-01
      vertex 5.400000e+00 1.060000e+01 -4.759683e-01
    endloop
  endfacet
  facet normal -7.024856e-02 1.875000e+00 0.000000e+00
    outer loop
      vertex 5.700000e+00 1.060000e+01 -4.759683e-01
      vertex 5.700000e+00 1.050000e+01 9.440317e-01
      vertex 5.400000e+00 1.060000e+01 -4.759683e-01
    endloop
  endfacet
  facet normal -7.024856e-02 0.000000e+00 -2.350751e+19
    outer loop
      vertex 5.400000e+00 1.060000e+01 -4.759683e-01
      vertex 5.700000e+00 1.050000e+01 9.440317e-01
      vertex 5.400000e+00 1.050000e+01 9.440317e-01
    endloop
  endfacet
  facet normal -9.397934e-01 1.875000e+00 0.000000e+00
    outer loop
      vertex 5.700000e+00 1.050000e+01 9.440317e-01
      vertex 5.700000e+00 1.028000e+01 1.024032e+00
      vertex 5.400000e+00 1.050000e+01 9.440317e-01
    endloop
  endfacet
  facet normal -9.397934e-01 4.591074e-41 0.000000e+00
    outer loop
      vertex 5.400000e+00 1.050000e+01 9.440317e-01
      vertex 5.700000e+00 1.028000e+01 1.024032e+00
      vertex 5.400000e+00 1.028000e+01 1.024032e+00
    endloop
  endfacet
  facet normal -1.000000e+00 4.591074e-41 0.000000e+00
    outer loop
      vertex 5.700000e+00 1.028000e+01 1.024032e+00
      vertex 5.700000e+00 9.050000e+00 1.024032e+00
      vertex 5.400000e+00 1.028000e+01 1.024032e+00
    endloop
  endfacet
  facet normal -1.000000e+00 2.525000e+00 -1.653998e-12
    outer loop
      vertex 5.400000e+00 1.028000e+01 1.024032e+00
      vertex 5.700000e+00 9.050000e+00 1.024032e+00
      vertex 5.400000e+00 9.050000e+00 1.024032e+00
    endloop
  endfacet
  facet normal 1.502787e-31 2.525000e+00 2.946295e+34
    outer loop
      vertex 5.700000e+00 8.950000e+00 1.124032e+00
      vertex 5.700000e+00 9.050000e+00 1.024032e+00
      vertex 5.700000e+00 1.030000e+01 1.124032e+00
    endloop
  endfacet
  facet normal 1.502787e-31 0.000000e+00 -2.303246e+19
    outer loop
      vertex 5.700000e+00 1.030000e+01 1.124032e+00
      vertex 5.700000e+00 9.050000e+00 1.024032e+00
      vertex 5.700000e+00 1.028000e+01 1.024032e+00
    endloop
  endfacet
  facet normal 1.502787e-31 0.000000e+00 -nan
    outer loop
      vertex 5.700000e+00 1.030000e+01 1.124032e+00
      vertex 5.700000e+00 1.028000e+01 1.024032e+00
      vertex 5.700000e+00 1.050000e+01 9.440317e-01
    endloop
  endfacet
  facet normal 1.502787e-31 5.184804e-43 -nan
    outer loop
      vertex 5.700000e+00 8.950000e+00 1.124032e+00
      vertex 5.700000e+00 8.950000e+00 6.990317e-01
      vertex 5.700000e+00 9.050000e+00 1.024032e+00
    endloop
  endfacet
  facet normal 1.502787e-31 1.875000e+00 -5.635714e-32
    outer loop
      vertex 5.700000e+00 9.050000e+00 1.024032e+00
      vertex 5.700000e+00 8.950000e+00 6.990317e-01
      vertex 5.700000e+00 9.050000e+00 5.990317e-01
    endloop
  endfacet
  facet normal 1.502787e-31 1.875000e+00 0.000000e+00
    outer loop
      vertex 5.700000e+00 8.800000e+00 6.990317e-01
      vertex 5.700000e+00 8.800000e+00 5.990317e-01
      vertex 5.700000e+00 8.950000e+00 6.990317e-01
    endloop
  endfacet
  facet normal 1.502787e-31 0.000000e+00 -nan
    outer loop
      vertex 5.700000e+00 8.950000e+00 6.990317e-01
      vertex 5.700000e+00 8.800000e+00 5.990317e-01
      vertex 5.700000e+00 9.050000e+00 5.990317e-01
    endloop
  endfacet
  facet normal 1.502787e-31 0.000000e+00 -4.153781e+11
    outer loop
      vertex 5.700000e+00 1.060000e+01 -4.759683e-01
      vertex 5.700000e+00 1.070000e+01 -3.759683e-01
      vertex 5.700000e+00 1.050000e+01 9.440317e-01
    endloop
  endfacet
  facet normal 1.502787e-31 0.000000e+00 0.000000e+00
    outer loop
      vertex 5.700000e+00 1.050000e+01 9.440317e-01
      vertex 5.700000e+00 1.070000e+01 -3.759683e-01
      vertex 5.700000e+00 1.060000e+01 1.024032e+00
    endloop
  endfacet
  facet normal 1.502787e-31 4.591074e-41 0.000000e+00
    outer loop
      vertex 5.700000e+00 1.050000e+01 9.440317e-01
      vertex 5.700000e+00 1.060000e+01 1.024032e+00
      vertex 5.700000e+00 1.030000e+01 1.124032e+00
    endloop
  endfacet
  facet normal 1.502787e-31 0.000000e+00 -2.353776e+19
    outer loop
      vertex 5.700000e+00 1.060000e+01 -4.759683e-01
      vertex 5.700000e+00 1.100000e+01 -4.759683e-01
      vertex 5.700000e+00 1.070000e+01 -3.759683e-01
    endloop
  endfacet
  facet normal 1.502787e-31 1.875000e+00 3.181295e-04
    outer loop
      vertex 5.700000e+00 1.070000e+01 -3.759683e-01
      vertex 5.700000e+00 1.100000e+01 -4.759683e-01
      vertex 5.700000e+00 1.100000e+01 -3.759683e-01
    endloop
  endfacet
  facet normal -1.502787e-31 0.000000e+00 0.000000e+00
    outer loop
      vertex 5.400000e+00 8.950000e+00 6.990317e-01
      vertex 5.400000e+00 8.950000e+00 1.124032e+00
      vertex 5.400000e+00 9.050000e+00 1.024032e+00
    endloop
  endfacet
  facet normal -1.502787e-31 1.875000e+00 0.000000e+00
    outer loop
      vertex 5.400000e+00 9.050000e+00 1.024032e+00
      vertex 5.400000e+00 8.950000e+00 1.124032e+00
      vertex 5.400000e+00 1.030000e+01 1.124032e+00
    endloop
  endfacet
  facet normal -1.502787e-31 0.000000e+00 0.000000e+00
    outer loop
      vertex 5.400000e+00 9.050000e+00 1.024032e+00
      vertex 5.400000e+00 1.030000e+01 1.124032e+00
      vertex 5.400000e+00 1.028000e+01 1.024032e+00
    endloop
  endfacet
  facet normal -1.502787e-31 2.451875e+00 6.537431e-28
    outer loop
      vertex 5.400000e+00 1.028000e+01 1.024032e+00
      vertex 5.400000e+00 1.030000e+01 1.124032e+00
      vertex 5.400000e+00 1.050000e+01 9.440317e-01
    endloop
  endfacet
  facet normal -1.502787e-31 0.000000e+00 0.000000e+00
    outer loop
      vertex 5.400000e+00 1.030000e+01 1.124032e+00
      vertex 5.400000e+00 1.060000e+01 1.024032e+00
      vertex 5.400000e+00 1.050000e+01 9.440317e-01
    endloop
  endfacet
  facet normal -1.502787e-31 9.642881e-39 -3.917531e+11
    outer loop
      vertex 5.400000e+00 1.050000e+01 9.440317e-01
      vertex 5.400000e+00 1.060000e+01 1.024032e+00
      vertex 5.400000e+00 1.070000e+01 -3.759683e-01
    endloop
  endfacet
  facet normal -1.502787e-31 0.000000e+00 -nan
    outer loop
      vertex 5.400000e+00 1.050000e+01 9.440317e-01
      vertex 5.400000e+00 1.070000e+01 -3.759683e-01
      vertex 5.400000e+00 1.060000e+01 -4.759683e-01
    endloop
  endfacet
  facet normal -1.502787e-31 5.184804e-43 0.000000e+00
    outer loop
      vertex 5.400000e+00 1.060000e+01 -4.759683e-01
      vertex 5.400000e+00 1.070000e+01 -3.759683e-01
      vertex 5.400000e+00 1.100000e+01 -4.759683e-01
    endloop
  endfacet
  facet normal -1.502787e-31 0.000000e+00 -2.299339e+19
    outer loop
      vertex 5.400000e+00 1.070000e+01 -3.759683e-01
      vertex 5.400000e+00 1.100000e+01 -3.759683e-01
      vertex 5.400000e+00 1.100000e+01 -4.759683e-01
    endloop
  endfacet
  facet normal -1.502787e-31 1.875000e+00 0.000000e+00
    outer loop
      vertex 5.400000e+00 9.050000e+00 1.024032e+00
      vertex 5.400000e+00 9.050000e+00 5.990317e-01
      vertex 5.400000e+00 8.950000e+00 6.990317e-01
    endloop
  endfacet
  facet normal -1.502787e-31 5.184804e-43 0.000000e+00
    outer loop
      vertex 5.400000e+00 8.950000e+00 6.990317e-01
      vertex 5.400000e+00 9.050000e+00 5.990317e-01
      vertex 5.400000e+00 8.800000e+00 5.990317e-01
    endloop
  endfacet
  facet normal -1.502787e-31 1.875000e+00 2.108285e+27
    outer loop
      vertex 5.400000e+00 8.950000e+00 6.990317e-01
      vertex 5.400000e+00 8.800000e+00 5.990317e-01
      vertex 5.400000e+00 8.800000e+00 6.990317e-01
    endloop
  endfacet
endsolid PEC:Pin_1
solid PEC:Pin_2
  facet normal 0.000000e+00 2.581250e+00 -6.351229e+16
    outer loop
      vertex 5.740000e+00 7.130000e+00 6.990317e-01
      vertex 5.540000e+00 7.130000e+00 6.990317e-01
      vertex 5.740000e+00 7.130000e+00 5.990317e-01
    endloop
  endfacet
  facet normal 0.000000e+00 2.593750e+00 1.592430e+32
    outer loop
      vertex 5.740000e+00 7.130000e+00 5.990317e-01
      vertex 5.540000e+00 7.130000e+00 6.990317e-01
      vertex 5.540000e+00 7.130000e+00 5.990317e-01
    endloop
  endfacet
  facet normal -0.000000e+00 1.875000e+00 0.000000e+00
    outer loop
      vertex 5.540000e+00 7.130000e+00 6.990317e-01
      vertex 5.540000e+00 7.230000e+00 6.990317e-01
      vertex 5.540000e+00 7.130000e+00 5.990317e-01
    endloop
  endfacet
  facet normal -0.000000e+00 0.000000e+00 -nan
    outer loop
      vertex 5.540000e+00 7.130000e+00 5.990317e-01
      vertex 5.540000e+00 7.230000e+00 6.990317e-01
      vertex 5.540000e+00 7.230000e+00 5.990317e-01
    endloop
  endfacet
  facet normal -0.000000e+00 0.000000e+00 -nan
    outer loop
      vertex 5.740000e+00 7.130000e+00 5.990317e-01
      vertex 5.740000e+00 7.230000e+00 5.990317e-01
      vertex 5.740000e+00 7.130000e+00 6.990317e-01
    endloop
  endfacet
  facet normal -0.000000e+00 0.000000e+00 -nan
    outer loop
      vertex 5.740000e+00 7.130000e+00 6.990317e-01
      vertex 5.740000e+00 7.230000e+00 5.990317e-01
      vertex 5.740000e+00 7.230000e+00 6.990317e-01
    endloop
  endfacet
  facet normal -0.000000e+00 1.875000e+00 3.561938e-31
    outer loop
      vertex 5.740000e+00 7.230000e+00 6.990317e-01
      vertex 5.740000e+00 7.230000e+00 5.990317e-01
      vertex 6.250000e+00 8.800000e+00 6.990317e-01
    endloop
  endfacet
  facet normal -0.000000e+00 0.000000e+00 -nan
    outer loop
      vertex 6.250000e+00 8.800000e+00 6.990317e-01
      vertex 5.740000e+00 7.230000e+00 5.990317e-01
      vertex 6.250000e+00 8.800000e+00 5.990317e-01
    endloop
  endfacet
  facet normal -0.000000e+00 5.184804e-43 0.000000e+00
    outer loop
      vertex 5.540000e+00 7.230000e+00 5.990317e-01
      vertex 5.540000e+00 7.230000e+00 6.990317e-01
      vertex 5.950000e+00 8.800000e+00 5.990317e-01
    endloop
  endfacet
  facet normal -0.000000e+00 0.000000e+00 0.000000e+00
    outer loop
      vertex 5.950000e+00 8.800000e+00 5.990317e-01
      vertex 5.540000e+00 7.230000e+00 6.990317e-01
      vertex 5.950000e+00 8.800000e+00 6.990317e-01
    endloop
  endfacet
  facet normal 0.000000e+00 2.525000e+00 -1.653998e-12
    outer loop
      vertex 5.950000e+00 8.950000e+00 1.124032e+00
      vertex 5.950000e+00 8.950000e+00 6.990317e-01
      vertex 6.250000e+00 8.950000e+00 1.124032e+00
    endloop
  endfacet
  facet normal 0.000000e+00 1.875000e+00 3.181296e-04
    outer loop
      vertex 6.250000e+00 8.950000e+00 1.124032e+00
      vertex 5.950000e+00 8.950000e+00 6.990317e-01
      vertex 6.250000e+00 8.950000e+00 6.990317e-01
    endloop
  endfacet
  facet normal 1.000000e+00 0.000000e+00 -nan
    outer loop
      vertex 5.950000e+00 8.950000e+00 6.990317e-01
      vertex 5.950000e+00 8.800000e+00 6.990317e-01
      vertex 6.250000e+00 8.950000e+00 6.990317e-01
    endloop
  endfacet
  facet normal 1.000000e+00 5.184804e-43 0.000000e+00
    outer loop
      vertex 6.250000e+00 8.950000e+00 6.990317e-01
      vertex 5.950000e+00 8.800000e+00 6.990317e-01
      vertex 6.250000e+00 8.800000e+00 6.990317e-01
    endloop
  endfacet
  facet normal 1.000000e+00 0.000000e+00 -1.277855e+14
    outer loop
      vertex 6.250000e+00 8.800000e+00 6.990317e-01
      vertex 5.950000e+00 8.800000e+00 6.990317e-01
      vertex 5.740000e+00 7.230000e+00 6.990317e-01
    endloop
  endfacet
  facet normal 1.000000e+00 5.184804e-43 0.000000e+00
    outer loop
      vertex 5.740000e+00 7.230000e+00 6.990317e-01
      vertex 5.950000e+00 8.800000e+00 6.990317e-01
      vertex 5.540000e+00 7.230000e+00 6.990317e-01
    endloop
  endfacet
  facet normal 1.000000e+00 0.000000e+00 -5.944225e+10
    outer loop
      vertex 5.740000e+00 7.230000e+00 6.990317e-01
      vertex 5.540000e+00 7.230000e+00 6.990317e-01
      vertex 5.540000e+00 7.130000e+00 6.990317e-01
    endloop
  endfacet
  facet normal 1.000000e+00 0.000000e+00 0.000000e+00
    outer loop
      vertex 5.540000e+00 7.130000e+00 6.990317e-01
      vertex 5.740000e+00 7.130000e+00 6.990317e-01
      vertex 5.740000e+00 7.230000e+00 6.990317e-01
    endloop
  endfacet
  facet normal -1.000000e+00 4.591074e-41 0.000000e+00
    outer loop
      vertex 5.950000e+00 9.050000e+00 5.990317e-01
      vertex 6.250000e+00 8.800000e+00 5.990317e-01
      vertex 5.950000e+00 8.800000e+00 5.990317e-01
    endloop
  endfacet
  facet normal -1.000000e+00 4.591074e-41 0.000000e+00
    outer loop
      vertex 5.950000e+00 8.800000e+00 5.990317e-01
      vertex 6.250000e+00 8.800000e+00 5.990317e-01
      vertex 5.740000e+00 7.230000e+00 5.990317e-01
    endloop
  endfacet
  facet normal -1.000000e+00 1.875000e+00 2.108285e+27
    outer loop
      vertex 5.950000e+00 8.800000e+00 5.990317e-01
      vertex 5.740000e+00 7.230000e+00 5.990317e-01
      vertex 5.540000e+00 7.230000e+00 5.990317e-01
    endloop
  endfacet
  facet normal -1.000000e+00 0.000000e+00 -2.358058e+19
    outer loop
      vertex 5.540000e+00 7.230000e+00 5.990317e-01
      vertex 5.740000e+00 7.230000e+00 5.990317e-01
      vertex 5.740000e+00 7.130000e+00 5.990317e-01
    endloop
  endfacet
  facet normal -1.000000e+00 0.000000e+00 0.000000e+00
    outer loop
      vertex 5.540000e+00 7.230000e+00 5.990317e-01
      vertex 5.740000e+00 7.130000e+00 5.990317e-01
      vertex 5.540000e+00 7.130000e+00 5.990317e-01
    endloop
  endfacet
  facet normal -1.000000e+00 0.000000e+00 -nan
    outer loop
      vertex 5.950000e+00 9.050000e+00 5.990317e-01
      vertex 6.250000e+00 9.050000e+00 5.990317e-01
      vertex 6.250000e+00 8.800000e+00 5.990317e-01
    endloop
  endfacet
  facet normal 0.000000e+00 1.875000e+00 0.000000e+00
    outer loop
      vertex 5.950000e+00 9.050000e+00 5.990317e-01
      vertex 5.950000e+00 9.050000e+00 1.024032e+00
      vertex 6.250000e+00 9.050000e+00 5.990317e-01
    endloop
  endfacet
  facet normal 0.000000e+00 1.875000e+00 0.000000e+00
    outer loop
      vertex 6.250000e+00 9.050000e+00 5.990317e-01
      vertex 5.950000e+00 9.050000e+00 1.024032e+00
      vertex 6.250000e+00 9.050000e+00 1.024032e+00
    endloop
  endfacet
  facet normal 1.000000e+00 0.000000e+00 0.000000e+00
    outer loop
      vertex 6.250000e+00 8.950000e+00 1.124032e+00
      vertex 6.250000e+00 1.030000e+01 1.124032e+00
      vertex 5.950000e+00 8.950000e+00 1.124032e+00
    endloop
  endfacet
  facet normal 1.000000e+00 4.591074e-41 0.000000e+00
    outer loop
      vertex 5.950000e+00 8.950000e+00 1.124032e+00
      vertex 6.250000e+00 1.030000e+01 1.124032e+00
      vertex 5.950000e+00 1.030000e+01 1.124032e+00
    endloop
  endfacet
  facet normal 9.486833e-01 5.184804e-43 0.000000e+00
    outer loop
      vertex 6.250000e+00 1.030000e+01 1.124032e+00
      vertex 6.250000e+00 1.060000e+01 1.024032e+00
      vertex 5.950000e+00 1.030000e+01 1.124032e+00
    endloop
  endfacet
  facet normal 9.486833e-01 2.525000e+00 -1.653998e-12
    outer loop
      vertex 5.950000e+00 1.030000e+01 1.124032e+00
      vertex 6.250000e+00 1.060000e+01 1.024032e+00
      vertex 5.950000e+00 1.060000e+01 1.024032e+00
    endloop
  endfacet
  facet normal 7.124705e-02 5.184804e-43 0.000000e+00
    outer loop
      vertex 6.250000e+00 1.060000e+01 1.024032e+00
      vertex 6.250000e+00 1.070000e+01 -3.759683e-01
      vertex 5.950000e+00 1.060000e+01 1.024032e+00
    endloop
  endfacet
  facet normal 7.124705e-02 0.000000e+00 -1.070762e+11
    outer loop
      vertex 5.950000e+00 1.060000e+01 1.024032e+00
      vertex 6.250000e+00 1.070000e+01 -3.759683e-01
      vertex 5.950000e+00 1.070000e+01 -3.759683e-01
    endloop
  endfacet
  facet normal 1.000000e+00 5.184804e-43 0.000000e+00
    outer loop
      vertex 6.250000e+00 1.070000e+01 -3.759683e-01
      vertex 6.250000e+00 1.100000e+01 -3.759683e-01
      vertex 5.950000e+00 1.070000e+01 -3.759683e-01
    endloop
  endfacet
  facet normal 1.000000e+00 4.591074e-41 0.000000e+00
    outer loop
      vertex 5.950000e+00 1.070000e+01 -3.759683e-01
      vertex 6.250000e+00 1.100000e+01 -3.759683e-01
      vertex 5.950000e+00 1.100000e+01 -3.759683e-01
    endloop
  endfacet
  facet normal 0.000000e+00 1.875000e+00 0.000000e+00
    outer loop
      vertex 6.250000e+00 1.100000e+01 -3.759683e-01
      vertex 6.250000e+00 1.100000e+01 -4.759683e-01
      vertex 5.950000e+00 1.100000e+01 -3.759683e-01
    endloop
  endfacet
  facet normal 0.000000e+00 0.000000e+00 0.000000e+00
    outer loop
      vertex 5.950000e+00 1.100000e+01 -3.759683e-01
      vertex 6.250000e+00 1.100000e+01 -4.759683e-01
      vertex 5.950000e+00 1.100000e+01 -4.759683e-01
    endloop
  endfacet
  facet normal -1.000000e+00 0.000000e+00 -2.361580e+19
    outer loop
      vertex 6.250000e+00 1.100000e+01 -4.759683e-01
      vertex 6.250000e+00 1.060000e+01 -4.759683e-01
      vertex 5.950000e+00 1.100000e+01 -4.759683e-01
    endloop
  endfacet
  facet normal -1.000000e+00 0.000000e+00 -nan
    outer loop
      vertex 5.950000e+00 1.100000e+01 -4.759683e-01
      vertex 6.250000e+00 1.060000e+01 -4.759683e-01
      vertex 5.950000e+00 1.060000e+01 -4.759683e-01
    endloop
  endfacet
  facet normal -7.024856e-02 2.445625e+00 6.537431e-28
    outer loop
      vertex 6.250000e+00 1.060000e+01 -4.759683e-01
      vertex 6.250000e+00 1.050000e+01 9.440317e-01
      vertex 5.950000e+00 1.060000e+01 -4.759683e-01
    endloop
  endfacet
  facet normal -7.024856e-02 0.000000e+00 -nan
    outer loop
      vertex 5.950000e+00 1.060000e+01 -4.759683e-01
      vertex 6.250000e+00 1.050000e+01 9.440317e-01
      vertex 5.950000e+00 1.050000e+01 9.440317e-01
    endloop
  endfacet
  facet normal -9.397934e-01 0.000000e+00 -9.687494e+10
    outer loop
      vertex 6.250000e+00 1.050000e+01 9.440317e-01
      vertex 6.250000e+00 1.028000e+01 1.024032e+00
      vertex 5.950000e+00 1.050000e+01 9.440317e-01
    endloop
  endfacet
  facet normal -9.397934e-01 0.000000e+00 -8.265703e+11
    outer loop
      vertex 5.950000e+00 1.050000e+01 9.440317e-01
      vertex 6.250000e+00 1.028000e+01 1.024032e+00
      vertex 5.950000e+00 1.028000e+01 1.024032e+00
    endloop
  endfacet
  facet normal -1.000000e+00 0.000000e+00 -1.566632e+10
    outer loop
      vertex 6.250000e+00 1.028000e+01 1.024032e+00
      vertex 6.250000e+00 9.050000e+00 1.024032e+00
      vertex 5.950000e+00 1.028000e+01 1.024032e+00
    endloop
  endfacet
  facet normal -1.000000e+00 1.875000e+00 2.122319e-10
    outer loop
      vertex 5.950000e+00 1.028000e+01 1.024032e+00
      vertex 6.250000e+00 9.050000e+00 1.024032e+00
      vertex 5.950000e+00 9.050000e+00 1.024032e+00
    endloop
  endfacet
  facet normal 1.502787e-31 2.532812e+00 2.946295e+34
    outer loop
      vertex 6.250000e+00 8.950000e+00 1.124032e+00
      vertex 6.250000e+00 9.050000e+00 1.024032e+00
      vertex 6.250000e+00 1.030000e+01 1.124032e+00
    endloop
  endfacet
  facet normal 1.502787e-31 0.000000e+00 -nan
    outer loop
      vertex 6.250000e+00 1.030000e+01 1.124032e+00
      vertex 6.250000e+00 9.050000e+00 1.024032e+00
      vertex 6.250000e+00 1.028000e+01 1.024032e+00
    endloop
  endfacet
  facet normal 1.502787e-31 1.875000e+00 3.181296e-04
    outer loop
      vertex 6.250000e+00 1.030000e+01 1.124032e+00
      vertex 6.250000e+00 1.028000e+01 1.024032e+00
      vertex 6.250000e+00 1.050000e+01 9.440317e-01
    endloop
  endfacet
  facet normal 1.502787e-31 -1.390497e+00 3.896878e-35
    outer loop
      vertex 6.250000e+00 8.950000e+00 1.124032e+00
      vertex 6.250000e+00 8.950000e+00 6.990317e-01
      vertex 6.250000e+00 9.050000e+00 1.024032e+00
    endloop
  endfacet
  facet normal 1.502787e-31 0.000000e+00 -nan
    outer loop
      vertex 6.250000e+00 9.050000e+00 1.024032e+00
      vertex 6.250000e+00 8.950000e+00 6.990317e-01
      vertex 6.250000e+00 9.050000e+00 5.990317e-01
    endloop
  endfacet
  facet normal 1.502787e-31 2.529687e+00 -1.653998e-12
    outer loop
      vertex 6.250000e+00 8.800000e+00 6.990317e-01
      vertex 6.250000e+00 8.800000e+00 5.990317e-01
      vertex 6.250000e+00 8.950000e+00 6.990317e-01
    endloop
  endfacet
  facet normal 1.502787e-31 5.184804e-43 0.000000e+00
    outer loop
      vertex 6.250000e+00 8.950000e+00 6.990317e-01
      vertex 6.250000e+00 8.800000e+00 5.990317e-01
      vertex 6.250000e+00 9.050000e+00 5.990317e-01
    endloop
  endfacet
  facet normal 1.502787e-31 0.000000e+00 0.000000e+00
    outer loop
      vertex 6.250000e+00 1.060000e+01 -4.759683e-01
      vertex 6.250000e+00 1.070000e+01 -3.759683e-01
      vertex 6.250000e+00 1.050000e+01 9.440317e-01
    endloop
  endfacet
  facet normal 1.502787e-31 1.875000e+00 3.181295e-04
    outer loop
      vertex 6.250000e+00 1.050000e+01 9.440317e-01
      vertex 6.250000e+00 1.070000e+01 -3.759683e-01
      vertex 6.250000e+00 1.060000e+01 1.024032e+00
    endloop
  endfacet
  facet normal 1.502787e-31 0.000000e+00 -2.377964e+19
    outer loop
      vertex 6.250000e+00 1.050000e+01 9.440317e-01
      vertex 6.250000e+00 1.060000e+01 1.024032e+00
      vertex 6.250000e+00 1.030000e+01 1.124032e+00
    endloop
  endfacet
  facet normal 1.502787e-31 0.000000e+00 -2.380634e+19
    outer loop
      vertex 6.250000e+00 1.060000e+01 -4.759683e-01
      vertex 6.250000e+00 1.100000e+01 -4.759683e-01
      vertex 6.250000e+00 1.070000e+01 -3.759683e-01
    endloop
  endfacet
  facet normal 1.502787e-31 0.000000e+00 -2.985660e+10
    outer loop
      vertex 6.250000e+00 1.070000e+01 -3.759683e-01
      vertex 6.250000e+00 1.100000e+01 -4.759683e-01
      vertex 6.250000e+00 1.100000e+01 -3.759683e-01
    endloop
  endfacet
  facet normal -1.502787e-31 0.000000e+00 -1.979015e+10
    outer loop
      vertex 5.950000e+00 8.950000e+00 6.990317e-01
      vertex 5.950000e+00 8.950000e+00 1.124032e+00
      vertex 5.950000e+00 9.050000e+00 1.024032e+00
    endloop
  endfacet
  facet normal -1.502787e-31 -1.875000e+00 0.000000e+00
    outer loop
      vertex 5.950000e+00 9.050000e+00 1.024032e+00
      vertex 5.950000e+00 8.950000e+00 1.124032e+00
      vertex 5.950000e+00 1.030000e+01 1.124032e+00
    endloop
  endfacet
  facet normal -1.502787e-31 5.184804e-43 0.000000e+00
    outer loop
      vertex 5.950000e+00 9.050000e+00 1.024032e+00
      vertex 5.950000e+00 1.030000e+01 1.124032e+00
      vertex 5.950000e+00 1.028000e+01 1.024032e+00
    endloop
  endfacet
  facet normal -1.502787e-31 1.875000e+00 0.000000e+00
    outer loop
      vertex 5.950000e+00 1.028000e+01 1.024032e+00
      vertex 5.950000e+00 1.030000e+01 1.124032e+00
      vertex 5.950000e+00 1.050000e+01 9.440317e-01
    endloop
  endfacet
  facet normal -1.502787e-31 0.000000e+00 0.000000e+00
    outer loop
      vertex 5.950000e+00 1.030000e+01 1.124032e+00
      vertex 5.950000e+00 1.060000e+01 1.024032e+00
      vertex 5.950000e+00 1.050000e+01 9.440317e-01
    endloop
  endfacet
  facet normal -1.502787e-31 1.875000e+00 2.108285e+27
    outer loop
      vertex 5.950000e+00 1.050000e+01 9.440317e-01
      vertex 5.950000e+00 1.060000e+01 1.024032e+00
      vertex 5.950000e+00 1.070000e+01 -3.759683e-01
    endloop
  endfacet
  facet normal -1.502787e-31 0.000000e+00 0.000000e+00
    outer loop
      vertex 5.950000e+00 1.050000e+01 9.440317e-01
      vertex 5.950000e+00 1.070000e+01 -3.759683e-01
      vertex 5.950000e+00 1.060000e+01 -4.759683e-01
    endloop
  endfacet
  facet normal -1.502787e-31 2.448750e+00 -1.653998e-12
    outer loop
      vertex 5.950000e+00 1.060000e+01 -4.759683e-01
      vertex 5.950000e+00 1.070000e+01 -3.759683e-01
      vertex 5.950000e+00 1.100000e+01 -4.759683e-01
    endloop
  endfacet
  facet normal -1.502787e-31 4.591074e-41 0.000000e+00
    outer loop
      vertex 5.950000e+00 1.070000e+01 -3.759683e-01
      vertex 5.950000e+00 1.100000e+01 -3.759683e-01
      vertex 5.950000e+00 1.100000e+01 -4.759683e-01
    endloop
  endfacet
  facet normal -1.502787e-31 0.000000e+00 -2.385372e+19
    outer loop
      vertex 5.950000e+00 9.050000e+00 1.024032e+00
      vertex 5.950000e+00 9.050000e+00 5.990317e-01
      vertex 5.950000e+00 8.950000e+00 6.990317e-01
    endloop
  endfacet
  facet normal -1.502787e-31 0.000000e+00 -nan
    outer loop
      vertex 5.950000e+00 8.950000e+00 6.990317e-01
      vertex 5.950000e+00 9.050000e+00 5.990317e-01
      vertex 5.950000e+00 8.800000e+00 5.990317e-01
    endloop
  endfacet
  facet normal -1.502787e-31 1.875000e+00 0.000000e+00
    outer loop
      vertex 5.950000e+00 8.950000e+00 6.990317e-01
      vertex 5.950000e+00 8.800000e+00 5.990317e-01
      vertex 5.950000e+00 8.800000e+00 6.990317e-01
    endloop
  endfacet
endsolid PEC:Pin_2
solid PEC:Pin_3
  facet normal 0.000000e+00 1.875000e+00 0.000000e+00
    outer loop
      vertex 6.060000e+00 7.130000e+00 6.990317e-01
      vertex 5.860000e+00 7.130000e+00 6.990317e-01
      vertex 6.060000e+00 7.130000e+00 5.990317e-01
    endloop
  endfacet
  facet normal 0.000000e+00 5.184804e-43 0.000000e+00
    outer loop
      vertex 6.060000e+00 7.130000e+00 5.990317e-01
      vertex 5.860000e+00 7.130000e+00 6.990317e-01
      vertex 5.860000e+00 7.130000e+00 5.990317e-01
    endloop
  endfacet
  facet normal -0.000000e+00 1.875000e+00 0.000000e+00
    outer loop
      vertex 5.860000e+00 7.130000e+00 6.990317e-01
      vertex 5.860000e+00 7.230000e+00 6.990317e-01
      vertex 5.860000e+00 7.130000e+00 5.990317e-01
    endloop
  endfacet
  facet normal -0.000000e+00 0.000000e+00 -6.784825e+12
    outer loop
      vertex 5.860000e+00 7.130000e+00 5.990317e-01
      vertex 5.860000e+00 7.230000e+00 6.990317e-01
      vertex 5.860000e+00 7.230000e+00 5.990317e-01
    endloop
  endfacet
  facet normal -0.000000e+00 1.875000e+00 0.000000e+00
    outer loop
      vertex 6.060000e+00 7.130000e+00 5.990317e-01
      vertex 6.060000e+00 7.230000e+00 5.990317e-01
      vertex 6.060000e+00 7.130000e+00 6.990317e-01
    endloop
  endfacet
  facet normal -0.000000e+00 1.875000e+00 -1.143155e+18
    outer loop
      vertex 6.060000e+00 7.130000e+00 6.990317e-01
      vertex 6.060000e+00 7.230000e+00 5.990317e-01
      vertex 6.060000e+00 7.230000e+00 6.990317e-01
    endloop
  endfacet
  facet normal -0.000000e+00 0.000000e+00 0.000000e+00
    outer loop
      vertex 6.060000e+00 7.230000e+00 6.990317e-01
      vertex 6.060000e+00 7.230000e+00 5.990317e-01
      vertex 6.800000e+00 8.800000e+00 6.990317e-01
    endloop
  endfacet
  facet normal -0.000000e+00 1.875000e+00 2.412235e+00
    outer loop
      vertex 6.800000e+00 8.800000e+00 6.990317e-01
      vertex 6.060000e+00 7.230000e+00 5.990317e-01
      vertex 6.800000e+00 8.800000e+00 5.990317e-01
    endloop
  endfacet
  facet normal -0.000000e+00 5.184804e-43 0.000000e+00
    outer loop
      vertex 5.860000e+00 7.230000e+00 5.990317e-01
      vertex 5.860000e+00 7.230000e+00 6.990317e-01
      vertex 6.500000e+00 8.800000e+00 5.990317e-01
    endloop
  endfacet
  facet normal -0.000000e+00 0.000000e+00 0.000000e+00
    outer loop
      vertex 6.500000e+00 8.800000e+00 5.990317e-01
      vertex 5.860000e+00 7.230000e+00 6.990317e-01
      vertex 6.500000e+00 8.800000e+00 6.990317e-01
    endloop
  endfacet
  facet normal 0.000000e+00 1.875000e+00 0.000000e+00
    outer loop
      vertex 6.500000e+00 8.950000e+00 1.124032e+00
      vertex 6.500000e+00 8.950000e+00 6.990317e-01
      vertex 6.800000e+00 8.950000e+00 1.124032e+00
    endloop
  endfacet
  facet normal 0.000000e+00 0.000000e+00 -nan
    outer loop
      vertex 6.800000e+00 8.950000e+00 1.124032e+00
      vertex 6.500000e+00 8.950000e+00 6.990317e-01
      vertex 6.800000e+00 8.950000e+00 6.990317e-01
    endloop
  endfacet
  facet normal 1.000000e+00 0.000000e+00 -nan
    outer loop
      vertex 6.500000e+00 8.950000e+00 6.990317e-01
      vertex 6.500000e+00 8.800000e+00 6.990317e-01
      vertex 6.800000e+00 8.950000e+00 6.990317e-01
    endloop
  endfacet
  facet normal 1.000000e+00 0.000000e+00 0.000000e+00
    outer loop
      vertex 6.800000e+00 8.950000e+00 6.990317e-01
      vertex 6.500000e+00 8.800000e+00 6.990317e-01
      vertex 6.800000e+00 8.800000e+00 6.990317e-01
    endloop
  endfacet
  facet normal 1.000000e+00 4.591074e-41 0.000000e+00
    outer loop
      vertex 6.800000e+00 8.800000e+00 6.990317e-01
      vertex 6.500000e+00 8.800000e+00 6.990317e-01
      vertex 6.060000e+00 7.230000e+00 6.990317e-01
    endloop
  endfacet
  facet normal 1.000000e+00 5.184804e-43 0.000000e+00
    outer loop
      vertex 6.060000e+00 7.230000e+00 6.990317e-01
      vertex 6.500000e+00 8.800000e+00 6.990317e-01
      vertex 5.860000e+00 7.230000e+00 6.990317e-01
    endloop
  endfacet
  facet normal 1.000000e+00 4.591074e-41 0.000000e+00
    outer loop
      vertex 6.060000e+00 7.230000e+00 6.990317e-01
      vertex 5.860000e+00 7.230000e+00 6.990317e-01
      vertex 5.860000e+00 7.130000e+00 6.990317e-01
    endloop
  endfacet
  facet normal 1.000000e+00 0.000000e+00 0.000000e+00
    outer loop
      vertex 5.860000e+00 7.130000e+00 6.990317e-01
      vertex 6.060000e+00 7.130000e+00 6.990317e-01
      vertex 6.060000e+00 7.230000e+00 6.990317e-01
    endloop
  endfacet
  facet normal -1.000000e+00 2.532812e+00 2.017288e-33
    outer loop
      vertex 6.500000e+00 9.050000e+00 5.990317e-01
      vertex 6.800000e+00 8.800000e+00 5.990317e-01
      vertex 6.500000e+00 8.800000e+00 5.990317e-01
    endloop
  endfacet
  facet normal -1.000000e+00 5.184804e-43 0.000000e+00
    outer loop
      vertex 6.500000e+00 8.800000e+00 5.990317e-01
      vertex 6.800000e+00 8.800000e+00 5.990317e-01
      vertex 6.060000e+00 7.230000e+00 5.990317e-01
    endloop
  endfacet
  facet normal -1.000000e+00 0.000000e+00 0.000000e+00
    outer loop
      vertex 6.500000e+00 8.800000e+00 5.990317e-01
      vertex 6.060000e+00 7.230000e+00 5.990317e-01
      vertex 5.860000e+00 7.230000e+00 5.990317e-01
    endloop
  endfacet
  facet normal -1.000000e+00 4.591074e-41 0.000000e+00
    outer loop
      vertex 5.860000e+00 7.230000e+00 5.990317e-01
      vertex 6.060000e+00 7.230000e+00 5.990317e-01
      vertex 6.060000e+00 7.130000e+00 5.990317e-01
    endloop
  endfacet
  facet normal -1.000000e+00 0.000000e+00 0.000000e+00
    outer loop
      vertex 5.860000e+00 7.230000e+00 5.990317e-01
      vertex 6.060000e+00 7.130000e+00 5.990317e-01
      vertex 5.860000e+00 7.130000e+00 5.990317e-01
    endloop
  endfacet
  facet normal -1.000000e+00 0.000000e+00 -nan
    outer loop
      vertex 6.500000e+00 9.050000e+00 5.990317e-01
      vertex 6.800000e+00 9.050000e+00 5.990317e-01
      vertex 6.800000e+00 8.800000e+00 5.990317e-01
    endloop
  endfacet
  facet normal 0.000000e+00 1.875000e+00 0.000000e+00
    outer loop
      vertex 6.500000e+00 9.050000e+00 5.990317e-01
      vertex 6.500000e+00 9.050000e+00 1.024032e+00
      vertex 6.800000e+00 9.050000e+00 5.990317e-01
    endloop
  endfacet
  facet normal 0.000000e+00 1.875000e+00 3.561938e-31
    outer loop
      vertex 6.800000e+00 9.050000e+00 5.990317e-01
      vertex 6.500000e+00 9.050000e+00 1.024032e+00
      vertex 6.800000e+00 9.050000e+00 1.024032e+00
    endloop
  endfacet
  facet normal 1.000000e+00 2.543750e+00 2.017288e-33
    outer loop
      vertex 6.800000e+00 8.950000e+00 1.124032e+00
      vertex 6.800000e+00 1.030000e+01 1.124032e+00
      vertex 6.500000e+00 8.950000e+00 1.124032e+00
    endloop
  endfacet
  facet normal 1.000000e+00 1.875000e+00 3.181296e-04
    outer loop
      vertex 6.500000e+00 8.950000e+00 1.124032e+00
      vertex 6.800000e+00 1.030000e+01 1.124032e+00
      vertex 6.500000e+00 1.030000e+01 1.124032e+00
    endloop
  endfacet
  facet normal 9.486833e-01 0.000000e+00 0.000000e+00
    outer loop
      vertex 6.800000e+00 1.030000e+01 1.124032e+00
      vertex 6.800000e+00 1.060000e+01 1.024032e+00
      vertex 6.500000e+00 1.030000e+01 1.124032e+00
    endloop
  endfacet
  facet normal 9.486833e-01 1.875000e+00 3.181296e-04
    outer loop
      vertex 6.500000e+00 1.030000e+01 1.124032e+00
      vertex 6.800000e+00 1.060000e+01 1.024032e+00
      vertex 6.500000e+00 1.060000e+01 1.024032e+00
    endloop
  endfacet
  facet normal 7.124705e-02 0.000000e+00 -2.375383e+19
    outer loop
      vertex 6.800000e+00 1.060000e+01 1.024032e+00
      vertex 6.800000e+00 1.070000e+01 -3.759683e-01
      vertex 6.500000e+00 1.060000e+01 1.024032e+00
    endloop
  endfacet
  facet normal 7.124705e-02 1.875000e+00 0.000000e+00
    outer loop
      vertex 6.500000e+00 1.060000e+01 1.024032e+00
      vertex 6.800000e+00 1.070000e+01 -3.759683e-01
      vertex 6.500000e+00 1.070000e+01 -3.759683e-01
    endloop
  endfacet
  facet normal 1.000000e+00 0.000000e+00 -2.380548e+19
    outer loop
      vertex 6.800000e+00 1.070000e+01 -3.759683e-01
      vertex 6.800000e+00 1.100000e+01 -3.759683e-01
      vertex 6.500000e+00 1.070000e+01 -3.759683e-01
    endloop
  endfacet
  facet normal 1.000000e+00 0.000000e+00 -nan
    outer loop
      vertex 6.500000e+00 1.070000e+01 -3.759683e-01
      vertex 6.800000e+00 1.100000e+01 -3.759683e-01
      vertex 6.500000e+00 1.100000e+01 -3.759683e-01
    endloop
  endfacet
  facet normal 0.000000e+00 2.529687e+00 -1.653998e-12
    outer loop
      vertex 6.800000e+00 1.100000e+01 -3.759683e-01
      vertex 6.800000e+00 1.100000e+01 -4.759683e-01
      vertex 6.500000e+00 1.100000e+01 -3.759683e-01
    endloop
  endfacet
  facet normal 0.000000e+00 0.000000e+00 -5.454654e+13
    outer loop
      vertex 6.500000e+00 1.100000e+01 -3.759683e-01
      vertex 6.800000e+00 1.100000e+01 -4.759683e-01
      vertex 6.500000e+00 1.100000e+01 -4.759683e-01
    endloop
  endfacet
  facet normal -1.000000e+00 0.000000e+00 0.000000e+00
    outer loop
      vertex 6.800000e+00 1.100000e+01 -4.759683e-01
      vertex 6.800000e+00 1.060000e+01 -4.759683e-01
      vertex 6.500000e+00 1.100000e+01 -4.759683e-01
    endloop
  endfacet
  facet normal -1.000000e+00 1.875000e+00 3.071396e+33
    outer loop
      vertex 6.500000e+00 1.100000e+01 -4.759683e-01
      vertex 6.800000e+00 1.060000e+01 -4.759683e-01
      vertex 6.500000e+00 1.060000e+01 -4.759683e-01
    endloop
  endfacet
  facet normal -7.024856e-02 0.000000e+00 0.000000e+00
    outer loop
      vertex 6.800000e+00 1.060000e+01 -4.759683e-01
      vertex 6.800000e+00 1.050000e+01 9.440317e-01
      vertex 6.500000e+00 1.060000e+01 -4.759683e-01
    endloop
  endfacet
  facet normal -7.024856e-02 0.000000e+00 -nan
    outer loop
      vertex 6.500000e+00 1.060000e+01 -4.759683e-01
      vertex 6.800000e+00 1.050000e+01 9.440317e-01
      vertex 6.500000e+00 1.050000e+01 9.440317e-01
    endloop
  endfacet
  facet normal -9.397934e-01 0.000000e+00 0.000000e+00
    outer loop
      vertex 6.800000e+00 1.050000e+01 9.440317e-01
      vertex 6.800000e+00 1.028000e+01 1.024032e+00
      vertex 6.500000e+00 1.050000e+01 9.440317e-01
    endloop
  endfacet
  facet normal -9.397934e-01 0.000000e+00 -2.373712e+19
    outer loop
      vertex 6.500000e+00 1.050000e+01 9.440317e-01
      vertex 6.800000e+00 1.028000e+01 1.024032e+00
      vertex 6.500000e+00 1.028000e+01 1.024032e+00
    endloop
  endfacet
  facet normal -1.000000e+00 0.000000e+00 -5.152250e+13
    outer loop
      vertex 6.800000e+00 1.028000e+01 1.024032e+00
      vertex 6.800000e+00 9.050000e+00 1.024032e+00
      vertex 6.500000e+00 1.028000e+01 1.024032e+00
    endloop
  endfacet
  facet normal -1.000000e+00 1.875000e+00 0.000000e+00
    outer loop
      vertex 6.500000e+00 1.028000e+01 1.024032e+00
      vertex 6.800000e+00 9.050000e+00 1.024032e+00
      vertex 6.500000e+00 9.050000e+00 1.024032e+00
    endloop
  endfacet
  facet normal 1.502787e-31 0.000000e+00 -2.369729e+19
    outer loop
      vertex 6.800000e+00 8.950000e+00 1.124032e+00
      vertex 6.800000e+00 9.050000e+00 1.024032e+00
      vertex 6.800000e+00 1.030000e+01 1.124032e+00
    endloop
  endfacet
  facet normal 1.502787e-31 4.591074e-41 0.000000e+00
    outer loop
      vertex 6.800000e+00 1.030000e+01 1.124032e+00
      vertex 6.800000e+00 9.050000e+00 1.024032e+00
      vertex 6.800000e+00 1.028000e+01 1.024032e+00
    endloop
  endfacet
  facet normal 1.502787e-31 4.591074e-41 0.000000e+00
    outer loop
      vertex 6.800000e+00 1.030000e+01 1.124032e+00
      vertex 6.800000e+00 1.028000e+01 1.024032e+00
      vertex 6.800000e+00 1.050000e+01 9.440317e-01
    endloop
  endfacet
  facet normal 1.502787e-31 0.000000e+00 -nan
    outer loop
      vertex 6.800000e+00 8.950000e+00 1.124032e+00
      vertex 6.800000e+00 8.950000e+00 6.990317e-01
      vertex 6.800000e+00 9.050000e+00 1.024032e+00
    endloop
  endfacet
  facet normal 1.502787e-31 0.000000e+00 -nan
    outer loop
      vertex 6.800000e+00 9.050000e+00 1.024032e+00
      vertex 6.800000e+00 8.950000e+00 6.990317e-01
      vertex 6.800000e+00 9.050000e+00 5.990317e-01
    endloop
  endfacet
  facet normal 1.502787e-31 0.000000e+00 -3.198870e+14
    outer loop
      vertex 6.800000e+00 8.800000e+00 6.990317e-01
      vertex 6.800000e+00 8.800000e+00 5.990317e-01
      vertex 6.800000e+00 8.950000e+00 6.990317e-01
    endloop
  endfacet
  facet normal 1.502787e-31 2.525000e+00 -1.653998e-12
    outer loop
      vertex 6.800000e+00 8.950000e+00 6.990317e-01
      vertex 6.800000e+00 8.800000e+00 5.990317e-01
      vertex 6.800000e+00 9.050000e+00 5.990317e-01
    endloop
  endfacet
  facet normal 1.502787e-31 0.000000e+00 -nan
    outer loop
      vertex 6.800000e+00 1.060000e+01 -4.759683e-01
      vertex 6.800000e+00 1.070000e+01 -3.759683e-01
      vertex 6.800000e+00 1.050000e+01 9.440317e-01
    endloop
  endfacet
  facet normal 1.502787e-31 0.000000e+00 -2.377814e+19
    outer loop
      vertex 6.800000e+00 1.050000e+01 9.440317e-01
      vertex 6.800000e+00 1.070000e+01 -3.759683e-01
      vertex 6.800000e+00 1.060000e+01 1.024032e+00
    endloop
  endfacet
  facet normal 1.502787e-31 5.184804e-43 0.000000e+00
    outer loop
      vertex 6.800000e+00 1.050000e+01 9.440317e-01
      vertex 6.800000e+00 1.060000e+01 1.024032e+00
      vertex 6.800000e+00 1.030000e+01 1.124032e+00
    endloop
  endfacet
  facet normal 1.502787e-31 1.875000e+00 0.000000e+00
    outer loop
      vertex 6.800000e+00 1.060000e+01 -4.759683e-01
      vertex 6.800000e+00 1.100000e+01 -4.759683e-01
      vertex 6.800000e+00 1.070000e+01 -3.759683e-01
    endloop
  endfacet
  facet normal 1.502787e-31 0.000000e+00 0.000000e+00
    outer loop
      vertex 6.800000e+00 1.070000e+01 -3.759683e-01
      vertex 6.800000e+00 1.100000e+01 -4.759683e-01
      vertex 6.800000e+00 1.100000e+01 -3.759683e-01
    endloop
  endfacet
  facet normal -1.502787e-31 4.591074e-41 0.000000e+00
    outer loop
      vertex 6.500000e+00 8.950000e+00 6.990317e-01
      vertex 6.500000e+00 8.950000e+00 1.124032e+00
      vertex 6.500000e+00 9.050000e+00 1.024032e+00
    endloop
  endfacet
  facet normal -1.502787e-31 0.000000e+00 -nan
    outer loop
      vertex 6.500000e+00 9.050000e+00 1.024032e+00
      vertex 6.500000e+00 8.950000e+00 1.124032e+00
      vertex 6.500000e+00 1.030000e+01 1.124032e+00
    endloop
  endfacet
  facet normal -1.502787e-31 0.000000e+00 0.000000e+00
    outer loop
      vertex 6.500000e+00 9.050000e+00 1.024032e+00
      vertex 6.500000e+00 1.030000e+01 1.124032e+00
      vertex 6.500000e+00 1.028000e+01 1.024032e+00
    endloop
  endfacet
  facet normal -1.502787e-31 4.591074e-41 0.000000e+00
    outer loop
      vertex 6.500000e+00 1.028000e+01 1.024032e+00
      vertex 6.500000e+00 1.030000e+01 1.124032e+00
      vertex 6.500000e+00 1.050000e+01 9.440317e-01
    endloop
  endfacet
  facet normal -1.502787e-31 0.000000e+00 -3.931030e+10
    outer loop
      vertex 6.500000e+00 1.030000e+01 1.124032e+00
      vertex 6.500000e+00 1.060000e+01 1.024032e+00
      vertex 6.500000e+00 1.050000e+01 9.440317e-01
    endloop
  endfacet
  facet normal -1.502787e-31 5.184804e-43 0.000000e+00
    outer loop
      vertex 6.500000e+00 1.050000e+01 9.440317e-01
      vertex 6.500000e+00 1.060000e+01 1.024032e+00
      vertex 6.500000e+00 1.070000e+01 -3.759683e-01
    endloop
  endfacet
  facet normal -1.502787e-31 4.591074e-41 0.000000e+00
    outer loop
      vertex 6.500000e+00 1.050000e+01 9.440317e-01
      vertex 6.500000e+00 1.070000e+01 -3.759683e-01
      vertex 6.500000e+00 1.060000e+01 -4.759683e-01
    endloop
  endfacet
  facet normal -1.502787e-31 -1.875000e+00 0.000000e+00
    outer loop
      vertex 6.500000e+00 1.060000e+01 -4.759683e-01
      vertex 6.500000e+00 1.070000e+01 -3.759683e-01
      vertex 6.500000e+00 1.100000e+01 -4.759683e-01
    endloop
  endfacet
  facet normal -1.502787e-31 0.000000e+00 0.000000e+00
    outer loop
      vertex 6.500000e+00 1.070000e+01 -3.759683e-01
      vertex 6.500000e+00 1.100000e+01 -3.759683e-01
      vertex 6.500000e+00 1.100000e+01 -4.759683e-01
    endloop
  endfacet
  facet normal -1.502787e-31 0.000000e+00 0.000000e+00
    outer loop
      vertex 6.500000e+00 9.050000e+00 1.024032e+00
      vertex 6.500000e+00 9.050000e+00 5.990317e-01
      vertex 6.500000e+00 8.950000e+00 6.990317e-01
    endloop
  endfacet
  facet normal -1.502787e-31 5.184804e-43 0.000000e+00
    outer loop
      vertex 6.500000e+00 8.950000e+00 6.990317e-01
      vertex 6.500000e+00 9.050000e+00 5.990317e-01
      vertex 6.500000e+00 8.800000e+00 5.990317e-01
    endloop
  endfacet
  facet normal -1.502787e-31 1.875000e+00 0.000000e+00
    outer loop
      vertex 6.500000e+00 8.950000e+00 6.990317e-01
      vertex 6.500000e+00 8.800000e+00 5.990317e-01
      vertex 6.500000e+00 8.800000e+00 6.990317e-01
    endloop
  endfacet
endsolid PEC:Pin_3
solid PEC:Pin_4
  facet normal 0.000000e+00 0.000000e+00 -2.394509e+19
    outer loop
      vertex 6.380000e+00 7.130000e+00 6.990317e-01
      vertex 6.180000e+00 7.130000e+00 6.990317e-01
      vertex 6.380000e+00 7.130000e+00 5.990317e-01
    endloop
  endfacet
  facet normal 0.000000e+00 0.000000e+00 -2.427101e+19
    outer loop
      vertex 6.380000e+00 7.130000e+00 5.990317e-01
      vertex 6.180000e+00 7.130000e+00 6.990317e-01
      vertex 6.180000e+00 7.130000e+00 5.990317e-01
    endloop
  endfacet
  facet normal -0.000000e+00 0.000000e+00 -2.394552e+19
    outer loop
      vertex 6.180000e+00 7.130000e+00 6.990317e-01
      vertex 6.180000e+00 7.230000e+00 6.990317e-01
      vertex 6.180000e+00 7.130000e+00 5.990317e-01
    endloop
  endfacet
  facet normal -0.000000e+00 5.184804e-43 0.000000e+00
    outer loop
      vertex 6.180000e+00 7.130000e+00 5.990317e-01
      vertex 6.180000e+00 7.230000e+00 6.990317e-01
      vertex 6.180000e+00 7.230000e+00 5.990317e-01
    endloop
  endfacet
  facet normal -0.000000e+00 2.543750e+00 2.017288e-33
    outer loop
      vertex 6.380000e+00 7.130000e+00 5.990317e-01
      vertex 6.380000e+00 7.230000e+00 5.990317e-01
      vertex 6.380000e+00 7.130000e+00 6.990317e-01
    endloop
  endfacet
  facet normal -0.000000e+00 -1.390497e+00 3.896878e-35
    outer loop
      vertex 6.380000e+00 7.130000e+00 6.990317e-01
      vertex 6.380000e+00 7.230000e+00 5.990317e-01
      vertex 6.380000e+00 7.230000e+00 6.990317e-01
    endloop
  endfacet
  facet normal -0.000000e+00 1.875000e+00 0.000000e+00
    outer loop
      vertex 6.380000e+00 7.230000e+00 6.990317e-01
      vertex 6.380000e+00 7.230000e+00 5.990317e-01
      vertex 7.350000e+00 8.800000e+00 6.990317e-01
    endloop
  endfacet
  facet normal -0.000000e+00 0.000000e+00 -nan
    outer loop
      vertex 7.350000e+00 8.800000e+00 6.990317e-01
      vertex 6.380000e+00 7.230000e+00 5.990317e-01
      vertex 7.350000e+00 8.800000e+00 5.990317e-01
    endloop
  endfacet
  facet normal -0.000000e+00 0.000000e+00 -1.350053e+13
    outer loop
      vertex 6.180000e+00 7.230000e+00 5.990317e-01
      vertex 6.180000e+00 7.230000e+00 6.990317e-01
      vertex 7.050000e+00 8.800000e+00 5.990317e-01
    endloop
  endfacet
  facet normal -0.000000e+00 0.000000e+00 0.000000e+00
    outer loop
      vertex 7.050000e+00 8.800000e+00 5.990317e-01
      vertex 6.180000e+00 7.230000e+00 6.990317e-01
      vertex 7.050000e+00 8.800000e+00 6.990317e-01
    endloop
  endfacet
  facet normal 0.000000e+00 2.532812e+00 2.946295e+34
    outer loop
      vertex 7.050000e+00 8.950000e+00 1.124032e+00
      vertex 7.050000e+00 8.950000e+00 6.990317e-01
      vertex 7.350000e+00 8.950000e+00 1.124032e+00
    endloop
  endfacet
  facet normal 0.000000e+00 5.184804e-43 0.000000e+00
    outer loop
      vertex 7.350000e+00 8.950000e+00 1.124032e+00
      vertex 7.050000e+00 8.950000e+00 6.990317e-01
      vertex 7.350000e+00 8.950000e+00 6.990317e-01
    endloop
  endfacet
  facet normal 1.000000e+00 5.184804e-43 0.000000e+00
    outer loop
      vertex 7.050000e+00 8.950000e+00 6.990317e-01
      vertex 7.050000e+00 8.800000e+00 6.990317e-01
      vertex 7.350000e+00 8.950000e+00 6.990317e-01
    endloop
  endfacet
  facet normal 1.000000e+00 1.875000e+00 2.412235e+00
    outer loop
      vertex 7.350000e+00 8.950000e+00 6.990317e-01
      vertex 7.050000e+00 8.800000e+00 6.990317e-01
      vertex 7.350000e+00 8.800000e+00 6.990317e-01
    endloop
  endfacet
  facet normal 1.000000e+00 1.875000e+00 0.000000e+00
    outer loop
      vertex 7.350000e+00 8.800000e+00 6.990317e-01
      vertex 7.050000e+00 8.800000e+00 6.990317e-01
      vertex 6.380000e+00 7.230000e+00 6.990317e-01
    endloop
  endfacet
  facet normal 1.000000e+00 0.000000e+00 0.000000e+00
    outer loop
      vertex 6.380000e+00 7.230000e+00 6.990317e-01
      vertex 7.050000e+00 8.800000e+00 6.990317e-01
      vertex 6.180000e+00 7.230000e+00 6.990317e-01
    endloop
  endfacet
  facet normal 1.000000e+00 0.000000e+00 -nan
    outer loop
      vertex 6.380000e+00 7.230000e+00 6.990317e-01
      vertex 6.180000e+00 7.230000e+00 6.990317e-01
      vertex 6.180000e+00 7.130000e+00 6.990317e-01
    endloop
  endfacet
  facet normal 1.000000e+00 1.392494e+00 -8.091736e-38
    outer loop
      vertex 6.180000e+00 7.130000e+00 6.990317e-01
      vertex 6.380000e+00 7.130000e+00 6.990317e-01
      vertex 6.380000e+00 7.230000e+00 6.990317e-01
    endloop
  endfacet
  facet normal -1.000000e+00 0.000000e+00 -3.277370e+13
    outer loop
      vertex 7.050000e+00 9.050000e+00 5.990317e-01
      vertex 7.350000e+00 8.800000e+00 5.990317e-01
      vertex 7.050000e+00 8.800000e+00 5.990317e-01
    endloop
  endfacet
  facet normal -1.000000e+00 0.000000e+00 0.000000e+00
    outer loop
      vertex 7.050000e+00 8.800000e+00 5.990317e-01
      vertex 7.350000e+00 8.800000e+00 5.990317e-01
      vertex 6.380000e+00 7.230000e+00 5.990317e-01
    endloop
  endfacet
  facet normal -1.000000e+00 0.000000e+00 0.000000e+00
    outer loop
      vertex 7.050000e+00 8.800000e+00 5.990317e-01
      vertex 6.380000e+00 7.230000e+00 5.990317e-01
      vertex 6.180000e+00 7.230000e+00 5.990317e-01
    endloop
  endfacet
  facet normal -1.000000e+00 0.000000e+00 -nan
    outer loop
      vertex 6.180000e+00 7.230000e+00 5.990317e-01
      vertex 6.380000e+00 7.230000e+00 5.990317e-01
      vertex 6.380000e+00 7.130000e+00 5.990317e-01
    endloop
  endfacet
  facet normal -1.000000e+00 4.591074e-41 0.000000e+00
    outer loop
      vertex 6.180000e+00 7.230000e+00 5.990317e-01
      vertex 6.380000e+00 7.130000e+00 5.990317e-01
      vertex 6.180000e+00 7.130000e+00 5.990317e-01
    endloop
  endfacet
  facet normal -1.000000e+00 0.000000e+00 -1.143163e+16
    outer loop
      vertex 7.050000e+00 9.050000e+00 5.990317e-01
      vertex 7.350000e+00 9.050000e+00 5.990317e-01
      vertex 7.350000e+00 8.800000e+00 5.990317e-01
    endloop
  endfacet
  facet normal 0.000000e+00 2.543750e+00 -5.236418e-18
    outer loop
      vertex 7.050000e+00 9.050000e+00 5.990317e-01
      vertex 7.050000e+00 9.050000e+00 1.024032e+00
      vertex 7.350000e+00 9.050000e+00 5.990317e-01
    endloop
  endfacet
  facet normal 0.000000e+00 1.875000e+00 0.000000e+00
    outer loop
      vertex 7.350000e+00 9.050000e+00 5.990317e-01
      vertex 7.050000e+00 9.050000e+00 1.024032e+00
      vertex 7.350000e+00 9.050000e+00 1.024032e+00
    endloop
  endfacet
  facet normal 1.000000e+00 1.875000e+00 0.000000e+00
    outer loop
      vertex 7.350000e+00 8.950000e+00 1.124032e+00
      vertex 7.350000e+00 1.030000e+01 1.124032e+00
      vertex 7.050000e+00 8.950000e+00 1.124032e+00
    endloop
  endfacet
  facet normal 1.000000e+00 0.000000e+00 -2.419656e+19
    outer loop
      vertex 7.050000e+00 8.950000e+00 1.124032e+00
      vertex 7.350000e+00 1.030000e+01 1.124032e+00
      vertex 7.050000e+00 1.030000e+01 1.124032e+00
    endloop
  endfacet
  facet normal 9.486833e-01 1.875000e+00 0.000000e+00
    outer loop
      vertex 7.350000e+00 1.030000e+01 1.124032e+00
      vertex 7.350000e+00 1.060000e+01 1.024032e+00
      vertex 7.050000e+00 1.030000e+01 1.124032e+00
    endloop
  endfacet
  facet normal 9.486833e-01 0.000000e+00 -nan
    outer loop
      vertex 7.050000e+00 1.030000e+01 1.124032e+00
      vertex 7.350000e+00 1.060000e+01 1.024032e+00
      vertex 7.050000e+00 1.060000e+01 1.024032e+00
    endloop
  endfacet
  facet normal 7.124705e-02 0.000000e+00 -4.848077e+14
    outer loop
      vertex 7.350000e+00 1.060000e+01 1.024032e+00
      vertex 7.350000e+00 1.070000e+01 -3.759683e-01
      vertex 7.050000e+00 1.060000e+01 1.024032e+00
    endloop
  endfacet
  facet normal 7.124705e-02 5.184804e-43 0.000000e+00
    outer loop
      vertex 7.050000e+00 1.060000e+01 1.024032e+00
      vertex 7.350000e+00 1.070000e+01 -3.759683e-01
      vertex 7.050000e+00 1.070000e+01 -3.759683e-01
    endloop
  endfacet
  facet normal 1.000000e+00 0.000000e+00 -2.246565e+13
    outer loop
      vertex 7.350000e+00 1.070000e+01 -3.759683e-01
      vertex 7.350000e+00 1.100000e+01 -3.759683e-01
      vertex 7.050000e+00 1.070000e+01 -3.759683e-01
    endloop
  endfacet
  facet normal 1.000000e+00 4.591074e-41 0.000000e+00
    outer loop
      vertex 7.050000e+00 1.070000e+01 -3.759683e-01
      vertex 7.350000e+00 1.100000e+01 -3.759683e-01
      vertex 7.050000e+00 1.100000e+01 -3.759683e-01
    endloop
  endfacet
  facet normal 0.000000e+00 0.000000e+00 -nan
    outer loop
      vertex 7.350000e+00 1.100000e+01 -3.759683e-01
      vertex 7.350000e+00 1.100000e+01 -4.759683e-01
      vertex 7.050000e+00 1.100000e+01 -3.759683e-01
    endloop
  endfacet
  facet normal 0.000000e+00 1.875000e+00 0.000000e+00
    outer loop
      vertex 7.050000e+00 1.100000e+01 -3.759683e-01
      vertex 7.350000e+00 1.100000e+01 -4.759683e-01
      vertex 7.050000e+00 1.100000e+01 -4.759683e-01
    endloop
  endfacet
  facet normal -1.000000e+00 0.000000e+00 -2.369836e+19
    outer loop
      vertex 7.350000e+00 1.100000e+01 -4.759683e-01
      vertex 7.350000e+00 1.060000e+01 -4.759683e-01
      vertex 7.050000e+00 1.100000e+01 -4.759683e-01
    endloop
  endfacet
  facet normal -1.000000e+00 0.000000e+00 -nan
    outer loop
      vertex 7.050000e+00 1.100000e+01 -4.759683e-01
      vertex 7.350000e+00 1.060000e+01 -4.759683e-01
      vertex 7.050000e+00 1.060000e+01 -4.759683e-01
    endloop
  endfacet
  facet normal -7.024856e-02 1.875000e+00 -8.936119e-16
    outer loop
      vertex 7.350000e+00 1.060000e+01 -4.759683e-01
      vertex 7.350000e+00 1.050000e+01 9.440317e-01
      vertex 7.050000e+00 1.060000e+01 -4.759683e-01
    endloop
  endfacet
  facet normal -7.024856e-02 0.000000e+00 -2.404986e+19
    outer loop
      vertex 7.050000e+00 1.060000e+01 -4.759683e-01
      vertex 7.350000e+00 1.050000e+01 9.440317e-01
      vertex 7.050000e+00 1.050000e+01 9.440317e-01
    endloop
  endfacet
  facet normal -9.397934e-01 1.875000e+00 -8.936117e-16
    outer loop
      vertex 7.350000e+00 1.050000e+01 9.440317e-01
      vertex 7.350000e+00 1.028000e+01 1.024032e+00
      vertex 7.050000e+00 1.050000e+01 9.440317e-01
    endloop
  endfacet
  facet normal -9.397934e-01 0.000000e+00 0.000000e+00
    outer loop
      vertex 7.050000e+00 1.050000e+01 9.440317e-01
      vertex 7.350000e+00 1.028000e+01 1.024032e+00
      vertex 7.050000e+00 1.028000e+01 1.024032e+00
    endloop
  endfacet
  facet normal -1.000000e+00 4.591074e-41 0.000000e+00
    outer loop
      vertex 7.350000e+00 1.028000e+01 1.024032e+00
      vertex 7.350000e+00 9.050000e+00 1.024032e+00
      vertex 7.050000e+00 1.028000e+01 1.024032e+00
    endloop
  endfacet
  facet normal -1.000000e+00 0.000000e+00 -nan
    outer loop
      vertex 7.050000e+00 1.028000e+01 1.024032e+00
      vertex 7.350000e+00 9.050000e+00 1.024032e+00
      vertex 7.050000e+00 9.050000e+00 1.024032e+00
    endloop
  endfacet
  facet normal 1.502787e-31 1.875000e+00 0.000000e+00
    outer loop
      vertex 7.350000e+00 8.950000e+00 1.124032e+00
      vertex 7.350000e+00 9.050000e+00 1.024032e+00
      vertex 7.350000e+00 1.030000e+01 1.124032e+00
    endloop
  endfacet
  facet normal 1.502787e-31 0.000000e+00 -2.393711e+19
    outer loop
      vertex 7.350000e+00 1.030000e+01 1.124032e+00
      vertex 7.350000e+00 9.050000e+00 1.024032e+00
      vertex 7.350000e+00 1.028000e+01 1.024032e+00
    endloop
  endfacet
  facet normal 1.502787e-31 0.000000e+00 -2.632955e+14
    outer loop
      vertex 7.350000e+00 1.030000e+01 1.124032e+00
      vertex 7.350000e+00 1.028000e+01 1.024032e+00
      vertex 7.350000e+00 1.050000e+01 9.440317e-01
    endloop
  endfacet
  facet normal 1.502787e-31 2.593750e+00 1.592430e+32
    outer loop
      vertex 7.350000e+00 8.950000e+00 1.124032e+00
      vertex 7.350000e+00 8.950000e+00 6.990317e-01
      vertex 7.350000e+00 9.050000e+00 1.024032e+00
    endloop
  endfacet
  facet normal 1.502787e-31 2.581250e+00 2.017288e-33
    outer loop
      vertex 7.350000e+00 9.050000e+00 1.024032e+00
      vertex 7.350000e+00 8.950000e+00 6.990317e-01
      vertex 7.350000e+00 9.050000e+00 5.990317e-01
    endloop
  endfacet
  facet normal 1.502787e-31 1.875000e+00 -8.936117e-16
    outer loop
      vertex 7.350000e+00 8.800000e+00 6.990317e-01
      vertex 7.350000e+00 8.800000e+00 5.990317e-01
      vertex 7.350000e+00 8.950000e+00 6.990317e-01
    endloop
  endfacet
  facet normal 1.502787e-31 0.000000e+00 -6.406825e+12
    outer loop
      vertex 7.350000e+00 8.950000e+00 6.990317e-01
      vertex 7.350000e+00 8.800000e+00 5.990317e-01
      vertex 7.350000e+00 9.050000e+00 5.990317e-01
    endloop
  endfacet
  facet normal 1.502787e-31 1.875000e+00 0.000000e+00
    outer loop
      vertex 7.350000e+00 1.060000e+01 -4.759683e-01
      vertex 7.350000e+00 1.070000e+01 -3.759683e-01
      vertex 7.350000e+00 1.050000e+01 9.440317e-01
    endloop
  endfacet
  facet normal 1.502787e-31 1.875000e+00 3.561939e-31
    outer loop
      vertex 7.350000e+00 1.050000e+01 9.440317e-01
      vertex 7.350000e+00 1.070000e+01 -3.759683e-01
      vertex 7.350000e+00 1.060000e+01 1.024032e+00
    endloop
  endfacet
  facet normal 1.502787e-31 2.529687e+00 -1.653998e-12
    outer loop
      vertex 7.350000e+00 1.050000e+01 9.440317e-01
      vertex 7.350000e+00 1.060000e+01 1.024032e+00
      vertex 7.350000e+00 1.030000e+01 1.124032e+00
    endloop
  endfacet
  facet normal 1.502787e-31 0.000000e+00 -2.393542e+19
    outer loop
      vertex 7.350000e+00 1.060000e+01 -4.759683e-01
      vertex 7.350000e+00 1.100000e+01 -4.759683e-01
      vertex 7.350000e+00 1.070000e+01 -3.759683e-01
    endloop
  endfacet
  facet normal 1.502787e-31 2.525000e+00 2.946295e+34
    outer loop
      vertex 7.350000e+00 1.070000e+01 -3.759683e-01
      vertex 7.350000e+00 1.100000e+01 -4.759683e-01
      vertex 7.350000e+00 1.100000e+01 -3.759683e-01
    endloop
  endfacet
  facet normal -1.502787e-31 0.000000e+00 -nan
    outer loop
      vertex 7.050000e+00 8.950000e+00 6.990317e-01
      vertex 7.050000e+00 8.950000e+00 1.124032e+00
      vertex 7.050000e+00 9.050000e+00 1.024032e+00
    endloop
  endfacet
  facet normal -1.502787e-31 0.000000e+00 -nan
    outer loop
      vertex 7.050000e+00 9.050000e+00 1.024032e+00
      vertex 7.050000e+00 8.950000e+00 1.124032e+00
      vertex 7.050000e+00 1.030000e+01 1.124032e+00
    endloop
  endfacet
  facet normal -1.502787e-31 0.000000e+00 0.000000e+00
    outer loop
      vertex 7.050000e+00 9.050000e+00 1.024032e+00
      vertex 7.050000e+00 1.030000e+01 1.124032e+00
      vertex 7.050000e+00 1.028000e+01 1.024032e+00
    endloop
  endfacet
  facet normal -1.502787e-31 0.000000e+00 -2.481836e+12
    outer loop
      vertex 7.050000e+00 1.028000e+01 1.024032e+00
      vertex 7.050000e+00 1.030000e+01 1.124032e+00
      vertex 7.050000e+00 1.050000e+01 9.440317e-01
    endloop
  endfacet
  facet normal -1.502787e-31 0.000000e+00 -2.386888e+19
    outer loop
      vertex 7.050000e+00 1.030000e+01 1.124032e+00
      vertex 7.050000e+00 1.060000e+01 1.024032e+00
      vertex 7.050000e+00 1.050000e+01 9.440317e-01
    endloop
  endfacet
  facet normal -1.502787e-31 4.591074e-41 0.000000e+00
    outer loop
      vertex 7.050000e+00 1.050000e+01 9.440317e-01
      vertex 7.050000e+00 1.060000e+01 1.024032e+00
      vertex 7.050000e+00 1.070000e+01 -3.759683e-01
    endloop
  endfacet
  facet normal -1.502787e-31 0.000000e+00 -nan
    outer loop
      vertex 7.050000e+00 1.050000e+01 9.440317e-01
      vertex 7.050000e+00 1.070000e+01 -3.759683e-01
      vertex 7.050000e+00 1.060000e+01 -4.759683e-01
    endloop
  endfacet
  facet normal -1.502787e-31 0.000000e+00 0.000000e+00
    outer loop
      vertex 7.050000e+00 1.060000e+01 -4.759683e-01
      vertex 7.050000e+00 1.070000e+01 -3.759683e-01
      vertex 7.050000e+00 1.100000e+01 -4.759683e-01
    endloop
  endfacet
  facet normal -1.502787e-31 0.000000e+00 0.000000e+00
    outer loop
      vertex 7.050000e+00 1.070000e+01 -3.759683e-01
      vertex 7.050000e+00 1.100000e+01 -3.759683e-01
      vertex 7.050000e+00 1.100000e+01 -4.759683e-01
    endloop
  endfacet
  facet normal -1.502787e-31 5.184804e-43 0.000000e+00
    outer loop
      vertex 7.050000e+00 9.050000e+00 1.024032e+00
      vertex 7.050000e+00 9.050000e+00 5.990317e-01
      vertex 7.050000e+00 8.950000e+00 6.990317e-01
    endloop
  endfacet
  facet normal -1.502787e-31 0.000000e+00 -nan
    outer loop
      vertex 7.050000e+00 8.950000e+00 6.990317e-01
      vertex 7.050000e+00 9.050000e+00 5.990317e-01
      vertex 7.050000e+00 8.800000e+00 5.990317e-01
    endloop
  endfacet
  facet normal -1.502787e-31 0.000000e+00 -nan
    outer loop
      vertex 7.050000e+00 8.950000e+00 6.990317e-01
      vertex 7.050000e+00 8.800000e+00 5.990317e-01
      vertex 7.050000e+00 8.800000e+00 6.990317e-01
    endloop
  endfacet
endsolid PEC:Pin_4
solid PEC:Pin_5
  facet normal 0.000000e+00 0.000000e+00 -1.670938e+16
    outer loop
      vertex 6.700000e+00 7.130000e+00 6.990317e-01
      vertex 6.500000e+00 7.130000e+00 6.990317e-01
      vertex 6.700000e+00 7.130000e+00 5.990317e-01
    endloop
  endfacet
  facet normal 0.000000e+00 0.000000e+00 -nan
    outer loop
      vertex 6.700000e+00 7.130000e+00 5.990317e-01
      vertex 6.500000e+00 7.130000e+00 6.990317e-01
      vertex 6.500000e+00 7.130000e+00 5.990317e-01
    endloop
  endfacet
  facet normal -0.000000e+00 0.000000e+00 -nan
    outer loop
      vertex 6.500000e+00 7.130000e+00 6.990317e-01
      vertex 6.500000e+00 7.230000e+00 6.990317e-01
      vertex 6.500000e+00 7.130000e+00 5.990317e-01
    endloop
  endfacet
  facet normal -0.000000e+00 4.591074e-41 0.000000e+00
    outer loop
      vertex 6.500000e+00 7.130000e+00 5.990317e-01
      vertex 6.500000e+00 7.230000e+00 6.990317e-01
      vertex 6.500000e+00 7.230000e+00 5.990317e-01
    endloop
  endfacet
  facet normal -0.000000e+00 0.000000e+00 -2.434546e+19
    outer loop
      vertex 6.700000e+00 7.130000e+00 5.990317e-01
      vertex 6.700000e+00 7.230000e+00 5.990317e-01
      vertex 6.700000e+00 7.130000e+00 6.990317e-01
    endloop
  endfacet
  facet normal -0.000000e+00 1.875000e+00 0.000000e+00
    outer loop
      vertex 6.700000e+00 7.130000e+00 6.990317e-01
      vertex 6.700000e+00 7.230000e+00 5.990317e-01
      vertex 6.700000e+00 7.230000e+00 6.990317e-01
    endloop
  endfacet
  facet normal -0.000000e+00 5.184804e-43 0.000000e+00
    outer loop
      vertex 6.700000e+00 7.230000e+00 6.990317e-01
      vertex 6.700000e+00 7.230000e+00 5.990317e-01
      vertex 7.900000e+00 8.800000e+00 6.990317e-01
    endloop
  endfacet
  facet normal -0.000000e+00 4.591074e-41 0.000000e+00
    outer loop
      vertex 7.900000e+00 8.800000e+00 6.990317e-01
      vertex 6.700000e+00 7.230000e+00 5.990317e-01
      vertex 7.900000e+00 8.800000e+00 5.990317e-01
    endloop
  endfacet
  facet normal -0.000000e+00 4.591074e-41 0.000000e+00
    outer loop
      vertex 6.500000e+00 7.230000e+00 5.990317e-01
      vertex 6.500000e+00 7.230000e+00 6.990317e-01
      vertex 7.600000e+00 8.800000e+00 5.990317e-01
    endloop
  endfacet
  facet normal -0.000000e+00 0.000000e+00 -nan
    outer loop
      vertex 7.600000e+00 8.800000e+00 5.990317e-01
      vertex 6.500000e+00 7.230000e+00 6.990317e-01
      vertex 7.600000e+00 8.800000e+00 6.990317e-01
    endloop
  endfacet
  facet normal 0.000000e+00 1.875000e+00 0.000000e+00
    outer loop
      vertex 7.600000e+00 8.950000e+00 1.124032e+00
      vertex 7.600000e+00 8.950000e+00 6.990317e-01
      vertex 7.900000e+00 8.950000e+00 1.124032e+00
    endloop
  endfacet
  facet normal 0.000000e+00 2.593750e+00 1.592430e+32
    outer loop
      vertex 7.900000e+00 8.950000e+00 1.124032e+00
      vertex 7.600000e+00 8.950000e+00 6.990317e-01
      vertex 7.900000e+00 8.950000e+00 6.990317e-01
    endloop
  endfacet
  facet normal 1.000000e+00 0.000000e+00 -nan
    outer loop
      vertex 7.600000e+00 8.950000e+00 6.990317e-01
      vertex 7.600000e+00 8.800000e+00 6.990317e-01
      vertex 7.900000e+00 8.950000e+00 6.990317e-01
    endloop
  endfacet
  facet normal 1.000000e+00 4.591074e-41 0.000000e+00
    outer loop
      vertex 7.900000e+00 8.950000e+00 6.990317e-01
      vertex 7.600000e+00 8.800000e+00 6.990317e-01
      vertex 7.900000e+00 8.800000e+00 6.990317e-01
    endloop
  endfacet
  facet normal 1.000000e+00 0.000000e+00 0.000000e+00
    outer loop
      vertex 7.900000e+00 8.800000e+00 6.990317e-01
      vertex 7.600000e+00 8.800000e+00 6.990317e-01
      vertex 6.700000e+00 7.230000e+00 6.990317e-01
    endloop
  endfacet
  facet normal 1.000000e+00 0.000000e+00 0.000000e+00
    outer loop
      vertex 6.700000e+00 7.230000e+00 6.990317e-01
      vertex 7.600000e+00 8.800000e+00 6.990317e-01
      vertex 6.500000e+00 7.230000e+00 6.990317e-01
    endloop
  endfacet
  facet normal 1.000000e+00 0.000000e+00 -2.080099e+15
    outer loop
      vertex 6.700000e+00 7.230000e+00 6.990317e-01
      vertex 6.500000e+00 7.230000e+00 6.990317e-01
      vertex 6.500000e+00 7.130000e+00 6.990317e-01
    endloop
  endfacet
  facet normal 1.000000e+00 0.000000e+00 -nan
    outer loop
      vertex 6.500000e+00 7.130000e+00 6.990317e-01
      vertex 6.700000e+00 7.130000e+00 6.990317e-01
      vertex 6.700000e+00 7.230000e+00 6.990317e-01
    endloop
  endfacet
  facet normal -1.000000e+00 0.000000e+00 -nan
    outer loop
      vertex 7.600000e+00 9.050000e+00 5.990317e-01
      vertex 7.900000e+00 8.800000e+00 5.990317e-01
      vertex 7.600000e+00 8.800000e+00 5.990317e-01
    endloop
  endfacet
  facet normal -1.000000e+00 5.184804e-43 0.000000e+00
    outer loop
      vertex 7.600000e+00 8.800000e+00 5.990317e-01
      vertex 7.900000e+00 8.800000e+00 5.990317e-01
      vertex 6.700000e+00 7.230000e+00 5.990317e-01
    endloop
  endfacet
  facet normal -1.000000e+00 1.875000e+00 2.412235e+00
    outer loop
      vertex 7.600000e+00 8.800000e+00 5.990317e-01
      vertex 6.700000e+00 7.230000e+00 5.990317e-01
      vertex 6.500000e+00 7.230000e+00 5.990317e-01
    endloop
  endfacet
  facet normal -1.000000e+00 0.000000e+00 0.000000e+00
    outer loop
      vertex 6.500000e+00 7.230000e+00 5.990317e-01
      vertex 6.700000e+00 7.230000e+00 5.990317e-01
      vertex 6.700000e+00 7.130000e+00 5.990317e-01
    endloop
  endfacet
  facet normal -1.000000e+00 0.000000e+00 -nan
    outer loop
      vertex 6.500000e+00 7.230000e+00 5.990317e-01
      vertex 6.700000e+00 7.130000e+00 5.990317e-01
      vertex 6.500000e+00 7.130000e+00 5.990317e-01
    endloop
  endfacet
  facet normal -1.000000e+00 1.875000e+00 0.000000e+00
    outer loop
      vertex 7.600000e+00 9.050000e+00 5.990317e-01
      vertex 7.900000e+00 9.050000e+00 5.990317e-01
      vertex 7.900000e+00 8.800000e+00 5.990317e-01
    endloop
  endfacet
  facet normal 0.000000e+00 5.184804e-43 0.000000e+00
    outer loop
      vertex 7.600000e+00 9.050000e+00 5.990317e-01
      vertex 7.600000e+00 9.050000e+00 1.024032e+00
      vertex 7.900000e+00 9.050000e+00 5.990317e-01
    endloop
  endfacet
  facet normal 0.000000e+00 0.000000e+00 0.000000e+00
    outer loop
      vertex 7.900000e+00 9.050000e+00 5.990317e-01
      vertex 7.600000e+00 9.050000e+00 1.024032e+00
      vertex 7.900000e+00 9.050000e+00 1.024032e+00
    endloop
  endfacet
  facet normal 1.000000e+00 4.591074e-41 0.000000e+00
    outer loop
      vertex 7.900000e+00 8.950000e+00 1.124032e+00
      vertex 7.900000e+00 1.030000e+01 1.124032e+00
      vertex 7.600000e+00 8.950000e+00 1.124032e+00
    endloop
  endfacet
  facet normal 1.000000e+00 0.000000e+00 0.000000e+00
    outer loop
      vertex 7.600000e+00 8.950000e+00 1.124032e+00
      vertex 7.900000e+00 1.030000e+01 1.124032e+00
      vertex 7.600000e+00 1.030000e+01 1.124032e+00
    endloop
  endfacet
  facet normal 9.486833e-01 0.000000e+00 -2.435853e+19
    outer loop
      vertex 7.900000e+00 1.030000e+01 1.124032e+00
      vertex 7.900000e+00 1.060000e+01 1.024032e+00
      vertex 7.600000e+00 1.030000e+01 1.124032e+00
    endloop
  endfacet
  facet normal 9.486833e-01 0.000000e+00 -2.422685e+19
    outer loop
      vertex 7.600000e+00 1.030000e+01 1.124032e+00
      vertex 7.900000e+00 1.060000e+01 1.024032e+00
      vertex 7.600000e+00 1.060000e+01 1.024032e+00
    endloop
  endfacet
  facet normal 7.124705e-02 0.000000e+00 -4.235674e+16
    outer loop
      vertex 7.900000e+00 1.060000e+01 1.024032e+00
      vertex 7.900000e+00 1.070000e+01 -3.759683e-01
      vertex 7.600000e+00 1.060000e+01 1.024032e+00
    endloop
  endfacet
  facet normal 7.124705e-02 0.000000e+00 -nan
    outer loop
      vertex 7.600000e+00 1.060000e+01 1.024032e+00
      vertex 7.900000e+00 1.070000e+01 -3.759683e-01
      vertex 7.600000e+00 1.070000e+01 -3.759683e-01
    endloop
  endfacet
  facet normal 1.000000e+00 1.875000e+00 3.561939e-31
    outer loop
      vertex 7.900000e+00 1.070000e+01 -3.759683e-01
      vertex 7.900000e+00 1.100000e+01 -3.759683e-01
      vertex 7.600000e+00 1.070000e+01 -3.759683e-01
    endloop
  endfacet
  facet normal 1.000000e+00 0.000000e+00 -2.392333e+19
    outer loop
      vertex 7.600000e+00 1.070000e+01 -3.759683e-01
      vertex 7.900000e+00 1.100000e+01 -3.759683e-01
      vertex 7.600000e+00 1.100000e+01 -3.759683e-01
    endloop
  endfacet
  facet normal 0.000000e+00 1.875000e+00 0.000000e+00
    outer loop
      vertex 7.900000e+00 1.100000e+01 -3.759683e-01
      vertex 7.900000e+00 1.100000e+01 -4.759683e-01
      vertex 7.600000e+00 1.100000e+01 -3.759683e-01
    endloop
  endfacet
  facet normal 0.000000e+00 2.525000e+00 -1.653998e-12
    outer loop
      vertex 7.600000e+00 1.100000e+01 -3.759683e-01
      vertex 7.900000e+00 1.100000e+01 -4.759683e-01
      vertex 7.600000e+00 1.100000e+01 -4.759683e-01
    endloop
  endfacet
  facet normal -1.000000e+00 0.000000e+00 0.000000e+00
    outer loop
      vertex 7.900000e+00 1.100000e+01 -4.759683e-01
      vertex 7.900000e+00 1.060000e+01 -4.759683e-01
      vertex 7.600000e+00 1.100000e+01 -4.759683e-01
    endloop
  endfacet
  facet normal -1.000000e+00 -1.875000e+00 0.000000e+00
    outer loop
      vertex 7.600000e+00 1.100000e+01 -4.759683e-01
      vertex 7.900000e+00 1.060000e+01 -4.759683e-01
      vertex 7.600000e+00 1.060000e+01 -4.759683e-01
    endloop
  endfacet
  facet normal -7.024856e-02 5.184804e-43 0.000000e+00
    outer loop
      vertex 7.900000e+00 1.060000e+01 -4.759683e-01
      vertex 7.900000e+00 1.050000e+01 9.440317e-01
      vertex 7.600000e+00 1.060000e+01 -4.759683e-01
    endloop
  endfacet
  facet normal -7.024856e-02 0.000000e+00 0.000000e+00
    outer loop
      vertex 7.600000e+00 1.060000e+01 -4.759683e-01
      vertex 7.900000e+00 1.050000e+01 9.440317e-01
      vertex 7.600000e+00 1.050000e+01 9.440317e-01
    endloop
  endfacet
  facet normal -9.397934e-01 4.591074e-41 0.000000e+00
    outer loop
      vertex 7.900000e+00 1.050000e+01 9.440317e-01
      vertex 7.900000e+00 1.028000e+01 1.024032e+00
      vertex 7.600000e+00 1.050000e+01 9.440317e-01
    endloop
  endfacet
  facet normal -9.397934e-01 4.591074e-41 0.000000e+00
    outer loop
      vertex 7.600000e+00 1.050000e+01 9.440317e-01
      vertex 7.900000e+00 1.028000e+01 1.024032e+00
      vertex 7.600000e+00 1.028000e+01 1.024032e+00
    endloop
  endfacet
  facet normal -1.000000e+00 1.875000e+00 2.412235e+00
    outer loop
      vertex 7.900000e+00 1.028000e+01 1.024032e+00
      vertex 7.900000e+00 9.050000e+00 1.024032e+00
      vertex 7.600000e+00 1.028000e+01 1.024032e+00
    endloop
  endfacet
  facet normal -1.000000e+00 0.000000e+00 -nan
    outer loop
      vertex 7.600000e+00 1.028000e+01 1.024032e+00
      vertex 7.900000e+00 9.050000e+00 1.024032e+00
      vertex 7.600000e+00 9.050000e+00 1.024032e+00
    endloop
  endfacet
  facet normal 1.502787e-31 0.000000e+00 -2.427185e+19
    outer loop
      vertex 7.900000e+00 8.950000e+00 1.124032e+00
      vertex 7.900000e+00 9.050000e+00 1.024032e+00
      vertex 7.900000e+00 1.030000e+01 1.124032e+00
    endloop
  endfacet
  facet normal 1.502787e-31 0.000000e+00 -nan
    outer loop
      vertex 7.900000e+00 1.030000e+01 1.124032e+00
      vertex 7.900000e+00 9.050000e+00 1.024032e+00
      vertex 7.900000e+00 1.028000e+01 1.024032e+00
    endloop
  endfacet
  facet normal 1.502787e-31 0.000000e+00 0.000000e+00
    outer loop
      vertex 7.900000e+00 1.030000e+01 1.124032e+00
      vertex 7.900000e+00 1.028000e+01 1.024032e+00
      vertex 7.900000e+00 1.050000e+01 9.440317e-01
    endloop
  endfacet
  facet normal 1.502787e-31 0.000000e+00 -nan
    outer loop
      vertex 7.900000e+00 8.950000e+00 1.124032e+00
      vertex 7.900000e+00 8.950000e+00 6.990317e-01
      vertex 7.900000e+00 9.050000e+00 1.024032e+00
    endloop
  endfacet
  facet normal 1.502787e-31 1.875000e+00 0.000000e+00
    outer loop
      vertex 7.900000e+00 9.050000e+00 1.024032e+00
      vertex 7.900000e+00 8.950000e+00 6.990317e-01
      vertex 7.900000e+00 9.050000e+00 5.990317e-01
    endloop
  endfacet
  facet normal 1.502787e-31 0.000000e+00 -2.131554e+16
    outer loop
      vertex 7.900000e+00 8.800000e+00 6.990317e-01
      vertex 7.900000e+00 8.800000e+00 5.990317e-01
      vertex 7.900000e+00 8.950000e+00 6.990317e-01
    endloop
  endfacet
  facet normal 1.502787e-31 2.445625e+00 6.537431e-28
    outer loop
      vertex 7.900000e+00 8.950000e+00 6.990317e-01
      vertex 7.900000e+00 8.800000e+00 5.990317e-01
      vertex 7.900000e+00 9.050000e+00 5.990317e-01
    endloop
  endfacet
  facet normal 1.502787e-31 0.000000e+00 -1.274453e+13
    outer loop
      vertex 7.900000e+00 1.060000e+01 -4.759683e-01
      vertex 7.900000e+00 1.070000e+01 -3.759683e-01
      vertex 7.900000e+00 1.050000e+01 9.440317e-01
    endloop
  endfacet
  facet normal 1.502787e-31 0.000000e+00 -2.392460e+19
    outer loop
      vertex 7.900000e+00 1.050000e+01 9.440317e-01
      vertex 7.900000e+00 1.070000e+01 -3.759683e-01
      vertex 7.900000e+00 1.060000e+01 1.024032e+00
    endloop
  endfacet
  facet normal 1.502787e-31 1.875000e+00 0.000000e+00
    outer loop
      vertex 7.900000e+00 1.050000e+01 9.440317e-01
      vertex 7.900000e+00 1.060000e+01 1.024032e+00
      vertex 7.900000e+00 1.030000e+01 1.124032e+00
    endloop
  endfacet
  facet normal 1.502787e-31 4.591074e-41 0.000000e+00
    outer loop
      vertex 7.900000e+00 1.060000e+01 -4.759683e-01
      vertex 7.900000e+00 1.100000e+01 -4.759683e-01
      vertex 7.900000e+00 1.070000e+01 -3.759683e-01
    endloop
  endfacet
  facet normal 1.502787e-31 0.000000e+00 -nan
    outer loop
      vertex 7.900000e+00 1.070000e+01 -3.759683e-01
      vertex 7.900000e+00 1.100000e+01 -4.759683e-01
      vertex 7.900000e+00 1.100000e+01 -3.759683e-01
    endloop
  endfacet
  facet normal -1.502787e-31 5.184804e-43 0.000000e+00
    outer loop
      vertex 7.600000e+00 8.950000e+00 6.990317e-01
      vertex 7.600000e+00 8.950000e+00 1.124032e+00
      vertex 7.600000e+00 9.050000e+00 1.024032e+00
    endloop
  endfacet
  facet normal -1.502787e-31 0.000000e+00 -nan
    outer loop
      vertex 7.600000e+00 9.050000e+00 1.024032e+00
      vertex 7.600000e+00 8.950000e+00 1.124032e+00
      vertex 7.600000e+00 1.030000e+01 1.124032e+00
    endloop
  endfacet
  facet normal -1.502787e-31 1.875000e+00 -8.936117e-16
    outer loop
      vertex 7.600000e+00 9.050000e+00 1.024032e+00
      vertex 7.600000e+00 1.030000e+01 1.124032e+00
      vertex 7.600000e+00 1.028000e+01 1.024032e+00
    endloop
  endfacet
  facet normal -1.502787e-31 1.875000e+00 1.089114e+25
    outer loop
      vertex 7.600000e+00 1.028000e+01 1.024032e+00
      vertex 7.600000e+00 1.030000e+01 1.124032e+00
      vertex 7.600000e+00 1.050000e+01 9.440317e-01
    endloop
  endfacet
  facet normal -1.502787e-31 4.591074e-41 0.000000e+00
    outer loop
      vertex 7.600000e+00 1.030000e+01 1.124032e+00
      vertex 7.600000e+00 1.060000e+01 1.024032e+00
      vertex 7.600000e+00 1.050000e+01 9.440317e-01
    endloop
  endfacet
  facet normal -1.502787e-31 4.591074e-41 0.000000e+00
    outer loop
      vertex 7.600000e+00 1.050000e+01 9.440317e-01
      vertex 7.600000e+00 1.060000e+01 1.024032e+00
      vertex 7.600000e+00 1.070000e+01 -3.759683e-01
    endloop
  endfacet
  facet normal -1.502787e-31 5.184804e-43 0.000000e+00
    outer loop
      vertex 7.600000e+00 1.050000e+01 9.440317e-01
      vertex 7.600000e+00 1.070000e+01 -3.759683e-01
      vertex 7.600000e+00 1.060000e+01 -4.759683e-01
    endloop
  endfacet
  facet normal -1.502787e-31 0.000000e+00 -nan
    outer loop
      vertex 7.600000e+00 1.060000e+01 -4.759683e-01
      vertex 7.600000e+00 1.070000e+01 -3.759683e-01
      vertex 7.600000e+00 1.100000e+01 -4.759683e-01
    endloop
  endfacet
  facet normal -1.502787e-31 1.875000e+00 1.089114e+25
    outer loop
      vertex 7.600000e+00 1.070000e+01 -3.759683e-01
      vertex 7.600000e+00 1.100000e+01 -3.759683e-01
      vertex 7.600000e+00 1.100000e+01 -4.759683e-01
    endloop
  endfacet
  facet normal -1.502787e-31 0.000000e+00 -nan
    outer loop
      vertex 7.600000e+00 9.050000e+00 1.024032e+00
      vertex 7.600000e+00 9.050000e+00 5.990317e-01
      vertex 7.600000e+00 8.950000e+00 6.990317e-01
    endloop
  endfacet
  facet normal -1.502787e-31 2.571875e+00 -5.236418e-18
    outer loop
      vertex 7.600000e+00 8.950000e+00 6.990317e-01
      vertex 7.600000e+00 9.050000e+00 5.990317e-01
      vertex 7.600000e+00 8.800000e+00 5.990317e-01
    endloop
  endfacet
  facet normal -1.502787e-31 0.000000e+00 -nan
    outer loop
      vertex 7.600000e+00 8.950000e+00 6.990317e-01
      vertex 7.600000e+00 8.800000e+00 5.990317e-01
      vertex 7.600000e+00 8.800000e+00 6.990317e-01
    endloop
  endfacet
endsolid PEC:Pin_5
solid PEC:Pin_6
  facet normal 0.000000e+00 0.000000e+00 -2.823069e+15
    outer loop
      vertex 7.020000e+00 7.130000e+00 6.990317e-01
      vertex 6.820000e+00 7.130000e+00 6.990317e-01
      vertex 7.020000e+00 7.130000e+00 5.990317e-01
    endloop
  endfacet
  facet normal 0.000000e+00 0.000000e+00 -4.283240e+15
    outer loop
      vertex 7.020000e+00 7.130000e+00 5.990317e-01
      vertex 6.820000e+00 7.130000e+00 6.990317e-01
      vertex 6.820000e+00 7.130000e+00 5.990317e-01
    endloop
  endfacet
  facet normal -0.000000e+00 0.000000e+00 -nan
    outer loop
      vertex 6.820000e+00 7.130000e+00 6.990317e-01
      vertex 6.820000e+00 7.230000e+00 6.990317e-01
      vertex 6.820000e+00 7.130000e+00 5.990317e-01
    endloop
  endfacet
  facet normal -0.000000e+00 1.875000e+00 0.000000e+00
    outer loop
      vertex 6.820000e+00 7.130000e+00 5.990317e-01
      vertex 6.820000e+00 7.230000e+00 6.990317e-01
      vertex 6.820000e+00 7.230000e+00 5.990317e-01
    endloop
  endfacet
  facet normal -0.000000e+00 4.591074e-41 0.000000e+00
    outer loop
      vertex 7.020000e+00 7.130000e+00 5.990317e-01
      vertex 7.020000e+00 7.230000e+00 5.990317e-01
      vertex 7.020000e+00 7.130000e+00 6.990317e-01
    endloop
  endfacet
  facet normal -0.000000e+00 5.184804e-43 0.000000e+00
    outer loop
      vertex 7.020000e+00 7.130000e+00 6.990317e-01
      vertex 7.020000e+00 7.230000e+00 5.990317e-01
      vertex 7.020000e+00 7.230000e+00 6.990317e-01
    endloop
  endfacet
  facet normal -0.000000e+00 0.000000e+00 -2.448992e+19
    outer loop
      vertex 7.020000e+00 7.230000e+00 6.990317e-01
      vertex 7.020000e+00 7.230000e+00 5.990317e-01
      vertex 8.450000e+00 8.800000e+00 6.990317e-01
    endloop
  endfacet
  facet normal -0.000000e+00 0.000000e+00 0.000000e+00
    outer loop
      vertex 8.450000e+00 8.800000e+00 6.990317e-01
      vertex 7.020000e+00 7.230000e+00 5.990317e-01
      vertex 8.450000e+00 8.800000e+00 5.990317e-01
    endloop
  endfacet
  facet normal -0.000000e+00 2.532812e+00 2.017288e-33
    outer loop
      vertex 6.820000e+00 7.230000e+00 5.990317e-01
      vertex 6.820000e+00 7.230000e+00 6.990317e-01
      vertex 8.150001e+00 8.800000e+00 5.990317e-01
    endloop
  endfacet
  facet normal -0.000000e+00 5.184804e-43 0.000000e+00
    outer loop
      vertex 8.150001e+00 8.800000e+00 5.990317e-01
      vertex 6.820000e+00 7.230000e+00 6.990317e-01
      vertex 8.150001e+00 8.800000e+00 6.990317e-01
    endloop
  endfacet
  facet normal 0.000000e+00 0.000000e+00 0.000000e+00
    outer loop
      vertex 8.150001e+00 8.950000e+00 1.124032e+00
      vertex 8.150001e+00 8.950000e+00 6.990317e-01
      vertex 8.450000e+00 8.950000e+00 1.124032e+00
    endloop
  endfacet
  facet normal 0.000000e+00 0.000000e+00 -8.905078e+14
    outer loop
      vertex 8.450000e+00 8.950000e+00 1.124032e+00
      vertex 8.150001e+00 8.950000e+00 6.990317e-01
      vertex 8.450000e+00 8.950000e+00 6.990317e-01
    endloop
  endfacet
  facet normal 1.000000e+00 0.000000e+00 -nan
    outer loop
      vertex 8.150001e+00 8.950000e+00 6.990317e-01
      vertex 8.150001e+00 8.800000e+00 6.990317e-01
      vertex 8.450000e+00 8.950000e+00 6.990317e-01
    endloop
  endfacet
  facet normal 1.000000e+00 0.000000e+00 -2.459801e+19
    outer loop
      vertex 8.450000e+00 8.950000e+00 6.990317e-01
      vertex 8.150001e+00 8.800000e+00 6.990317e-01
      vertex 8.450000e+00 8.800000e+00 6.990317e-01
    endloop
  endfacet
  facet normal 1.000000e+00 4.591074e-41 0.000000e+00
    outer loop
      vertex 8.450000e+00 8.800000e+00 6.990317e-01
      vertex 8.150001e+00 8.800000e+00 6.990317e-01
      vertex 7.020000e+00 7.230000e+00 6.990317e-01
    endloop
  endfacet
  facet normal 1.000000e+00 0.000000e+00 0.000000e+00
    outer loop
      vertex 7.020000e+00 7.230000e+00 6.990317e-01
      vertex 8.150001e+00 8.800000e+00 6.990317e-01
      vertex 6.820000e+00 7.230000e+00 6.990317e-01
    endloop
  endfacet
  facet normal 1.000000e+00 0.000000e+00 0.000000e+00
    outer loop
      vertex 7.020000e+00 7.230000e+00 6.990317e-01
      vertex 6.820000e+00 7.230000e+00 6.990317e-01
      vertex 6.820000e+00 7.130000e+00 6.990317e-01
    endloop
  endfacet
  facet normal 1.000000e+00 1.875000e+00 0.000000e+00
    outer loop
      vertex 6.820000e+00 7.130000e+00 6.990317e-01
      vertex 7.020000e+00 7.130000e+00 6.990317e-01
      vertex 7.020000e+00 7.230000e+00 6.990317e-01
    endloop
  endfacet
  facet normal -1.000000e+00 1.875000e+00 0.000000e+00
    outer loop
      vertex 8.150001e+00 9.050000e+00 5.990317e-01
      vertex 8.450000e+00 8.800000e+00 5.990317e-01
      vertex 8.150001e+00 8.800000e+00 5.990317e-01
    endloop
  endfacet
  facet normal -1.000000e+00 0.000000e+00 -nan
    outer loop
      vertex 8.150001e+00 8.800000e+00 5.990317e-01
      vertex 8.450000e+00 8.800000e+00 5.990317e-01
      vertex 7.020000e+00 7.230000e+00 5.990317e-01
    endloop
  endfacet
  facet normal -1.000000e+00 0.000000e+00 -nan
    outer loop
      vertex 8.150001e+00 8.800000e+00 5.990317e-01
      vertex 7.020000e+00 7.230000e+00 5.990317e-01
      vertex 6.820000e+00 7.230000e+00 5.990317e-01
    endloop
  endfacet
  facet normal -1.000000e+00 5.184804e-43 0.000000e+00
    outer loop
      vertex 6.820000e+00 7.230000e+00 5.990317e-01
      vertex 7.020000e+00 7.230000e+00 5.990317e-01
      vertex 7.020000e+00 7.130000e+00 5.990317e-01
    endloop
  endfacet
  facet normal -1.000000e+00 1.875000e+00 -3.663755e+23
    outer loop
      vertex 6.820000e+00 7.230000e+00 5.990317e-01
      vertex 7.020000e+00 7.130000e+00 5.990317e-01
      vertex 6.820000e+00 7.130000e+00 5.990317e-01
    endloop
  endfacet
  facet normal -1.000000e+00 0.000000e+00 -2.448463e+19
    outer loop
      vertex 8.150001e+00 9.050000e+00 5.990317e-01
      vertex 8.450000e+00 9.050000e+00 5.990317e-01
      vertex 8.450000e+00 8.800000e+00 5.990317e-01
    endloop
  endfacet
  facet normal 0.000000e+00 2.125000e+00 -3.570850e-37
    outer loop
      vertex 8.150001e+00 9.050000e+00 5.990317e-01
      vertex 8.150001e+00 9.050000e+00 1.024032e+00
      vertex 8.450000e+00 9.050000e+00 5.990317e-01
    endloop
  endfacet
  facet normal 0.000000e+00 1.862171e+00 9.236533e+20
    outer loop
      vertex 8.450000e+00 9.050000e+00 5.990317e-01
      vertex 8.150001e+00 9.050000e+00 1.024032e+00
      vertex 8.450000e+00 9.050000e+00 1.024032e+00
    endloop
  endfacet
  facet normal 1.000000e+00 0.000000e+00 0.000000e+00
    outer loop
      vertex 8.450000e+00 8.950000e+00 1.124032e+00
      vertex 8.450000e+00 1.030000e+01 1.124032e+00
      vertex 8.150001e+00 8.950000e+00 1.124032e+00
    endloop
  endfacet
  facet normal 1.000000e+00 0.000000e+00 -nan
    outer loop
      vertex 8.150001e+00 8.950000e+00 1.124032e+00
      vertex 8.450000e+00 1.030000e+01 1.124032e+00
      vertex 8.150001e+00 1.030000e+01 1.124032e+00
    endloop
  endfacet
  facet normal 9.486833e-01 4.591074e-41 0.000000e+00
    outer loop
      vertex 8.450000e+00 1.030000e+01 1.124032e+00
      vertex 8.450000e+00 1.060000e+01 1.024032e+00
      vertex 8.150001e+00 1.030000e+01 1.124032e+00
    endloop
  endfacet
  facet normal 9.486833e-01 1.875000e+00 0.000000e+00
    outer loop
      vertex 8.150001e+00 1.030000e+01 1.124032e+00
      vertex 8.450000e+00 1.060000e+01 1.024032e+00
      vertex 8.150001e+00 1.060000e+01 1.024032e+00
    endloop
  endfacet
  facet normal 7.124705e-02 0.000000e+00 -8.421242e+14
    outer loop
      vertex 8.450000e+00 1.060000e+01 1.024032e+00
      vertex 8.450000e+00 1.070000e+01 -3.759683e-01
      vertex 8.150001e+00 1.060000e+01 1.024032e+00
    endloop
  endfacet
  facet normal 7.124705e-02 0.000000e+00 -2.448760e+19
    outer loop
      vertex 8.150001e+00 1.060000e+01 1.024032e+00
      vertex 8.450000e+00 1.070000e+01 -3.759683e-01
      vertex 8.150001e+00 1.070000e+01 -3.759683e-01
    endloop
  endfacet
  facet normal 1.000000e+00 2.593750e+00 -6.351229e+16
    outer loop
      vertex 8.450000e+00 1.070000e+01 -3.759683e-01
      vertex 8.450000e+00 1.100000e+01 -3.759683e-01
      vertex 8.150001e+00 1.070000e+01 -3.759683e-01
    endloop
  endfacet
  facet normal 1.000000e+00 0.000000e+00 -nan
    outer loop
      vertex 8.150001e+00 1.070000e+01 -3.759683e-01
      vertex 8.450000e+00 1.100000e+01 -3.759683e-01
      vertex 8.150001e+00 1.100000e+01 -3.759683e-01
    endloop
  endfacet
  facet normal 0.000000e+00 0.000000e+00 0.000000e+00
    outer loop
      vertex 8.450000e+00 1.100000e+01 -3.759683e-01
      vertex 8.450000e+00 1.100000e+01 -4.759683e-01
      vertex 8.150001e+00 1.100000e+01 -3.759683e-01
    endloop
  endfacet
  facet normal 0.000000e+00 1.875000e+00 0.000000e+00
    outer loop
      vertex 8.150001e+00 1.100000e+01 -3.759683e-01
      vertex 8.450000e+00 1.100000e+01 -4.759683e-01
      vertex 8.150001e+00 1.100000e+01 -4.759683e-01
    endloop
  endfacet
  facet normal -1.000000e+00 2.525000e+00 -1.653998e-12
    outer loop
      vertex 8.450000e+00 1.100000e+01 -4.759683e-01
      vertex 8.450000e+00 1.060000e+01 -4.759683e-01
      vertex 8.150001e+00 1.100000e+01 -4.759683e-01
    endloop
  endfacet
  facet normal -1.000000e+00 0.000000e+00 0.000000e+00
    outer loop
      vertex 8.150001e+00 1.100000e+01 -4.759683e-01
      vertex 8.450000e+00 1.060000e+01 -4.759683e-01
      vertex 8.150001e+00 1.060000e+01 -4.759683e-01
    endloop
  endfacet
  facet normal -7.024856e-02 0.000000e+00 -1.038546e+17
    outer loop
      vertex 8.450000e+00 1.060000e+01 -4.759683e-01
      vertex 8.450000e+00 1.050000e+01 9.440317e-01
      vertex 8.150001e+00 1.060000e+01 -4.759683e-01
    endloop
  endfacet
  facet normal -7.024856e-02 0.000000e+00 -2.440082e+19
    outer loop
      vertex 8.150001e+00 1.060000e+01 -4.759683e-01
      vertex 8.450000e+00 1.050000e+01 9.440317e-01
      vertex 8.150001e+00 1.050000e+01 9.440317e-01
    endloop
  endfacet
  facet normal -9.397934e-01 1.875000e+00 0.000000e+00
    outer loop
      vertex 8.450000e+00 1.050000e+01 9.440317e-01
      vertex 8.450000e+00 1.028000e+01 1.024032e+00
      vertex 8.150001e+00 1.050000e+01 9.440317e-01
    endloop
  endfacet
  facet normal -9.397934e-01 1.875000e+00 -6.332590e+15
    outer loop
      vertex 8.150001e+00 1.050000e+01 9.440317e-01
      vertex 8.450000e+00 1.028000e+01 1.024032e+00
      vertex 8.150001e+00 1.028000e+01 1.024032e+00
    endloop
  endfacet
  facet normal -1.000000e+00 0.000000e+00 -2.427440e+19
    outer loop
      vertex 8.450000e+00 1.028000e+01 1.024032e+00
      vertex 8.450000e+00 9.050000e+00 1.024032e+00
      vertex 8.150001e+00 1.028000e+01 1.024032e+00
    endloop
  endfacet
  facet normal -1.000000e+00 5.184804e-43 0.000000e+00
    outer loop
      vertex 8.150001e+00 1.028000e+01 1.024032e+00
      vertex 8.450000e+00 9.050000e+00 1.024032e+00
      vertex 8.150001e+00 9.050000e+00 1.024032e+00
    endloop
  endfacet
  facet normal 1.502787e-31 2.584375e+00 1.592430e+32
    outer loop
      vertex 8.450000e+00 8.950000e+00 1.124032e+00
      vertex 8.450000e+00 9.050000e+00 1.024032e+00
      vertex 8.450000e+00 1.030000e+01 1.124032e+00
    endloop
  endfacet
  facet normal 1.502787e-31 1.875000e+00 0.000000e+00
    outer loop
      vertex 8.450000e+00 1.030000e+01 1.124032e+00
      vertex 8.450000e+00 9.050000e+00 1.024032e+00
      vertex 8.450000e+00 1.028000e+01 1.024032e+00
    endloop
  endfacet
  facet normal 1.502787e-31 2.532812e+00 2.017288e-33
    outer loop
      vertex 8.450000e+00 1.030000e+01 1.124032e+00
      vertex 8.450000e+00 1.028000e+01 1.024032e+00
      vertex 8.450000e+00 1.050000e+01 9.440317e-01
    endloop
  endfacet
  facet normal 1.502787e-31 0.000000e+00 0.000000e+00
    outer loop
      vertex 8.450000e+00 8.950000e+00 1.124032e+00
      vertex 8.450000e+00 8.950000e+00 6.990317e-01
      vertex 8.450000e+00 9.050000e+00 1.024032e+00
    endloop
  endfacet
  facet normal 1.502787e-31 0.000000e+00 -nan
    outer loop
      vertex 8.450000e+00 9.050000e+00 1.024032e+00
      vertex 8.450000e+00 8.950000e+00 6.990317e-01
      vertex 8.450000e+00 9.050000e+00 5.990317e-01
    endloop
  endfacet
  facet normal 1.502787e-31 1.875000e+00 -8.936119e-16
    outer loop
      vertex 8.450000e+00 8.800000e+00 6.990317e-01
      vertex 8.450000e+00 8.800000e+00 5.990317e-01
      vertex 8.450000e+00 8.950000e+00 6.990317e-01
    endloop
  endfacet
  facet normal 1.502787e-31 0.000000e+00 0.000000e+00
    outer loop
      vertex 8.450000e+00 8.950000e+00 6.990317e-01
      vertex 8.450000e+00 8.800000e+00 5.990317e-01
      vertex 8.450000e+00 9.050000e+00 5.990317e-01
    endloop
  endfacet
  facet normal 1.502787e-31 0.000000e+00 -nan
    outer loop
      vertex 8.450000e+00 1.060000e+01 -4.759683e-01
      vertex 8.450000e+00 1.070000e+01 -3.759683e-01
      vertex 8.450000e+00 1.050000e+01 9.440317e-01
    endloop
  endfacet
  facet normal 1.502787e-31 0.000000e+00 -nan
    outer loop
      vertex 8.450000e+00 1.050000e+01 9.440317e-01
      vertex 8.450000e+00 1.070000e+01 -3.759683e-01
      vertex 8.450000e+00 1.060000e+01 1.024032e+00
    endloop
  endfacet
  facet normal 1.502787e-31 0.000000e+00 -2.423389e+19
    outer loop
      vertex 8.450000e+00 1.050000e+01 9.440317e-01
      vertex 8.450000e+00 1.060000e+01 1.024032e+00
      vertex 8.450000e+00 1.030000e+01 1.124032e+00
    endloop
  endfacet
  facet normal 1.502787e-31 0.000000e+00 -nan
    outer loop
      vertex 8.450000e+00 1.060000e+01 -4.759683e-01
      vertex 8.450000e+00 1.100000e+01 -4.759683e-01
      vertex 8.450000e+00 1.070000e+01 -3.759683e-01
    endloop
  endfacet
  facet normal 1.502787e-31 5.184804e-43 0.000000e+00
    outer loop
      vertex 8.450000e+00 1.070000e+01 -3.759683e-01
      vertex 8.450000e+00 1.100000e+01 -4.759683e-01
      vertex 8.450000e+00 1.100000e+01 -3.759683e-01
    endloop
  endfacet
  facet normal -1.502787e-31 0.000000e+00 -nan
    outer loop
      vertex 8.150001e+00 8.950000e+00 6.990317e-01
      vertex 8.150001e+00 8.950000e+00 1.124032e+00
      vertex 8.150001e+00 9.050000e+00 1.024032e+00
    endloop
  endfacet
  facet normal -1.502787e-31 4.591074e-41 0.000000e+00
    outer loop
      vertex 8.150001e+00 9.050000e+00 1.024032e+00
      vertex 8.150001e+00 8.950000e+00 1.124032e+00
      vertex 8.150001e+00 1.030000e+01 1.124032e+00
    endloop
  endfacet
  facet normal -1.502787e-31 0.000000e+00 0.000000e+00
    outer loop
      vertex 8.150001e+00 9.050000e+00 1.024032e+00
      vertex 8.150001e+00 1.030000e+01 1.124032e+00
      vertex 8.150001e+00 1.028000e+01 1.024032e+00
    endloop
  endfacet
  facet normal -1.502787e-31 1.875000e+00 3.561937e-31
    outer loop
      vertex 8.150001e+00 1.028000e+01 1.024032e+00
      vertex 8.150001e+00 1.030000e+01 1.124032e+00
      vertex 8.150001e+00 1.050000e+01 9.440317e-01
    endloop
  endfacet
  facet normal -1.502787e-31 1.875000e+00 0.000000e+00
    outer loop
      vertex 8.150001e+00 1.030000e+01 1.124032e+00
      vertex 8.150001e+00 1.060000e+01 1.024032e+00
      vertex 8.150001e+00 1.050000e+01 9.440317e-01
    endloop
  endfacet
  facet normal -1.502787e-31 0.000000e+00 -1.420382e+15
    outer loop
      vertex 8.150001e+00 1.050000e+01 9.440317e-01
      vertex 8.150001e+00 1.060000e+01 1.024032e+00
      vertex 8.150001e+00 1.070000e+01 -3.759683e-01
    endloop
  endfacet
  facet normal -1.502787e-31 2.543750e+00 2.017288e-33
    outer loop
      vertex 8.150001e+00 1.050000e+01 9.440317e-01
      vertex 8.150001e+00 1.070000e+01 -3.759683e-01
      vertex 8.150001e+00 1.060000e+01 -4.759683e-01
    endloop
  endfacet
  facet normal -1.502787e-31 0.000000e+00 -1.145513e+17
    outer loop
      vertex 8.150001e+00 1.060000e+01 -4.759683e-01
      vertex 8.150001e+00 1.070000e+01 -3.759683e-01
      vertex 8.150001e+00 1.100000e+01 -4.759683e-01
    endloop
  endfacet
  facet normal -1.502787e-31 2.448750e+00 2.946295e+34
    outer loop
      vertex 8.150001e+00 1.070000e+01 -3.759683e-01
      vertex 8.150001e+00 1.100000e+01 -3.759683e-01
      vertex 8.150001e+00 1.100000e+01 -4.759683e-01
    endloop
  endfacet
  facet normal -1.502787e-31 1.875000e+00 5.319255e-25
    outer loop
      vertex 8.150001e+00 9.050000e+00 1.024032e+00
      vertex 8.150001e+00 9.050000e+00 5.990317e-01
      vertex 8.150001e+00 8.950000e+00 6.990317e-01
    endloop
  endfacet
  facet normal -1.502787e-31 1.875000e+00 0.000000e+00
    outer loop
      vertex 8.150001e+00 8.950000e+00 6.990317e-01
      vertex 8.150001e+00 9.050000e+00 5.990317e-01
      vertex 8.150001e+00 8.800000e+00 5.990317e-01
    endloop
  endfacet
  facet normal -1.502787e-31 1.875000e+00 2.412235e+00
    outer loop
      vertex 8.150001e+00 8.950000e+00 6.990317e-01
      vertex 8.150001e+00 8.800000e+00 5.990317e-01
      vertex 8.150001e+00 8.800000e+00 6.990317e-01
    endloop
  endfacet
endsolid PEC:Pin_6
solid PEC:Pin_7
  facet normal 0.000000e+00 5.184804e-43 0.000000e+00
    outer loop
      vertex 4.780000e+00 7.130000e+00 6.990317e-01
      vertex 4.580000e+00 7.130000e+00 6.990317e-01
      vertex 4.780000e+00 7.130000e+00 5.990317e-01
    endloop
  endfacet
  facet normal 0.000000e+00 0.000000e+00 0.000000e+00
    outer loop
      vertex 4.780000e+00 7.130000e+00 5.990317e-01
      vertex 4.580000e+00 7.130000e+00 6.990317e-01
      vertex 4.580000e+00 7.130000e+00 5.990317e-01
    endloop
  endfacet
  facet normal -0.000000e+00 0.000000e+00 0.000000e+00
    outer loop
      vertex 4.580000e+00 7.130000e+00 6.990317e-01
      vertex 4.580000e+00 7.230000e+00 6.990317e-01
      vertex 4.580000e+00 7.130000e+00 5.990317e-01
    endloop
  endfacet
  facet normal -0.000000e+00 5.184804e-43 0.000000e+00
    outer loop
      vertex 4.580000e+00 7.130000e+00 5.990317e-01
      vertex 4.580000e+00 7.230000e+00 6.990317e-01
      vertex 4.580000e+00 7.230000e+00 5.990317e-01
    endloop
  endfacet
  facet normal -0.000000e+00 1.875000e+00 0.000000e+00
    outer loop
      vertex 4.780000e+00 7.130000e+00 5.990317e-01
      vertex 4.780000e+00 7.230000e+00 5.990317e-01
      vertex 4.780000e+00 7.130000e+00 6.990317e-01
    endloop
  endfacet
  facet normal -0.000000e+00 2.543750e+00 2.017288e-33
    outer loop
      vertex 4.780000e+00 7.130000e+00 6.990317e-01
      vertex 4.780000e+00 7.230000e+00 5.990317e-01
      vertex 4.780000e+00 7.230000e+00 6.990317e-01
    endloop
  endfacet
  facet normal 0.000000e+00 2.532812e+00 2.946295e+34
    outer loop
      vertex 4.780000e+00 7.230000e+00 6.990317e-01
      vertex 4.780000e+00 7.230000e+00 5.990317e-01
      vertex 4.600000e+00 8.800000e+00 6.990317e-01
    endloop
  endfacet
  facet normal 0.000000e+00 0.000000e+00 -2.452903e+19
    outer loop
      vertex 4.600000e+00 8.800000e+00 6.990317e-01
      vertex 4.780000e+00 7.230000e+00 5.990317e-01
      vertex 4.600000e+00 8.800000e+00 5.990317e-01
    endloop
  endfacet
  facet normal 0.000000e+00 0.000000e+00 0.000000e+00
    outer loop
      vertex 4.580000e+00 7.230000e+00 5.990317e-01
      vertex 4.580000e+00 7.230000e+00 6.990317e-01
      vertex 4.300000e+00 8.800000e+00 5.990317e-01
    endloop
  endfacet
  facet normal 0.000000e+00 0.000000e+00 0.000000e+00
    outer loop
      vertex 4.300000e+00 8.800000e+00 5.990317e-01
      vertex 4.580000e+00 7.230000e+00 6.990317e-01
      vertex 4.300000e+00 8.800000e+00 6.990317e-01
    endloop
  endfacet
  facet normal 0.000000e+00 0.000000e+00 0.000000e+00
    outer loop
      vertex 4.300000e+00 8.950000e+00 1.124032e+00
      vertex 4.300000e+00 8.950000e+00 6.990317e-01
      vertex 4.600000e+00 8.950000e+00 1.124032e+00
    endloop
  endfacet
  facet normal 0.000000e+00 0.000000e+00 0.000000e+00
    outer loop
      vertex 4.600000e+00 8.950000e+00 1.124032e+00
      vertex 4.300000e+00 8.950000e+00 6.990317e-01
      vertex 4.600000e+00 8.950000e+00 6.990317e-01
    endloop
  endfacet
  facet normal 1.000000e+00 0.000000e+00 0.000000e+00
    outer loop
      vertex 4.300000e+00 8.950000e+00 6.990317e-01
      vertex 4.300000e+00 8.800000e+00 6.990317e-01
      vertex 4.600000e+00 8.950000e+00 6.990317e-01
    endloop
  endfacet
  facet normal 1.000000e+00 0.000000e+00 0.000000e+00
    outer loop
      vertex 4.600000e+00 8.950000e+00 6.990317e-01
      vertex 4.300000e+00 8.800000e+00 6.990317e-01
      vertex 4.600000e+00 8.800000e+00 6.990317e-01
    endloop
  endfacet
  facet normal 1.000000e+00 1.875000e+00 0.000000e+00
    outer loop
      vertex 4.300000e+00 8.800000e+00 6.990317e-01
      vertex 4.580000e+00 7.230000e+00 6.990317e-01
      vertex 4.600000e+00 8.800000e+00 6.990317e-01
    endloop
  endfacet
  facet normal 1.000000e+00 0.000000e+00 0.000000e+00
    outer loop
      vertex 4.600000e+00 8.800000e+00 6.990317e-01
      vertex 4.580000e+00 7.230000e+00 6.990317e-01
      vertex 4.780000e+00 7.230000e+00 6.990317e-01
    endloop
  endfacet
  facet normal 1.000000e+00 0.000000e+00 0.000000e+00
    outer loop
      vertex 4.580000e+00 7.230000e+00 6.990317e-01
      vertex 4.580000e+00 7.130000e+00 6.990317e-01
      vertex 4.780000e+00 7.230000e+00 6.990317e-01
    endloop
  endfacet
  facet normal 1.000000e+00 0.000000e+00 -2.674589e+18
    outer loop
      vertex 4.780000e+00 7.230000e+00 6.990317e-01
      vertex 4.580000e+00 7.130000e+00 6.990317e-01
      vertex 4.780000e+00 7.130000e+00 6.990317e-01
    endloop
  endfacet
  facet normal -1.000000e+00 0.000000e+00 0.000000e+00
    outer loop
      vertex 4.580000e+00 7.230000e+00 5.990317e-01
      vertex 4.300000e+00 8.800000e+00 5.990317e-01
      vertex 4.600000e+00 8.800000e+00 5.990317e-01
    endloop
  endfacet
  facet normal -1.000000e+00 4.591074e-41 0.000000e+00
    outer loop
      vertex 4.600000e+00 8.800000e+00 5.990317e-01
      vertex 4.300000e+00 8.800000e+00 5.990317e-01
      vertex 4.300000e+00 9.050000e+00 5.990317e-01
    endloop
  endfacet
  facet normal -1.000000e+00 0.000000e+00 0.000000e+00
    outer loop
      vertex 4.600000e+00 8.800000e+00 5.990317e-01
      vertex 4.300000e+00 9.050000e+00 5.990317e-01
      vertex 4.600000e+00 9.050000e+00 5.990317e-01
    endloop
  endfacet
  facet normal -1.000000e+00 0.000000e+00 0.000000e+00
    outer loop
      vertex 4.600000e+00 8.800000e+00 5.990317e-01
      vertex 4.780000e+00 7.230000e+00 5.990317e-01
      vertex 4.580000e+00 7.230000e+00 5.990317e-01
    endloop
  endfacet
  facet normal -1.000000e+00 0.000000e+00 0.000000e+00
    outer loop
      vertex 4.580000e+00 7.230000e+00 5.990317e-01
      vertex 4.780000e+00 7.230000e+00 5.990317e-01
      vertex 4.780000e+00 7.130000e+00 5.990317e-01
    endloop
  endfacet
  facet normal -1.000000e+00 2.584375e+00 1.592430e+32
    outer loop
      vertex 4.580000e+00 7.230000e+00 5.990317e-01
      vertex 4.780000e+00 7.130000e+00 5.990317e-01
      vertex 4.580000e+00 7.130000e+00 5.990317e-01
    endloop
  endfacet
  facet normal 0.000000e+00 0.000000e+00 0.000000e+00
    outer loop
      vertex 4.300000e+00 9.050000e+00 5.990317e-01
      vertex 4.300000e+00 9.050000e+00 1.024032e+00
      vertex 4.600000e+00 9.050000e+00 5.990317e-01
    endloop
  endfacet
  facet normal 0.000000e+00 0.000000e+00 0.000000e+00
    outer loop
      vertex 4.600000e+00 9.050000e+00 5.990317e-01
      vertex 4.300000e+00 9.050000e+00 1.024032e+00
      vertex 4.600000e+00 9.050000e+00 1.024032e+00
    endloop
  endfacet
  facet normal 1.000000e+00 0.000000e+00 -nan
    outer loop
      vertex 4.600000e+00 8.950000e+00 1.124032e+00
      vertex 4.600000e+00 1.030000e+01 1.124032e+00
      vertex 4.300000e+00 8.950000e+00 1.124032e+00
    endloop
  endfacet
  facet normal 1.000000e+00 1.875000e+00 0.000000e+00
    outer loop
      vertex 4.300000e+00 8.950000e+00 1.124032e+00
      vertex 4.600000e+00 1.030000e+01 1.124032e+00
      vertex 4.300000e+00 1.030000e+01 1.124032e+00
    endloop
  endfacet
  facet normal 9.486833e-01 0.000000e+00 -nan
    outer loop
      vertex 4.600000e+00 1.030000e+01 1.124032e+00
      vertex 4.600000e+00 1.060000e+01 1.024032e+00
      vertex 4.300000e+00 1.030000e+01 1.124032e+00
    endloop
  endfacet
  facet normal 9.486833e-01 1.875000e+00 0.000000e+00
    outer loop
      vertex 4.300000e+00 1.030000e+01 1.124032e+00
      vertex 4.600000e+00 1.060000e+01 1.024032e+00
      vertex 4.300000e+00 1.060000e+01 1.024032e+00
    endloop
  endfacet
  facet normal 7.124705e-02 1.875000e+00 0.000000e+00
    outer loop
      vertex 4.600000e+00 1.060000e+01 1.024032e+00
      vertex 4.600000e+00 1.070000e+01 -3.759683e-01
      vertex 4.300000e+00 1.060000e+01 1.024032e+00
    endloop
  endfacet
  facet normal 7.124705e-02 0.000000e+00 0.000000e+00
    outer loop
      vertex 4.300000e+00 1.060000e+01 1.024032e+00
      vertex 4.600000e+00 1.070000e+01 -3.759683e-01
      vertex 4.300000e+00 1.070000e+01 -3.759683e-01
    endloop
  endfacet
  facet normal 1.000000e+00 0.000000e+00 -nan
    outer loop
      vertex 4.600000e+00 1.070000e+01 -3.759683e-01
      vertex 4.600000e+00 1.100000e+01 -3.759683e-01
      vertex 4.300000e+00 1.070000e+01 -3.759683e-01
    endloop
  endfacet
  facet normal 1.000000e+00 0.000000e+00 0.000000e+00
    outer loop
      vertex 4.300000e+00 1.070000e+01 -3.759683e-01
      vertex 4.600000e+00 1.100000e+01 -3.759683e-01
      vertex 4.300000e+00 1.100000e+01 -3.759683e-01
    endloop
  endfacet
  facet normal 0.000000e+00 0.000000e+00 0.000000e+00
    outer loop
      vertex 4.600000e+00 1.100000e+01 -3.759683e-01
      vertex 4.600000e+00 1.100000e+01 -4.759683e-01
      vertex 4.300000e+00 1.100000e+01 -3.759683e-01
    endloop
  endfacet
  facet normal 0.000000e+00 4.591074e-41 0.000000e+00
    outer loop
      vertex 4.300000e+00 1.100000e+01 -3.759683e-01
      vertex 4.600000e+00 1.100000e+01 -4.759683e-01
      vertex 4.300000e+00 1.100000e+01 -4.759683e-01
    endloop
  endfacet
  facet normal -1.000000e+00 0.000000e+00 0.000000e+00
    outer loop
      vertex 4.600000e+00 1.100000e+01 -4.759683e-01
      vertex 4.600000e+00 1.060000e+01 -4.759683e-01
      vertex 4.300000e+00 1.100000e+01 -4.759683e-01
    endloop
  endfacet
  facet normal -1.000000e+00 0.000000e+00 0.000000e+00
    outer loop
      vertex 4.300000e+00 1.100000e+01 -4.759683e-01
      vertex 4.600000e+00 1.060000e+01 -4.759683e-01
      vertex 4.300000e+00 1.060000e+01 -4.759683e-01
    endloop
  endfacet
  facet normal -7.024856e-02 0.000000e+00 -2.460077e+19
    outer loop
      vertex 4.600000e+00 1.060000e+01 -4.759683e-01
      vertex 4.600000e+00 1.050000e+01 9.440317e-01
      vertex 4.300000e+00 1.060000e+01 -4.759683e-01
    endloop
  endfacet
  facet normal -7.024856e-02 0.000000e+00 0.000000e+00
    outer loop
      vertex 4.300000e+00 1.060000e+01 -4.759683e-01
      vertex 4.600000e+00 1.050000e+01 9.440317e-01
      vertex 4.300000e+00 1.050000e+01 9.440317e-01
    endloop
  endfacet
  facet normal -9.397934e-01 0.000000e+00 0.000000e+00
    outer loop
      vertex 4.600000e+00 1.050000e+01 9.440317e-01
      vertex 4.600000e+00 1.028000e+01 1.024032e+00
      vertex 4.300000e+00 1.050000e+01 9.440317e-01
    endloop
  endfacet
  facet normal -9.397934e-01 0.000000e+00 -5.259198e+15
    outer loop
      vertex 4.300000e+00 1.050000e+01 9.440317e-01
      vertex 4.600000e+00 1.028000e+01 1.024032e+00
      vertex 4.300000e+00 1.028000e+01 1.024032e+00
    endloop
  endfacet
  facet normal -1.000000e+00 0.000000e+00 -6.862441e+18
    outer loop
      vertex 4.600000e+00 1.028000e+01 1.024032e+00
      vertex 4.600000e+00 9.050000e+00 1.024032e+00
      vertex 4.300000e+00 1.028000e+01 1.024032e+00
    endloop
  endfacet
  facet normal -1.000000e+00 5.184804e-43 0.000000e+00
    outer loop
      vertex 4.300000e+00 1.028000e+01 1.024032e+00
      vertex 4.600000e+00 9.050000e+00 1.024032e+00
      vertex 4.300000e+00 9.050000e+00 1.024032e+00
    endloop
  endfacet
  facet normal 1.502787e-31 5.184804e-43 0.000000e+00
    outer loop
      vertex 4.600000e+00 8.950000e+00 1.124032e+00
      vertex 4.600000e+00 9.050000e+00 1.024032e+00
      vertex 4.600000e+00 1.030000e+01 1.124032e+00
    endloop
  endfacet
  facet normal 1.502787e-31 4.591074e-41 0.000000e+00
    outer loop
      vertex 4.600000e+00 1.030000e+01 1.124032e+00
      vertex 4.600000e+00 9.050000e+00 1.024032e+00
      vertex 4.600000e+00 1.028000e+01 1.024032e+00
    endloop
  endfacet
  facet normal 1.502787e-31 0.000000e+00 -nan
    outer loop
      vertex 4.600000e+00 1.030000e+01 1.124032e+00
      vertex 4.600000e+00 1.028000e+01 1.024032e+00
      vertex 4.600000e+00 1.050000e+01 9.440317e-01
    endloop
  endfacet
  facet normal 1.502787e-31 1.875000e+00 -3.663755e+23
    outer loop
      vertex 4.600000e+00 8.950000e+00 1.124032e+00
      vertex 4.600000e+00 8.950000e+00 6.990317e-01
      vertex 4.600000e+00 9.050000e+00 1.024032e+00
    endloop
  endfacet
  facet normal 1.502787e-31 0.000000e+00 -2.443759e+19
    outer loop
      vertex 4.600000e+00 9.050000e+00 1.024032e+00
      vertex 4.600000e+00 8.950000e+00 6.990317e-01
      vertex 4.600000e+00 9.050000e+00 5.990317e-01
    endloop
  endfacet
  facet normal 1.502787e-31 1.875000e+00 0.000000e+00
    outer loop
      vertex 4.600000e+00 8.800000e+00 6.990317e-01
      vertex 4.600000e+00 8.800000e+00 5.990317e-01
      vertex 4.600000e+00 8.950000e+00 6.990317e-01
    endloop
  endfacet
  facet normal 1.502787e-31 4.591074e-41 0.000000e+00
    outer loop
      vertex 4.600000e+00 8.950000e+00 6.990317e-01
      vertex 4.600000e+00 8.800000e+00 5.990317e-01
      vertex 4.600000e+00 9.050000e+00 5.990317e-01
    endloop
  endfacet
  facet normal 1.502787e-31 1.875000e+00 0.000000e+00
    outer loop
      vertex 4.600000e+00 1.060000e+01 -4.759683e-01
      vertex 4.600000e+00 1.070000e+01 -3.759683e-01
      vertex 4.600000e+00 1.050000e+01 9.440317e-01
    endloop
  endfacet
  facet normal 1.502787e-31 1.875000e+00 0.000000e+00
    outer loop
      vertex 4.600000e+00 1.050000e+01 9.440317e-01
      vertex 4.600000e+00 1.070000e+01 -3.759683e-01
      vertex 4.600000e+00 1.060000e+01 1.024032e+00
    endloop
  endfacet
  facet normal 1.502787e-31 0.000000e+00 0.000000e+00
    outer loop
      vertex 4.600000e+00 1.050000e+01 9.440317e-01
      vertex 4.600000e+00 1.060000e+01 1.024032e+00
      vertex 4.600000e+00 1.030000e+01 1.124032e+00
    endloop
  endfacet
  facet normal 1.502787e-31 0.000000e+00 -nan
    outer loop
      vertex 4.600000e+00 1.060000e+01 -4.759683e-01
      vertex 4.600000e+00 1.100000e+01 -4.759683e-01
      vertex 4.600000e+00 1.070000e+01 -3.759683e-01
    endloop
  endfacet
  facet normal 1.502787e-31 1.875000e+00 0.000000e+00
    outer loop
      vertex 4.600000e+00 1.070000e+01 -3.759683e-01
      vertex 4.600000e+00 1.100000e+01 -4.759683e-01
      vertex 4.600000e+00 1.100000e+01 -3.759683e-01
    endloop
  endfacet
  facet normal -1.502787e-31 5.184804e-43 0.000000e+00
    outer loop
      vertex 4.300000e+00 8.950000e+00 6.990317e-01
      vertex 4.300000e+00 8.950000e+00 1.124032e+00
      vertex 4.300000e+00 9.050000e+00 1.024032e+00
    endloop
  endfacet
  facet normal -1.502787e-31 1.392494e+00 -8.091736e-38
    outer loop
      vertex 4.300000e+00 9.050000e+00 1.024032e+00
      vertex 4.300000e+00 8.950000e+00 1.124032e+00
      vertex 4.300000e+00 1.030000e+01 1.124032e+00
    endloop
  endfacet
  facet normal -1.502787e-31 0.000000e+00 0.000000e+00
    outer loop
      vertex 4.300000e+00 9.050000e+00 1.024032e+00
      vertex 4.300000e+00 1.030000e+01 1.124032e+00
      vertex 4.300000e+00 1.028000e+01 1.024032e+00
    endloop
  endfacet
  facet normal -1.502787e-31 0.000000e+00 0.000000e+00
    outer loop
      vertex 4.300000e+00 1.028000e+01 1.024032e+00
      vertex 4.300000e+00 1.030000e+01 1.124032e+00
      vertex 4.300000e+00 1.050000e+01 9.440317e-01
    endloop
  endfacet
  facet normal -1.502787e-31 0.000000e+00 -nan
    outer loop
      vertex 4.300000e+00 1.030000e+01 1.124032e+00
      vertex 4.300000e+00 1.060000e+01 1.024032e+00
      vertex 4.300000e+00 1.050000e+01 9.440317e-01
    endloop
  endfacet
  facet normal -1.502787e-31 1.875000e+00 0.000000e+00
    outer loop
      vertex 4.300000e+00 1.050000e+01 9.440317e-01
      vertex 4.300000e+00 1.060000e+01 1.024032e+00
      vertex 4.300000e+00 1.070000e+01 -3.759683e-01
    endloop
  endfacet
  facet normal -1.502787e-31 2.543750e+00 -5.236418e-18
    outer loop
      vertex 4.300000e+00 1.050000e+01 9.440317e-01
      vertex 4.300000e+00 1.070000e+01 -3.759683e-01
      vertex 4.300000e+00 1.060000e+01 -4.759683e-01
    endloop
  endfacet
  facet normal -1.502787e-31 0.000000e+00 -nan
    outer loop
      vertex 4.300000e+00 1.060000e+01 -4.759683e-01
      vertex 4.300000e+00 1.070000e+01 -3.759683e-01
      vertex 4.300000e+00 1.100000e+01 -4.759683e-01
    endloop
  endfacet
  facet normal -1.502787e-31 1.875000e+00 5.319255e-25
    outer loop
      vertex 4.300000e+00 1.070000e+01 -3.759683e-01
      vertex 4.300000e+00 1.100000e+01 -3.759683e-01
      vertex 4.300000e+00 1.100000e+01 -4.759683e-01
    endloop
  endfacet
  facet normal -1.502787e-31 0.000000e+00 -2.442631e+19
    outer loop
      vertex 4.300000e+00 9.050000e+00 1.024032e+00
      vertex 4.300000e+00 9.050000e+00 5.990317e-01
      vertex 4.300000e+00 8.950000e+00 6.990317e-01
    endloop
  endfacet
  facet normal -1.502787e-31 1.875000e+00 0.000000e+00
    outer loop
      vertex 4.300000e+00 8.950000e+00 6.990317e-01
      vertex 4.300000e+00 9.050000e+00 5.990317e-01
      vertex 4.300000e+00 8.800000e+00 5.990317e-01
    endloop
  endfacet
  facet normal -1.502787e-31 2.451875e+00 2.946295e+34
    outer loop
      vertex 4.300000e+00 8.950000e+00 6.990317e-01
      vertex 4.300000e+00 8.800000e+00 5.990317e-01
      vertex 4.300000e+00 8.800000e+00 6.990317e-01
    endloop
  endfacet
endsolid PEC:Pin_7
solid PEC:Pin_8
  facet normal 0.000000e+00 0.000000e+00 0.000000e+00
    outer loop
      vertex 4.460000e+00 7.130000e+00 6.990317e-01
      vertex 4.260000e+00 7.130000e+00 6.990317e-01
      vertex 4.460000e+00 7.130000e+00 5.990317e-01
    endloop
  endfacet
  facet normal 0.000000e+00 0.000000e+00 0.000000e+00
    outer loop
      vertex 4.460000e+00 7.130000e+00 5.990317e-01
      vertex 4.260000e+00 7.130000e+00 6.990317e-01
      vertex 4.260000e+00 7.130000e+00 5.990317e-01
    endloop
  endfacet
  facet normal -0.000000e+00 0.000000e+00 0.000000e+00
    outer loop
      vertex 4.260000e+00 7.130000e+00 6.990317e-01
      vertex 4.260000e+00 7.230000e+00 6.990317e-01
      vertex 4.260000e+00 7.130000e+00 5.990317e-01
    endloop
  endfacet
  facet normal -0.000000e+00 0.000000e+00 0.000000e+00
    outer loop
      vertex 4.260000e+00 7.130000e+00 5.990317e-01
      vertex 4.260000e+00 7.230000e+00 6.990317e-01
      vertex 4.260000e+00 7.230000e+00 5.990317e-01
    endloop
  endfacet
  facet normal -0.000000e+00 0.000000e+00 0.000000e+00
    outer loop
      vertex 4.460000e+00 7.130000e+00 5.990317e-01
      vertex 4.460000e+00 7.230000e+00 5.990317e-01
      vertex 4.460000e+00 7.130000e+00 6.990317e-01
    endloop
  endfacet
  facet normal -0.000000e+00 0.000000e+00 0.000000e+00
    outer loop
      vertex 4.460000e+00 7.130000e+00 6.990317e-01
      vertex 4.460000e+00 7.230000e+00 5.990317e-01
      vertex 4.460000e+00 7.230000e+00 6.990317e-01
    endloop
  endfacet
  facet normal 0.000000e+00 0.000000e+00 0.000000e+00
    outer loop
      vertex 4.460000e+00 7.230000e+00 6.990317e-01
      vertex 4.460000e+00 7.230000e+00 5.990317e-01
      vertex 4.050000e+00 8.800000e+00 6.990317e-01
    endloop
  endfacet
  facet normal 0.000000e+00 0.000000e+00 0.000000e+00
    outer loop
      vertex 4.050000e+00 8.800000e+00 6.990317e-01
      vertex 4.460000e+00 7.230000e+00 5.990317e-01
      vertex 4.050000e+00 8.800000e+00 5.990317e-01
    endloop
  endfacet
  facet normal 0.000000e+00 0.000000e+00 0.000000e+00
    outer loop
      vertex 4.260000e+00 7.230000e+00 5.990317e-01
      vertex 4.260000e+00 7.230000e+00 6.990317e-01
      vertex 3.750000e+00 8.800000e+00 5.990317e-01
    endloop
  endfacet
  facet normal 0.000000e+00 0.000000e+00 0.000000e+00
    outer loop
      vertex 3.750000e+00 8.800000e+00 5.990317e-01
      vertex 4.260000e+00 7.230000e+00 6.990317e-01
      vertex 3.750000e+00 8.800000e+00 6.990317e-01
    endloop
  endfacet
  facet normal 0.000000e+00 0.000000e+00 0.000000e+00
    outer loop
      vertex 3.750000e+00 8.950000e+00 1.124032e+00
      vertex 3.750000e+00 8.950000e+00 6.990317e-01
      vertex 4.050000e+00 8.950000e+00 1.124032e+00
    endloop
  endfacet
  facet normal 0.000000e+00 0.000000e+00 0.000000e+00
    outer loop
      vertex 4.050000e+00 8.950000e+00 1.124032e+00
      vertex 3.750000e+00 8.950000e+00 6.990317e-01
      vertex 4.050000e+00 8.950000e+00 6.990317e-01
    endloop
  endfacet
  facet normal 1.000000e+00 0.000000e+00 0.000000e+00
    outer loop
      vertex 3.750000e+00 8.950000e+00 6.990317e-01
      vertex 3.750000e+00 8.800000e+00 6.990317e-01
      vertex 4.050000e+00 8.950000e+00 6.990317e-01
    endloop
  endfacet
  facet normal 1.000000e+00 0.000000e+00 0.000000e+00
    outer loop
      vertex 4.050000e+00 8.950000e+00 6.990317e-01
      vertex 3.750000e+00 8.800000e+00 6.990317e-01
      vertex 4.050000e+00 8.800000e+00 6.990317e-01
    endloop
  endfacet
  facet normal 1.000000e+00 0.000000e+00 0.000000e+00
    outer loop
      vertex 3.750000e+00 8.800000e+00 6.990317e-01
      vertex 4.260000e+00 7.230000e+00 6.990317e-01
      vertex 4.050000e+00 8.800000e+00 6.990317e-01
    endloop
  endfacet
  facet normal 1.000000e+00 0.000000e+00 0.000000e+00
    outer loop
      vertex 4.050000e+00 8.800000e+00 6.990317e-01
      vertex 4.260000e+00 7.230000e+00 6.990317e-01
      vertex 4.460000e+00 7.230000e+00 6.990317e-01
    endloop
  endfacet
  facet normal 1.000000e+00 0.000000e+00 -1.874537e+17
    outer loop
      vertex 4.260000e+00 7.230000e+00 6.990317e-01
      vertex 4.260000e+00 7.130000e+00 6.990317e-01
      vertex 4.460000e+00 7.230000e+00 6.990317e-01
    endloop
  endfacet
  facet normal 1.000000e+00 0.000000e+00 0.000000e+00
    outer loop
      vertex 4.460000e+00 7.230000e+00 6.990317e-01
      vertex 4.260000e+00 7.130000e+00 6.990317e-01
      vertex 4.460000e+00 7.130000e+00 6.990317e-01
    endloop
  endfacet
  facet normal -1.000000e+00 0.000000e+00 0.000000e+00
    outer loop
      vertex 4.260000e+00 7.230000e+00 5.990317e-01
      vertex 3.750000e+00 8.800000e+00 5.990317e-01
      vertex 4.050000e+00 8.800000e+00 5.990317e-01
    endloop
  endfacet
  facet normal -1.000000e+00 0.000000e+00 0.000000e+00
    outer loop
      vertex 4.050000e+00 8.800000e+00 5.990317e-01
      vertex 3.750000e+00 8.800000e+00 5.990317e-01
      vertex 3.750000e+00 9.050000e+00 5.990317e-01
    endloop
  endfacet
  facet normal -1.000000e+00 0.000000e+00 0.000000e+00
    outer loop
      vertex 4.050000e+00 8.800000e+00 5.990317e-01
      vertex 3.750000e+00 9.050000e+00 5.990317e-01
      vertex 4.050000e+00 9.050000e+00 5.990317e-01
    endloop
  endfacet
  facet normal -1.000000e+00 0.000000e+00 0.000000e+00
    outer loop
      vertex 4.050000e+00 8.800000e+00 5.990317e-01
      vertex 4.460000e+00 7.230000e+00 5.990317e-01
      vertex 4.260000e+00 7.230000e+00 5.990317e-01
    endloop
  endfacet
  facet normal -1.000000e+00 0.000000e+00 0.000000e+00
    outer loop
      vertex 4.260000e+00 7.230000e+00 5.990317e-01
      vertex 4.460000e+00 7.230000e+00 5.990317e-01
      vertex 4.460000e+00 7.130000e+00 5.990317e-01
    endloop
  endfacet
  facet normal -1.000000e+00 0.000000e+00 0.000000e+00
    outer loop
      vertex 4.260000e+00 7.230000e+00 5.990317e-01
      vertex 4.460000e+00 7.130000e+00 5.990317e-01
      vertex 4.260000e+00 7.130000e+00 5.990317e-01
    endloop
  endfacet
  facet normal 0.000000e+00 0.000000e+00 0.000000e+00
    outer loop
      vertex 3.750000e+00 9.050000e+00 5.990317e-01
      vertex 3.750000e+00 9.050000e+00 1.024032e+00
      vertex 4.050000e+00 9.050000e+00 5.990317e-01
    endloop
  endfacet
  facet normal 0.000000e+00 0.000000e+00 0.000000e+00
    outer loop
      vertex 4.050000e+00 9.050000e+00 5.990317e-01
      vertex 3.750000e+00 9.050000e+00 1.024032e+00
      vertex 4.050000e+00 9.050000e+00 1.024032e+00
    endloop
  endfacet
  facet normal 1.000000e+00 0.000000e+00 0.000000e+00
    outer loop
      vertex 4.050000e+00 8.950000e+00 1.124032e+00
      vertex 4.050000e+00 1.030000e+01 1.124032e+00
      vertex 3.750000e+00 8.950000e+00 1.124032e+00
    endloop
  endfacet
  facet normal 1.000000e+00 0.000000e+00 0.000000e+00
    outer loop
      vertex 3.750000e+00 8.950000e+00 1.124032e+00
      vertex 4.050000e+00 1.030000e+01 1.124032e+00
      vertex 3.750000e+00 1.030000e+01 1.124032e+00
    endloop
  endfacet
  facet normal 9.486833e-01 0.000000e+00 0.000000e+00
    outer loop
      vertex 4.050000e+00 1.030000e+01 1.124032e+00
      vertex 4.050000e+00 1.060000e+01 1.024032e+00
      vertex 3.750000e+00 1.030000e+01 1.124032e+00
    endloop
  endfacet
  facet normal 9.486833e-01 0.000000e+00 0.000000e+00
    outer loop
      vertex 3.750000e+00 1.030000e+01 1.124032e+00
      vertex 4.050000e+00 1.060000e+01 1.024032e+00
      vertex 3.750000e+00 1.060000e+01 1.024032e+00
    endloop
  endfacet
  facet normal 7.124705e-02 0.000000e+00 0.000000e+00
    outer loop
      vertex 4.050000e+00 1.060000e+01 1.024032e+00
      vertex 4.050000e+00 1.070000e+01 -3.759683e-01
      vertex 3.750000e+00 1.060000e+01 1.024032e+00
    endloop
  endfacet
  facet normal 7.124705e-02 0.000000e+00 0.000000e+00
    outer loop
      vertex 3.750000e+00 1.060000e+01 1.024032e+00
      vertex 4.050000e+00 1.070000e+01 -3.759683e-01
      vertex 3.750000e+00 1.070000e+01 -3.759683e-01
    endloop
  endfacet
  facet normal 1.000000e+00 0.000000e+00 0.000000e+00
    outer loop
      vertex 4.050000e+00 1.070000e+01 -3.759683e-01
      vertex 4.050000e+00 1.100000e+01 -3.759683e-01
      vertex 3.750000e+00 1.070000e+01 -3.759683e-01
    endloop
  endfacet
  facet normal 1.000000e+00 0.000000e+00 0.000000e+00
    outer loop
      vertex 3.750000e+00 1.070000e+01 -3.759683e-01
      vertex 4.050000e+00 1.100000e+01 -3.759683e-01
      vertex 3.750000e+00 1.100000e+01 -3.759683e-01
    endloop
  endfacet
  facet normal 0.000000e+00 0.000000e+00 0.000000e+00
    outer loop
      vertex 4.050000e+00 1.100000e+01 -3.759683e-01
      vertex 4.050000e+00 1.100000e+01 -4.759683e-01
      vertex 3.750000e+00 1.100000e+01 -3.759683e-01
    endloop
  endfacet
  facet normal 0.000000e+00 0.000000e+00 0.000000e+00
    outer loop
      vertex 3.750000e+00 1.100000e+01 -3.759683e-01
      vertex 4.050000e+00 1.100000e+01 -4.759683e-01
      vertex 3.750000e+00 1.100000e+01 -4.759683e-01
    endloop
  endfacet
  facet normal -1.000000e+00 0.000000e+00 0.000000e+00
    outer loop
      vertex 4.050000e+00 1.100000e+01 -4.759683e-01
      vertex 4.050000e+00 1.060000e+01 -4.759683e-01
      vertex 3.750000e+00 1.100000e+01 -4.759683e-01
    endloop
  endfacet
  facet normal -1.000000e+00 0.000000e+00 0.000000e+00
    outer loop
      vertex 3.750000e+00 1.100000e+01 -4.759683e-01
      vertex 4.050000e+00 1.060000e+01 -4.759683e-01
      vertex 3.750000e+00 1.060000e+01 -4.759683e-01
    endloop
  endfacet
  facet normal -7.024856e-02 0.000000e+00 0.000000e+00
    outer loop
      vertex 4.050000e+00 1.060000e+01 -4.759683e-01
      vertex 4.050000e+00 1.050000e+01 9.440317e-01
      vertex 3.750000e+00 1.060000e+01 -4.759683e-01
    endloop
  endfacet
  facet normal -7.024856e-02 0.000000e+00 0.000000e+00
    outer loop
      vertex 3.750000e+00 1.060000e+01 -4.759683e-01
      vertex 4.050000e+00 1.050000e+01 9.440317e-01
      vertex 3.750000e+00 1.050000e+01 9.440317e-01
    endloop
  endfacet
  facet normal -9.397934e-01 0.000000e+00 0.000000e+00
    outer loop
      vertex 4.050000e+00 1.050000e+01 9.440317e-01
      vertex 4.050000e+00 1.028000e+01 1.024032e+00
      vertex 3.750000e+00 1.050000e+01 9.440317e-01
    endloop
  endfacet
  facet normal -9.397934e-01 0.000000e+00 0.000000e+00
    outer loop
      vertex 3.750000e+00 1.050000e+01 9.440317e-01
      vertex 4.050000e+00 1.028000e+01 1.024032e+00
      vertex 3.750000e+00 1.028000e+01 1.024032e+00
    endloop
  endfacet
  facet normal -1.000000e+00 0.000000e+00 0.000000e+00
    outer loop
      vertex 4.050000e+00 1.028000e+01 1.024032e+00
      vertex 4.050000e+00 9.050000e+00 1.024032e+00
      vertex 3.750000e+00 1.028000e+01 1.024032e+00
    endloop
  endfacet
  facet normal -1.000000e+00 1.875000e+00 0.000000e+00
    outer loop
      vertex 3.750000e+00 1.028000e+01 1.024032e+00
      vertex 4.050000e+00 9.050000e+00 1.024032e+00
      vertex 3.750000e+00 9.050000e+00 1.024032e+00
    endloop
  endfacet
  facet normal 1.502787e-31 0.000000e+00 0.000000e+00
    outer loop
      vertex 4.050000e+00 8.950000e+00 1.124032e+00
      vertex 4.050000e+00 9.050000e+00 1.024032e+00
      vertex 4.050000e+00 1.030000e+01 1.124032e+00
    endloop
  endfacet
  facet normal 1.502787e-31 0.000000e+00 0.000000e+00
    outer loop
      vertex 4.050000e+00 1.030000e+01 1.124032e+00
      vertex 4.050000e+00 9.050000e+00 1.024032e+00
      vertex 4.050000e+00 1.028000e+01 1.024032e+00
    endloop
  endfacet
  facet normal 1.502787e-31 0.000000e+00 0.000000e+00
    outer loop
      vertex 4.050000e+00 1.030000e+01 1.124032e+00
      vertex 4.050000e+00 1.028000e+01 1.024032e+00
      vertex 4.050000e+00 1.050000e+01 9.440317e-01
    endloop
  endfacet
  facet normal 1.502787e-31 0.000000e+00 0.000000e+00
    outer loop
      vertex 4.050000e+00 8.950000e+00 1.124032e+00
      vertex 4.050000e+00 8.950000e+00 6.990317e-01
      vertex 4.050000e+00 9.050000e+00 1.024032e+00
    endloop
  endfacet
  facet normal 1.502787e-31 0.000000e+00 0.000000e+00
    outer loop
      vertex 4.050000e+00 9.050000e+00 1.024032e+00
      vertex 4.050000e+00 8.950000e+00 6.990317e-01
      vertex 4.050000e+00 9.050000e+00 5.990317e-01
    endloop
  endfacet
  facet normal 1.502787e-31 0.000000e+00 -2.413904e+19
    outer loop
      vertex 4.050000e+00 8.800000e+00 6.990317e-01
      vertex 4.050000e+00 8.800000e+00 5.990317e-01
      vertex 4.050000e+00 8.950000e+00 6.990317e-01
    endloop
  endfacet
  facet normal 1.502787e-31 0.000000e+00 -nan
    outer loop
      vertex 4.050000e+00 8.950000e+00 6.990317e-01
      vertex 4.050000e+00 8.800000e+00 5.990317e-01
      vertex 4.050000e+00 9.050000e+00 5.990317e-01
    endloop
  endfacet
  facet normal 1.502787e-31 0.000000e+00 0.000000e+00
    outer loop
      vertex 4.050000e+00 1.060000e+01 -4.759683e-01
      vertex 4.050000e+00 1.070000e+01 -3.759683e-01
      vertex 4.050000e+00 1.050000e+01 9.440317e-01
    endloop
  endfacet
  facet normal 1.502787e-31 0.000000e+00 -7.258804e+18
    outer loop
      vertex 4.050000e+00 1.050000e+01 9.440317e-01
      vertex 4.050000e+00 1.070000e+01 -3.759683e-01
      vertex 4.050000e+00 1.060000e+01 1.024032e+00
    endloop
  endfacet
  facet normal 1.502787e-31 0.000000e+00 0.000000e+00
    outer loop
      vertex 4.050000e+00 1.050000e+01 9.440317e-01
      vertex 4.050000e+00 1.060000e+01 1.024032e+00
      vertex 4.050000e+00 1.030000e+01 1.124032e+00
    endloop
  endfacet
  facet normal 1.502787e-31 0.000000e+00 0.000000e+00
    outer loop
      vertex 4.050000e+00 1.060000e+01 -4.759683e-01
      vertex 4.050000e+00 1.100000e+01 -4.759683e-01
      vertex 4.050000e+00 1.070000e+01 -3.759683e-01
    endloop
  endfacet
  facet normal 1.502787e-31 0.000000e+00 -1.365468e+19
    outer loop
      vertex 4.050000e+00 1.070000e+01 -3.759683e-01
      vertex 4.050000e+00 1.100000e+01 -4.759683e-01
      vertex 4.050000e+00 1.100000e+01 -3.759683e-01
    endloop
  endfacet
  facet normal -1.502787e-31 0.000000e+00 0.000000e+00
    outer loop
      vertex 3.750000e+00 8.950000e+00 6.990317e-01
      vertex 3.750000e+00 8.950000e+00 1.124032e+00
      vertex 3.750000e+00 9.050000e+00 1.024032e+00
    endloop
  endfacet
  facet normal -1.502787e-31 0.000000e+00 0.000000e+00
    outer loop
      vertex 3.750000e+00 9.050000e+00 1.024032e+00
      vertex 3.750000e+00 8.950000e+00 1.124032e+00
      vertex 3.750000e+00 1.030000e+01 1.124032e+00
    endloop
  endfacet
  facet normal -1.502787e-31 0.000000e+00 0.000000e+00
    outer loop
      vertex 3.750000e+00 9.050000e+00 1.024032e+00
      vertex 3.750000e+00 1.030000e+01 1.124032e+00
      vertex 3.750000e+00 1.028000e+01 1.024032e+00
    endloop
  endfacet
  facet normal -1.502787e-31 0.000000e+00 0.000000e+00
    outer loop
      vertex 3.750000e+00 1.028000e+01 1.024032e+00
      vertex 3.750000e+00 1.030000e+01 1.124032e+00
      vertex 3.750000e+00 1.050000e+01 9.440317e-01
    endloop
  endfacet
  facet normal -1.502787e-31 0.000000e+00 0.000000e+00
    outer loop
      vertex 3.750000e+00 1.030000e+01 1.124032e+00
      vertex 3.750000e+00 1.060000e+01 1.024032e+00
      vertex 3.750000e+00 1.050000e+01 9.440317e-01
    endloop
  endfacet
  facet normal -1.502787e-31 0.000000e+00 -1.444738e+19
    outer loop
      vertex 3.750000e+00 1.050000e+01 9.440317e-01
      vertex 3.750000e+00 1.060000e+01 1.024032e+00
      vertex 3.750000e+00 1.070000e+01 -3.759683e-01
    endloop
  endfacet
  facet normal -1.502787e-31 0.000000e+00 -3.494785e+19
    outer loop
      vertex 3.750000e+00 1.050000e+01 9.440317e-01
      vertex 3.750000e+00 1.070000e+01 -3.759683e-01
      vertex 3.750000e+00 1.060000e+01 -4.759683e-01
    endloop
  endfacet
  facet normal -1.502787e-31 0.000000e+00 0.000000e+00
    outer loop
      vertex 3.750000e+00 1.060000e+01 -4.759683e-01
      vertex 3.750000e+00 1.070000e+01 -3.759683e-01
      vertex 3.750000e+00 1.100000e+01 -4.759683e-01
    endloop
  endfacet
  facet normal -1.502787e-31 0.000000e+00 -nan
    outer loop
      vertex 3.750000e+00 1.070000e+01 -3.759683e-01
      vertex 3.750000e+00 1.100000e+01 -3.759683e-01
      vertex 3.750000e+00 1.100000e+01 -4.759683e-01
    endloop
  endfacet
  facet normal -1.502787e-31 0.000000e+00 0.000000e+00
    outer loop
      vertex 3.750000e+00 9.050000e+00 1.024032e+00
      vertex 3.750000e+00 9.050000e+00 5.990317e-01
      vertex 3.750000e+00 8.950000e+00 6.990317e-01
    endloop
  endfacet
  facet normal -1.502787e-31 5.184804e-43 0.000000e+00
    outer loop
      vertex 3.750000e+00 8.950000e+00 6.990317e-01
      vertex 3.750000e+00 9.050000e+00 5.990317e-01
      vertex 3.750000e+00 8.800000e+00 5.990317e-01
    endloop
  endfacet
  facet normal -1.502787e-31 1.875000e+00 0.000000e+00
    outer loop
      vertex 3.750000e+00 8.950000e+00 6.990317e-01
      vertex 3.750000e+00 8.800000e+00 5.990317e-01
      vertex 3.750000e+00 8.800000e+00 6.990317e-01
    endloop
  endfacet
endsolid PEC:Pin_8
solid PEC:Pin_9
  facet normal 0.000000e+00 0.000000e+00 0.000000e+00
    outer loop
      vertex 4.140000e+00 7.130000e+00 6.990317e-01
      vertex 3.940000e+00 7.130000e+00 6.990317e-01
      vertex 4.140000e+00 7.130000e+00 5.990317e-01
    endloop
  endfacet
  facet normal 0.000000e+00 0.000000e+00 0.000000e+00
    outer loop
      vertex 4.140000e+00 7.130000e+00 5.990317e-01
      vertex 3.940000e+00 7.130000e+00 6.990317e-01
      vertex 3.940000e+00 7.130000e+00 5.990317e-01
    endloop
  endfacet
  facet normal -0.000000e+00 0.000000e+00 0.000000e+00
    outer loop
      vertex 3.940000e+00 7.130000e+00 6.990317e-01
      vertex 3.940000e+00 7.230000e+00 6.990317e-01
      vertex 3.940000e+00 7.130000e+00 5.990317e-01
    endloop
  endfacet
  facet normal -0.000000e+00 0.000000e+00 0.000000e+00
    outer loop
      vertex 3.940000e+00 7.130000e+00 5.990317e-01
      vertex 3.940000e+00 7.230000e+00 6.990317e-01
      vertex 3.940000e+00 7.230000e+00 5.990317e-01
    endloop
  endfacet
  facet normal -0.000000e+00 0.000000e+00 0.000000e+00
    outer loop
      vertex 4.140000e+00 7.130000e+00 5.990317e-01
      vertex 4.140000e+00 7.230000e+00 5.990317e-01
      vertex 4.140000e+00 7.130000e+00 6.990317e-01
    endloop
  endfacet
  facet normal -0.000000e+00 0.000000e+00 0.000000e+00
    outer loop
      vertex 4.140000e+00 7.130000e+00 6.990317e-01
      vertex 4.140000e+00 7.230000e+00 5.990317e-01
      vertex 4.140000e+00 7.230000e+00 6.990317e-01
    endloop
  endfacet
  facet normal 0.000000e+00 0.000000e+00 0.000000e+00
    outer loop
      vertex 4.140000e+00 7.230000e+00 6.990317e-01
      vertex 4.140000e+00 7.230000e+00 5.990317e-01
      vertex 3.500000e+00 8.800000e+00 6.990317e-01
    endloop
  endfacet
  facet normal 0.000000e+00 0.000000e+00 0.000000e+00
    outer loop
      vertex 3.500000e+00 8.800000e+00 6.990317e-01
      vertex 4.140000e+00 7.230000e+00 5.990317e-01
      vertex 3.500000e+00 8.800000e+00 5.990317e-01
    endloop
  endfacet
  facet normal 0.000000e+00 0.000000e+00 0.000000e+00
    outer loop
      vertex 3.940000e+00 7.230000e+00 5.990317e-01
      vertex 3.940000e+00 7.230000e+00 6.990317e-01
      vertex 3.200000e+00 8.800000e+00 5.990317e-01
    endloop
  endfacet
  facet normal 0.000000e+00 0.000000e+00 0.000000e+00
    outer loop
      vertex 3.200000e+00 8.800000e+00 5.990317e-01
      vertex 3.940000e+00 7.230000e+00 6.990317e-01
      vertex 3.200000e+00 8.800000e+00 6.990317e-01
    endloop
  endfacet
  facet normal 0.000000e+00 0.000000e+00 0.000000e+00
    outer loop
      vertex 3.200000e+00 8.950000e+00 1.124032e+00
      vertex 3.200000e+00 8.950000e+00 6.990317e-01
      vertex 3.500000e+00 8.950000e+00 1.124032e+00
    endloop
  endfacet
  facet normal 0.000000e+00 0.000000e+00 0.000000e+00
    outer loop
      vertex 3.500000e+00 8.950000e+00 1.124032e+00
      vertex 3.200000e+00 8.950000e+00 6.990317e-01
      vertex 3.500000e+00 8.950000e+00 6.990317e-01
    endloop
  endfacet
  facet normal 1.000000e+00 0.000000e+00 0.000000e+00
    outer loop
      vertex 3.200000e+00 8.950000e+00 6.990317e-01
      vertex 3.200000e+00 8.800000e+00 6.990317e-01
      vertex 3.500000e+00 8.950000e+00 6.990317e-01
    endloop
  endfacet
  facet normal 1.000000e+00 0.000000e+00 0.000000e+00
    outer loop
      vertex 3.500000e+00 8.950000e+00 6.990317e-01
      vertex 3.200000e+00 8.800000e+00 6.990317e-01
      vertex 3.500000e+00 8.800000e+00 6.990317e-01
    endloop
  endfacet
  facet normal 1.000000e+00 0.000000e+00 0.000000e+00
    outer loop
      vertex 3.200000e+00 8.800000e+00 6.990317e-01
      vertex 3.940000e+00 7.230000e+00 6.990317e-01
      vertex 3.500000e+00 8.800000e+00 6.990317e-01
    endloop
  endfacet
  facet normal 1.000000e+00 0.000000e+00 0.000000e+00
    outer loop
      vertex 3.500000e+00 8.800000e+00 6.990317e-01
      vertex 3.940000e+00 7.230000e+00 6.990317e-01
      vertex 4.140000e+00 7.230000e+00 6.990317e-01
    endloop
  endfacet
  facet normal 1.000000e+00 0.000000e+00 0.000000e+00
    outer loop
      vertex 3.940000e+00 7.230000e+00 6.990317e-01
      vertex 3.940000e+00 7.130000e+00 6.990317e-01
      vertex 4.140000e+00 7.230000e+00 6.990317e-01
    endloop
  endfacet
  facet normal 1.000000e+00 0.000000e+00 0.000000e+00
    outer loop
      vertex 4.140000e+00 7.230000e+00 6.990317e-01
      vertex 3.940000e+00 7.130000e+00 6.990317e-01
      vertex 4.140000e+00 7.130000e+00 6.990317e-01
    endloop
  endfacet
  facet normal -1.000000e+00 0.000000e+00 0.000000e+00
    outer loop
      vertex 3.940000e+00 7.230000e+00 5.990317e-01
      vertex 3.200000e+00 8.800000e+00 5.990317e-01
      vertex 3.500000e+00 8.800000e+00 5.990317e-01
    endloop
  endfacet
  facet normal -1.000000e+00 0.000000e+00 0.000000e+00
    outer loop
      vertex 3.500000e+00 8.800000e+00 5.990317e-01
      vertex 3.200000e+00 8.800000e+00 5.990317e-01
      vertex 3.200000e+00 9.050000e+00 5.990317e-01
    endloop
  endfacet
  facet normal -1.000000e+00 0.000000e+00 0.000000e+00
    outer loop
      vertex 3.500000e+00 8.800000e+00 5.990317e-01
      vertex 3.200000e+00 9.050000e+00 5.990317e-01
      vertex 3.500000e+00 9.050000e+00 5.990317e-01
    endloop
  endfacet
  facet normal -1.000000e+00 0.000000e+00 0.000000e+00
    outer loop
      vertex 3.500000e+00 8.800000e+00 5.990317e-01
      vertex 4.140000e+00 7.230000e+00 5.990317e-01
      vertex 3.940000e+00 7.230000e+00 5.990317e-01
    endloop
  endfacet
  facet normal -1.000000e+00 0.000000e+00 0.000000e+00
    outer loop
      vertex 3.940000e+00 7.230000e+00 5.990317e-01
      vertex 4.140000e+00 7.230000e+00 5.990317e-01
      vertex 4.140000e+00 7.130000e+00 5.990317e-01
    endloop
  endfacet
  facet normal -1.000000e+00 0.000000e+00 0.000000e+00
    outer loop
      vertex 3.940000e+00 7.230000e+00 5.990317e-01
      vertex 4.140000e+00 7.130000e+00 5.990317e-01
      vertex 3.940000e+00 7.130000e+00 5.990317e-01
    endloop
  endfacet
  facet normal 0.000000e+00 0.000000e+00 0.000000e+00
    outer loop
      vertex 3.200000e+00 9.050000e+00 5.990317e-01
      vertex 3.200000e+00 9.050000e+00 1.024032e+00
      vertex 3.500000e+00 9.050000e+00 5.990317e-01
    endloop
  endfacet
  facet normal 0.000000e+00 0.000000e+00 0.000000e+00
    outer loop
      vertex 3.500000e+00 9.050000e+00 5.990317e-01
      vertex 3.200000e+00 9.050000e+00 1.024032e+00
      vertex 3.500000e+00 9.050000e+00 1.024032e+00
    endloop
  endfacet
  facet normal 1.000000e+00 0.000000e+00 0.000000e+00
    outer loop
      vertex 3.500000e+00 8.950000e+00 1.124032e+00
      vertex 3.500000e+00 1.030000e+01 1.124032e+00
      vertex 3.200000e+00 8.950000e+00 1.124032e+00
    endloop
  endfacet
  facet normal 1.000000e+00 0.000000e+00 0.000000e+00
    outer loop
      vertex 3.200000e+00 8.950000e+00 1.124032e+00
      vertex 3.500000e+00 1.030000e+01 1.124032e+00
      vertex 3.200000e+00 1.030000e+01 1.124032e+00
    endloop
  endfacet
  facet normal 9.486833e-01 0.000000e+00 0.000000e+00
    outer loop
      vertex 3.500000e+00 1.030000e+01 1.124032e+00
      vertex 3.500000e+00 1.060000e+01 1.024032e+00
      vertex 3.200000e+00 1.030000e+01 1.124032e+00
    endloop
  endfacet
  facet normal 9.486833e-01 0.000000e+00 0.000000e+00
    outer loop
      vertex 3.200000e+00 1.030000e+01 1.124032e+00
      vertex 3.500000e+00 1.060000e+01 1.024032e+00
      vertex 3.200000e+00 1.060000e+01 1.024032e+00
    endloop
  endfacet
  facet normal 7.124705e-02 0.000000e+00 -1.202439e+02
    outer loop
      vertex 3.500000e+00 1.060000e+01 1.024032e+00
      vertex 3.500000e+00 1.070000e+01 -3.759683e-01
      vertex 3.200000e+00 1.060000e+01 1.024032e+00
    endloop
  endfacet
  facet normal 7.124705e-02 0.000000e+00 0.000000e+00
    outer loop
      vertex 3.200000e+00 1.060000e+01 1.024032e+00
      vertex 3.500000e+00 1.070000e+01 -3.759683e-01
      vertex 3.200000e+00 1.070000e+01 -3.759683e-01
    endloop
  endfacet
  facet normal 1.000000e+00 0.000000e+00 0.000000e+00
    outer loop
      vertex 3.500000e+00 1.070000e+01 -3.759683e-01
      vertex 3.500000e+00 1.100000e+01 -3.759683e-01
      vertex 3.200000e+00 1.070000e+01 -3.759683e-01
    endloop
  endfacet
  facet normal 1.000000e+00 0.000000e+00 0.000000e+00
    outer loop
      vertex 3.200000e+00 1.070000e+01 -3.759683e-01
      vertex 3.500000e+00 1.100000e+01 -3.759683e-01
      vertex 3.200000e+00 1.100000e+01 -3.759683e-01
    endloop
  endfacet
  facet normal 0.000000e+00 0.000000e+00 0.000000e+00
    outer loop
      vertex 3.500000e+00 1.100000e+01 -3.759683e-01
      vertex 3.500000e+00 1.100000e+01 -4.759683e-01
      vertex 3.200000e+00 1.100000e+01 -3.759683e-01
    endloop
  endfacet
  facet normal 0.000000e+00 0.000000e+00 0.000000e+00
    outer loop
      vertex 3.200000e+00 1.100000e+01 -3.759683e-01
      vertex 3.500000e+00 1.100000e+01 -4.759683e-01
      vertex 3.200000e+00 1.100000e+01 -4.759683e-01
    endloop
  endfacet
  facet normal -1.000000e+00 0.000000e+00 -3.287125e+01
    outer loop
      vertex 3.500000e+00 1.100000e+01 -4.759683e-01
      vertex 3.500000e+00 1.060000e+01 -4.759683e-01
      vertex 3.200000e+00 1.100000e+01 -4.759683e-01
    endloop
  endfacet
  facet normal -1.000000e+00 0.000000e+00 0.000000e+00
    outer loop
      vertex 3.200000e+00 1.100000e+01 -4.759683e-01
      vertex 3.500000e+00 1.060000e+01 -4.759683e-01
      vertex 3.200000e+00 1.060000e+01 -4.759683e-01
    endloop
  endfacet
  facet normal -7.024856e-02 0.000000e+00 0.000000e+00
    outer loop
      vertex 3.500000e+00 1.060000e+01 -4.759683e-01
      vertex 3.500000e+00 1.050000e+01 9.440317e-01
      vertex 3.200000e+00 1.060000e+01 -4.759683e-01
    endloop
  endfacet
  facet normal -7.024856e-02 0.000000e+00 0.000000e+00
    outer loop
      vertex 3.200000e+00 1.060000e+01 -4.759683e-01
      vertex 3.500000e+00 1.050000e+01 9.440317e-01
      vertex 3.200000e+00 1.050000e+01 9.440317e-01
    endloop
  endfacet
  facet normal -9.397934e-01 0.000000e+00 0.000000e+00
    outer loop
      vertex 3.500000e+00 1.050000e+01 9.440317e-01
      vertex 3.500000e+00 1.028000e+01 1.024032e+00
      vertex 3.200000e+00 1.050000e+01 9.440317e-01
    endloop
  endfacet
  facet normal -9.397934e-01 0.000000e+00 0.000000e+00
    outer loop
      vertex 3.200000e+00 1.050000e+01 9.440317e-01
      vertex 3.500000e+00 1.028000e+01 1.024032e+00
      vertex 3.200000e+00 1.028000e+01 1.024032e+00
    endloop
  endfacet
  facet normal -1.000000e+00 0.000000e+00 0.000000e+00
    outer loop
      vertex 3.500000e+00 1.028000e+01 1.024032e+00
      vertex 3.500000e+00 9.050000e+00 1.024032e+00
      vertex 3.200000e+00 1.028000e+01 1.024032e+00
    endloop
  endfacet
  facet normal -1.000000e+00 0.000000e+00 0.000000e+00
    outer loop
      vertex 3.200000e+00 1.028000e+01 1.024032e+00
      vertex 3.500000e+00 9.050000e+00 1.024032e+00
      vertex 3.200000e+00 9.050000e+00 1.024032e+00
    endloop
  endfacet
  facet normal 1.502787e-31 0.000000e+00 0.000000e+00
    outer loop
      vertex 3.500000e+00 8.950000e+00 1.124032e+00
      vertex 3.500000e+00 9.050000e+00 1.024032e+00
      vertex 3.500000e+00 1.030000e+01 1.124032e+00
    endloop
  endfacet
  facet normal 1.502787e-31 0.000000e+00 0.000000e+00
    outer loop
      vertex 3.500000e+00 1.030000e+01 1.124032e+00
      vertex 3.500000e+00 9.050000e+00 1.024032e+00
      vertex 3.500000e+00 1.028000e+01 1.024032e+00
    endloop
  endfacet
  facet normal 1.502787e-31 0.000000e+00 0.000000e+00
    outer loop
      vertex 3.500000e+00 1.030000e+01 1.124032e+00
      vertex 3.500000e+00 1.028000e+01 1.024032e+00
      vertex 3.500000e+00 1.050000e+01 9.440317e-01
    endloop
  endfacet
  facet normal 1.502787e-31 0.000000e+00 -1.697775e+18
    outer loop
      vertex 3.500000e+00 8.950000e+00 1.124032e+00
      vertex 3.500000e+00 8.950000e+00 6.990317e-01
      vertex 3.500000e+00 9.050000e+00 1.024032e+00
    endloop
  endfacet
  facet normal 1.502787e-31 0.000000e+00 0.000000e+00
    outer loop
      vertex 3.500000e+00 9.050000e+00 1.024032e+00
      vertex 3.500000e+00 8.950000e+00 6.990317e-01
      vertex 3.500000e+00 9.050000e+00 5.990317e-01
    endloop
  endfacet
  facet normal 1.502787e-31 0.000000e+00 0.000000e+00
    outer loop
      vertex 3.500000e+00 8.800000e+00 6.990317e-01
      vertex 3.500000e+00 8.800000e+00 5.990317e-01
      vertex 3.500000e+00 8.950000e+00 6.990317e-01
    endloop
  endfacet
  facet normal 1.502787e-31 0.000000e+00 0.000000e+00
    outer loop
      vertex 3.500000e+00 8.950000e+00 6.990317e-01
      vertex 3.500000e+00 8.800000e+00 5.990317e-01
      vertex 3.500000e+00 9.050000e+00 5.990317e-01
    endloop
  endfacet
  facet normal 1.502787e-31 0.000000e+00 0.000000e+00
    outer loop
      vertex 3.500000e+00 1.060000e+01 -4.759683e-01
      vertex 3.500000e+00 1.070000e+01 -3.759683e-01
      vertex 3.500000e+00 1.050000e+01 9.440317e-01
    endloop
  endfacet
  facet normal 1.502787e-31 0.000000e+00 0.000000e+00
    outer loop
      vertex 3.500000e+00 1.050000e+01 9.440317e-01
      vertex 3.500000e+00 1.070000e+01 -3.759683e-01
      vertex 3.500000e+00 1.060000e+01 1.024032e+00
    endloop
  endfacet
  facet normal 1.502787e-31 0.000000e+00 -2.718977e+17
    outer loop
      vertex 3.500000e+00 1.050000e+01 9.440317e-01
      vertex 3.500000e+00 1.060000e+01 1.024032e+00
      vertex 3.500000e+00 1.030000e+01 1.124032e+00
    endloop
  endfacet
  facet normal 1.502787e-31 0.000000e+00 0.000000e+00
    outer loop
      vertex 3.500000e+00 1.060000e+01 -4.759683e-01
      vertex 3.500000e+00 1.100000e+01 -4.759683e-01
      vertex 3.500000e+00 1.070000e+01 -3.759683e-01
    endloop
  endfacet
  facet normal 1.502787e-31 0.000000e+00 0.000000e+00
    outer loop
      vertex 3.500000e+00 1.070000e+01 -3.759683e-01
      vertex 3.500000e+00 1.100000e+01 -4.759683e-01
      vertex 3.500000e+00 1.100000e+01 -3.759683e-01
    endloop
  endfacet
  facet normal -1.502787e-31 0.000000e+00 0.000000e+00
    outer loop
      vertex 3.200000e+00 8.950000e+00 6.990317e-01
      vertex 3.200000e+00 8.950000e+00 1.124032e+00
      vertex 3.200000e+00 9.050000e+00 1.024032e+00
    endloop
  endfacet
  facet normal -1.502787e-31 0.000000e+00 0.000000e+00
    outer loop
      vertex 3.200000e+00 9.050000e+00 1.024032e+00
      vertex 3.200000e+00 8.950000e+00 1.124032e+00
      vertex 3.200000e+00 1.030000e+01 1.124032e+00
    endloop
  endfacet
  facet normal -1.502787e-31 0.000000e+00 0.000000e+00
    outer loop
      vertex 3.200000e+00 9.050000e+00 1.024032e+00
      vertex 3.200000e+00 1.030000e+01 1.124032e+00
      vertex 3.200000e+00 1.028000e+01 1.024032e+00
    endloop
  endfacet
  facet normal -1.502787e-31 0.000000e+00 0.000000e+00
    outer loop
      vertex 3.200000e+00 1.028000e+01 1.024032e+00
      vertex 3.200000e+00 1.030000e+01 1.124032e+00
      vertex 3.200000e+00 1.050000e+01 9.440317e-01
    endloop
  endfacet
  facet normal -1.502787e-31 0.000000e+00 0.000000e+00
    outer loop
      vertex 3.200000e+00 1.030000e+01 1.124032e+00
      vertex 3.200000e+00 1.060000e+01 1.024032e+00
      vertex 3.200000e+00 1.050000e+01 9.440317e-01
    endloop
  endfacet
  facet normal -1.502787e-31 0.000000e+00 -1.868920e+18
    outer loop
      vertex 3.200000e+00 1.050000e+01 9.440317e-01
      vertex 3.200000e+00 1.060000e+01 1.024032e+00
      vertex 3.200000e+00 1.070000e+01 -3.759683e-01
    endloop
  endfacet
  facet normal -1.502787e-31 0.000000e+00 0.000000e+00
    outer loop
      vertex 3.200000e+00 1.050000e+01 9.440317e-01
      vertex 3.200000e+00 1.070000e+01 -3.759683e-01
      vertex 3.200000e+00 1.060000e+01 -4.759683e-01
    endloop
  endfacet
  facet normal -1.502787e-31 0.000000e+00 0.000000e+00
    outer loop
      vertex 3.200000e+00 1.060000e+01 -4.759683e-01
      vertex 3.200000e+00 1.070000e+01 -3.759683e-01
      vertex 3.200000e+00 1.100000e+01 -4.759683e-01
    endloop
  endfacet
  facet normal -1.502787e-31 0.000000e+00 -6.957567e+17
    outer loop
      vertex 3.200000e+00 1.070000e+01 -3.759683e-01
      vertex 3.200000e+00 1.100000e+01 -3.759683e-01
      vertex 3.200000e+00 1.100000e+01 -4.759683e-01
    endloop
  endfacet
  facet normal -1.502787e-31 0.000000e+00 0.000000e+00
    outer loop
      vertex 3.200000e+00 9.050000e+00 1.024032e+00
      vertex 3.200000e+00 9.050000e+00 5.990317e-01
      vertex 3.200000e+00 8.950000e+00 6.990317e-01
    endloop
  endfacet
  facet normal -1.502787e-31 0.000000e+00 0.000000e+00
    outer loop
      vertex 3.200000e+00 8.950000e+00 6.990317e-01
      vertex 3.200000e+00 9.050000e+00 5.990317e-01
      vertex 3.200000e+00 8.800000e+00 5.990317e-01
    endloop
  endfacet
  facet normal -1.502787e-31 0.000000e+00 -3.501434e+17
    outer loop
      vertex 3.200000e+00 8.950000e+00 6.990317e-01
      vertex 3.200000e+00 8.800000e+00 5.990317e-01
      vertex 3.200000e+00 8.800000e+00 6.990317e-01
    endloop
  endfacet
endsolid PEC:Pin_9
solid PEC:Pin_10
  facet normal 0.000000e+00 0.000000e+00 0.000000e+00
    outer loop
      vertex 3.820000e+00 7.130000e+00 6.990317e-01
      vertex 3.620000e+00 7.130000e+00 6.990317e-01
      vertex 3.820000e+00 7.130000e+00 5.990317e-01
    endloop
  endfacet
  facet normal 0.000000e+00 0.000000e+00 0.000000e+00
    outer loop
      vertex 3.820000e+00 7.130000e+00 5.990317e-01
      vertex 3.620000e+00 7.130000e+00 6.990317e-01
      vertex 3.620000e+00 7.130000e+00 5.990317e-01
    endloop
  endfacet
  facet normal -0.000000e+00 0.000000e+00 0.000000e+00
    outer loop
      vertex 3.620000e+00 7.130000e+00 6.990317e-01
      vertex 3.620000e+00 7.230000e+00 6.990317e-01
      vertex 3.620000e+00 7.130000e+00 5.990317e-01
    endloop
  endfacet
  facet normal -0.000000e+00 0.000000e+00 0.000000e+00
    outer loop
      vertex 3.620000e+00 7.130000e+00 5.990317e-01
      vertex 3.620000e+00 7.230000e+00 6.990317e-01
      vertex 3.620000e+00 7.230000e+00 5.990317e-01
    endloop
  endfacet
  facet normal -0.000000e+00 0.000000e+00 0.000000e+00
    outer loop
      vertex 3.820000e+00 7.130000e+00 5.990317e-01
      vertex 3.820000e+00 7.230000e+00 5.990317e-01
      vertex 3.820000e+00 7.130000e+00 6.990317e-01
    endloop
  endfacet
  facet normal -0.000000e+00 0.000000e+00 0.000000e+00
    outer loop
      vertex 3.820000e+00 7.130000e+00 6.990317e-01
      vertex 3.820000e+00 7.230000e+00 5.990317e-01
      vertex 3.820000e+00 7.230000e+00 6.990317e-01
    endloop
  endfacet
  facet normal 0.000000e+00 0.000000e+00 0.000000e+00
    outer loop
      vertex 3.820000e+00 7.230000e+00 6.990317e-01
      vertex 3.820000e+00 7.230000e+00 5.990317e-01
      vertex 2.950000e+00 8.800000e+00 6.990317e-01
    endloop
  endfacet
  facet normal 0.000000e+00 0.000000e+00 0.000000e+00
    outer loop
      vertex 2.950000e+00 8.800000e+00 6.990317e-01
      vertex 3.820000e+00 7.230000e+00 5.990317e-01
      vertex 2.950000e+00 8.800000e+00 5.990317e-01
    endloop
  endfacet
  facet normal 0.000000e+00 0.000000e+00 0.000000e+00
    outer loop
      vertex 3.620000e+00 7.230000e+00 5.990317e-01
      vertex 3.620000e+00 7.230000e+00 6.990317e-01
      vertex 2.650000e+00 8.800000e+00 5.990317e-01
    endloop
  endfacet
  facet normal 0.000000e+00 0.000000e+00 0.000000e+00
    outer loop
      vertex 2.650000e+00 8.800000e+00 5.990317e-01
      vertex 3.620000e+00 7.230000e+00 6.990317e-01
      vertex 2.650000e+00 8.800000e+00 6.990317e-01
    endloop
  endfacet
  facet normal 0.000000e+00 0.000000e+00 0.000000e+00
    outer loop
      vertex 2.650000e+00 8.950000e+00 1.124032e+00
      vertex 2.650000e+00 8.950000e+00 6.990317e-01
      vertex 2.950000e+00 8.950000e+00 1.124032e+00
    endloop
  endfacet
  facet normal 0.000000e+00 0.000000e+00 0.000000e+00
    outer loop
      vertex 2.950000e+00 8.950000e+00 1.124032e+00
      vertex 2.650000e+00 8.950000e+00 6.990317e-01
      vertex 2.950000e+00 8.950000e+00 6.990317e-01
    endloop
  endfacet
  facet normal 1.000000e+00 0.000000e+00 0.000000e+00
    outer loop
      vertex 2.650000e+00 8.950000e+00 6.990317e-01
      vertex 2.650000e+00 8.800000e+00 6.990317e-01
      vertex 2.950000e+00 8.950000e+00 6.990317e-01
    endloop
  endfacet
  facet normal 1.000000e+00 0.000000e+00 0.000000e+00
    outer loop
      vertex 2.950000e+00 8.950000e+00 6.990317e-01
      vertex 2.650000e+00 8.800000e+00 6.990317e-01
      vertex 2.950000e+00 8.800000e+00 6.990317e-01
    endloop
  endfacet
  facet normal 1.000000e+00 0.000000e+00 0.000000e+00
    outer loop
      vertex 2.650000e+00 8.800000e+00 6.990317e-01
      vertex 3.620000e+00 7.230000e+00 6.990317e-01
      vertex 2.950000e+00 8.800000e+00 6.990317e-01
    endloop
  endfacet
  facet normal 1.000000e+00 0.000000e+00 0.000000e+00
    outer loop
      vertex 2.950000e+00 8.800000e+00 6.990317e-01
      vertex 3.620000e+00 7.230000e+00 6.990317e-01
      vertex 3.820000e+00 7.230000e+00 6.990317e-01
    endloop
  endfacet
  facet normal 1.000000e+00 0.000000e+00 0.000000e+00
    outer loop
      vertex 3.620000e+00 7.230000e+00 6.990317e-01
      vertex 3.620000e+00 7.130000e+00 6.990317e-01
      vertex 3.820000e+00 7.230000e+00 6.990317e-01
    endloop
  endfacet
  facet normal 1.000000e+00 0.000000e+00 0.000000e+00
    outer loop
      vertex 3.820000e+00 7.230000e+00 6.990317e-01
      vertex 3.620000e+00 7.130000e+00 6.990317e-01
      vertex 3.820000e+00 7.130000e+00 6.990317e-01
    endloop
  endfacet
  facet normal -1.000000e+00 0.000000e+00 0.000000e+00
    outer loop
      vertex 3.620000e+00 7.230000e+00 5.990317e-01
      vertex 2.650000e+00 8.800000e+00 5.990317e-01
      vertex 2.950000e+00 8.800000e+00 5.990317e-01
    endloop
  endfacet
  facet normal -1.000000e+00 0.000000e+00 -4.070637e+00
    outer loop
      vertex 2.950000e+00 8.800000e+00 5.990317e-01
      vertex 2.650000e+00 8.800000e+00 5.990317e-01
      vertex 2.650000e+00 9.050000e+00 5.990317e-01
    endloop
  endfacet
  facet normal -1.000000e+00 0.000000e+00 0.000000e+00
    outer loop
      vertex 2.950000e+00 8.800000e+00 5.990317e-01
      vertex 2.650000e+00 9.050000e+00 5.990317e-01
      vertex 2.950000e+00 9.050000e+00 5.990317e-01
    endloop
  endfacet
  facet normal -1.000000e+00 0.000000e+00 0.000000e+00
    outer loop
      vertex 2.950000e+00 8.800000e+00 5.990317e-01
      vertex 3.820000e+00 7.230000e+00 5.990317e-01
      vertex 3.620000e+00 7.230000e+00 5.990317e-01
    endloop
  endfacet
  facet normal -1.000000e+00 0.000000e+00 0.000000e+00
    outer loop
      vertex 3.620000e+00 7.230000e+00 5.990317e-01
      vertex 3.820000e+00 7.230000e+00 5.990317e-01
      vertex 3.820000e+00 7.130000e+00 5.990317e-01
    endloop
  endfacet
  facet normal -1.000000e+00 0.000000e+00 0.000000e+00
    outer loop
      vertex 3.620000e+00 7.230000e+00 5.990317e-01
      vertex 3.820000e+00 7.130000e+00 5.990317e-01
      vertex 3.620000e+00 7.130000e+00 5.990317e-01
    endloop
  endfacet
  facet normal 0.000000e+00 0.000000e+00 -2.140698e+01
    outer loop
      vertex 2.650000e+00 9.050000e+00 5.990317e-01
      vertex 2.650000e+00 9.050000e+00 1.024032e+00
      vertex 2.950000e+00 9.050000e+00 5.990317e-01
    endloop
  endfacet
  facet normal 0.000000e+00 0.000000e+00 0.000000e+00
    outer loop
      vertex 2.950000e+00 9.050000e+00 5.990317e-01
      vertex 2.650000e+00 9.050000e+00 1.024032e+00
      vertex 2.950000e+00 9.050000e+00 1.024032e+00
    endloop
  endfacet
  facet normal 1.000000e+00 0.000000e+00 0.000000e+00
    outer loop
      vertex 2.950000e+00 8.950000e+00 1.124032e+00
      vertex 2.950000e+00 1.030000e+01 1.124032e+00
      vertex 2.650000e+00 8.950000e+00 1.124032e+00
    endloop
  endfacet
  facet normal 1.000000e+00 0.000000e+00 0.000000e+00
    outer loop
      vertex 2.650000e+00 8.950000e+00 1.124032e+00
      vertex 2.950000e+00 1.030000e+01 1.124032e+00
      vertex 2.650000e+00 1.030000e+01 1.124032e+00
    endloop
  endfacet
  facet normal 9.486833e-01 0.000000e+00 -2.379041e+00
    outer loop
      vertex 2.950000e+00 1.030000e+01 1.124032e+00
      vertex 2.950000e+00 1.060000e+01 1.024032e+00
      vertex 2.650000e+00 1.030000e+01 1.124032e+00
    endloop
  endfacet
  facet normal 9.486833e-01 0.000000e+00 0.000000e+00
    outer loop
      vertex 2.650000e+00 1.030000e+01 1.124032e+00
      vertex 2.950000e+00 1.060000e+01 1.024032e+00
      vertex 2.650000e+00 1.060000e+01 1.024032e+00
    endloop
  endfacet
  facet normal 7.124705e-02 0.000000e+00 0.000000e+00
    outer loop
      vertex 2.950000e+00 1.060000e+01 1.024032e+00
      vertex 2.950000e+00 1.070000e+01 -3.759683e-01
      vertex 2.650000e+00 1.060000e+01 1.024032e+00
    endloop
  endfacet
  facet normal 7.124705e-02 0.000000e+00 0.000000e+00
    outer loop
      vertex 2.650000e+00 1.060000e+01 1.024032e+00
      vertex 2.950000e+00 1.070000e+01 -3.759683e-01
      vertex 2.650000e+00 1.070000e+01 -3.759683e-01
    endloop
  endfacet
  facet normal 1.000000e+00 0.000000e+00 0.000000e+00
    outer loop
      vertex 2.950000e+00 1.070000e+01 -3.759683e-01
      vertex 2.950000e+00 1.100000e+01 -3.759683e-01
      vertex 2.650000e+00 1.070000e+01 -3.759683e-01
    endloop
  endfacet
  facet normal 1.000000e+00 0.000000e+00 0.000000e+00
    outer loop
      vertex 2.650000e+00 1.070000e+01 -3.759683e-01
      vertex 2.950000e+00 1.100000e+01 -3.759683e-01
      vertex 2.650000e+00 1.100000e+01 -3.759683e-01
    endloop
  endfacet
  facet normal 0.000000e+00 0.000000e+00 0.000000e+00
    outer loop
      vertex 2.950000e+00 1.100000e+01 -3.759683e-01
      vertex 2.950000e+00 1.100000e+01 -4.759683e-01
      vertex 2.650000e+00 1.100000e+01 -3.759683e-01
    endloop
  endfacet
  facet normal 0.000000e+00 0.000000e+00 0.000000e+00
    outer loop
      vertex 2.650000e+00 1.100000e+01 -3.759683e-01
      vertex 2.950000e+00 1.100000e+01 -4.759683e-01
      vertex 2.650000e+00 1.100000e+01 -4.759683e-01
    endloop
  endfacet
  facet normal -1.000000e+00 0.000000e+00 0.000000e+00
    outer loop
      vertex 2.950000e+00 1.100000e+01 -4.759683e-01
      vertex 2.950000e+00 1.060000e+01 -4.759683e-01
      vertex 2.650000e+00 1.100000e+01 -4.759683e-01
    endloop
  endfacet
  facet normal -1.000000e+00 0.000000e+00 0.000000e+00
    outer loop
      vertex 2.650000e+00 1.100000e+01 -4.759683e-01
      vertex 2.950000e+00 1.060000e+01 -4.759683e-01
      vertex 2.650000e+00 1.060000e+01 -4.759683e-01
    endloop
  endfacet
  facet normal -7.024856e-02 0.000000e+00 0.000000e+00
    outer loop
      vertex 2.950000e+00 1.060000e+01 -4.759683e-01
      vertex 2.950000e+00 1.050000e+01 9.440317e-01
      vertex 2.650000e+00 1.060000e+01 -4.759683e-01
    endloop
  endfacet
  facet normal -7.024856e-02 0.000000e+00 0.000000e+00
    outer loop
      vertex 2.650000e+00 1.060000e+01 -4.759683e-01
      vertex 2.950000e+00 1.050000e+01 9.440317e-01
      vertex 2.650000e+00 1.050000e+01 9.440317e-01
    endloop
  endfacet
  facet normal -9.397934e-01 0.000000e+00 0.000000e+00
    outer loop
      vertex 2.950000e+00 1.050000e+01 9.440317e-01
      vertex 2.950000e+00 1.028000e+01 1.024032e+00
      vertex 2.650000e+00 1.050000e+01 9.440317e-01
    endloop
  endfacet
  facet normal -9.397934e-01 0.000000e+00 0.000000e+00
    outer loop
      vertex 2.650000e+00 1.050000e+01 9.440317e-01
      vertex 2.950000e+00 1.028000e+01 1.024032e+00
      vertex 2.650000e+00 1.028000e+01 1.024032e+00
    endloop
  endfacet
  facet normal -1.000000e+00 0.000000e+00 0.000000e+00
    outer loop
      vertex 2.950000e+00 1.028000e+01 1.024032e+00
      vertex 2.950000e+00 9.050000e+00 1.024032e+00
      vertex 2.650000e+00 1.028000e+01 1.024032e+00
    endloop
  endfacet
  facet normal -1.000000e+00 0.000000e+00 0.000000e+00
    outer loop
      vertex 2.650000e+00 1.028000e+01 1.024032e+00
      vertex 2.950000e+00 9.050000e+00 1.024032e+00
      vertex 2.650000e+00 9.050000e+00 1.024032e+00
    endloop
  endfacet
  facet normal 1.502787e-31 0.000000e+00 0.000000e+00
    outer loop
      vertex 2.950000e+00 8.950000e+00 1.124032e+00
      vertex 2.950000e+00 9.050000e+00 1.024032e+00
      vertex 2.950000e+00 1.030000e+01 1.124032e+00
    endloop
  endfacet
  facet normal 1.502787e-31 0.000000e+00 0.000000e+00
    outer loop
      vertex 2.950000e+00 1.030000e+01 1.124032e+00
      vertex 2.950000e+00 9.050000e+00 1.024032e+00
      vertex 2.950000e+00 1.028000e+01 1.024032e+00
    endloop
  endfacet
  facet normal 1.502787e-31 0.000000e+00 0.000000e+00
    outer loop
      vertex 2.950000e+00 1.030000e+01 1.124032e+00
      vertex 2.950000e+00 1.028000e+01 1.024032e+00
      vertex 2.950000e+00 1.050000e+01 9.440317e-01
    endloop
  endfacet
  facet normal 1.502787e-31 0.000000e+00 0.000000e+00
    outer loop
      vertex 2.950000e+00 8.950000e+00 1.124032e+00
      vertex 2.950000e+00 8.950000e+00 6.990317e-01
      vertex 2.950000e+00 9.050000e+00 1.024032e+00
    endloop
  endfacet
  facet normal 1.502787e-31 0.000000e+00 0.000000e+00
    outer loop
      vertex 2.950000e+00 9.050000e+00 1.024032e+00
      vertex 2.950000e+00 8.950000e+00 6.990317e-01
      vertex 2.950000e+00 9.050000e+00 5.990317e-01
    endloop
  endfacet
  facet normal 1.502787e-31 0.000000e+00 -2.472631e+02
    outer loop
      vertex 2.950000e+00 8.800000e+00 6.990317e-01
      vertex 2.950000e+00 8.800000e+00 5.990317e-01
      vertex 2.950000e+00 8.950000e+00 6.990317e-01
    endloop
  endfacet
  facet normal 1.502787e-31 0.000000e+00 -6.414426e+00
    outer loop
      vertex 2.950000e+00 8.950000e+00 6.990317e-01
      vertex 2.950000e+00 8.800000e+00 5.990317e-01
      vertex 2.950000e+00 9.050000e+00 5.990317e-01
    endloop
  endfacet
  facet normal 1.502787e-31 0.000000e+00 0.000000e+00
    outer loop
      vertex 2.950000e+00 1.060000e+01 -4.759683e-01
      vertex 2.950000e+00 1.070000e+01 -3.759683e-01
      vertex 2.950000e+00 1.050000e+01 9.440317e-01
    endloop
  endfacet
  facet normal 1.502787e-31 0.000000e+00 0.000000e+00
    outer loop
      vertex 2.950000e+00 1.050000e+01 9.440317e-01
      vertex 2.950000e+00 1.070000e+01 -3.759683e-01
      vertex 2.950000e+00 1.060000e+01 1.024032e+00
    endloop
  endfacet
  facet normal 1.502787e-31 0.000000e+00 0.000000e+00
    outer loop
      vertex 2.950000e+00 1.050000e+01 9.440317e-01
      vertex 2.950000e+00 1.060000e+01 1.024032e+00
      vertex 2.950000e+00 1.030000e+01 1.124032e+00
    endloop
  endfacet
  facet normal 1.502787e-31 0.000000e+00 0.000000e+00
    outer loop
      vertex 2.950000e+00 1.060000e+01 -4.759683e-01
      vertex 2.950000e+00 1.100000e+01 -4.759683e-01
      vertex 2.950000e+00 1.070000e+01 -3.759683e-01
    endloop
  endfacet
  facet normal 1.502787e-31 0.000000e+00 0.000000e+00
    outer loop
      vertex 2.950000e+00 1.070000e+01 -3.759683e-01
      vertex 2.950000e+00 1.100000e+01 -4.759683e-01
      vertex 2.950000e+00 1.100000e+01 -3.759683e-01
    endloop
  endfacet
  facet normal -1.502787e-31 0.000000e+00 0.000000e+00
    outer loop
      vertex 2.650000e+00 8.950000e+00 6.990317e-01
      vertex 2.650000e+00 8.950000e+00 1.124032e+00
      vertex 2.650000e+00 9.050000e+00 1.024032e+00
    endloop
  endfacet
  facet normal -1.502787e-31 0.000000e+00 0.000000e+00
    outer loop
      vertex 2.650000e+00 9.050000e+00 1.024032e+00
      vertex 2.650000e+00 8.950000e+00 1.124032e+00
      vertex 2.650000e+00 1.030000e+01 1.124032e+00
    endloop
  endfacet
  facet normal -1.502787e-31 0.000000e+00 0.000000e+00
    outer loop
      vertex 2.650000e+00 9.050000e+00 1.024032e+00
      vertex 2.650000e+00 1.030000e+01 1.124032e+00
      vertex 2.650000e+00 1.028000e+01 1.024032e+00
    endloop
  endfacet
  facet normal -1.502787e-31 0.000000e+00 0.000000e+00
    outer loop
      vertex 2.650000e+00 1.028000e+01 1.024032e+00
      vertex 2.650000e+00 1.030000e+01 1.124032e+00
      vertex 2.650000e+00 1.050000e+01 9.440317e-01
    endloop
  endfacet
  facet normal -1.502787e-31 0.000000e+00 0.000000e+00
    outer loop
      vertex 2.650000e+00 1.030000e+01 1.124032e+00
      vertex 2.650000e+00 1.060000e+01 1.024032e+00
      vertex 2.650000e+00 1.050000e+01 9.440317e-01
    endloop
  endfacet
  facet normal -1.502787e-31 0.000000e+00 -3.065290e+02
    outer loop
      vertex 2.650000e+00 1.050000e+01 9.440317e-01
      vertex 2.650000e+00 1.060000e+01 1.024032e+00
      vertex 2.650000e+00 1.070000e+01 -3.759683e-01
    endloop
  endfacet
  facet normal -1.502787e-31 0.000000e+00 -5.162148e+01
    outer loop
      vertex 2.650000e+00 1.050000e+01 9.440317e-01
      vertex 2.650000e+00 1.070000e+01 -3.759683e-01
      vertex 2.650000e+00 1.060000e+01 -4.759683e-01
    endloop
  endfacet
  facet normal -1.502787e-31 0.000000e+00 -8.274319e+01
    outer loop
      vertex 2.650000e+00 1.060000e+01 -4.759683e-01
      vertex 2.650000e+00 1.070000e+01 -3.759683e-01
      vertex 2.650000e+00 1.100000e+01 -4.759683e-01
    endloop
  endfacet
  facet normal -1.502787e-31 0.000000e+00 0.000000e+00
    outer loop
      vertex 2.650000e+00 1.070000e+01 -3.759683e-01
      vertex 2.650000e+00 1.100000e+01 -3.759683e-01
      vertex 2.650000e+00 1.100000e+01 -4.759683e-01
    endloop
  endfacet
  facet normal -1.502787e-31 0.000000e+00 0.000000e+00
    outer loop
      vertex 2.650000e+00 9.050000e+00 1.024032e+00
      vertex 2.650000e+00 9.050000e+00 5.990317e-01
      vertex 2.650000e+00 8.950000e+00 6.990317e-01
    endloop
  endfacet
  facet normal -1.502787e-31 0.000000e+00 0.000000e+00
    outer loop
      vertex 2.650000e+00 8.950000e+00 6.990317e-01
      vertex 2.650000e+00 9.050000e+00 5.990317e-01
      vertex 2.650000e+00 8.800000e+00 5.990317e-01
    endloop
  endfacet
  facet normal -1.502787e-31 0.000000e+00 -1.642617e+02
    outer loop
      vertex 2.650000e+00 8.950000e+00 6.990317e-01
      vertex 2.650000e+00 8.800000e+00 5.990317e-01
      vertex 2.650000e+00 8.800000e+00 6.990317e-01
    endloop
  endfacet
endsolid PEC:Pin_10
solid PEC:Pin_11
  facet normal 0.000000e+00 0.000000e+00 0.000000e+00
    outer loop
      vertex 3.500000e+00 7.130000e+00 6.990317e-01
      vertex 3.300000e+00 7.130000e+00 6.990317e-01
      vertex 3.500000e+00 7.130000e+00 5.990317e-01
    endloop
  endfacet
  facet normal 0.000000e+00 0.000000e+00 0.000000e+00
    outer loop
      vertex 3.500000e+00 7.130000e+00 5.990317e-01
      vertex 3.300000e+00 7.130000e+00 6.990317e-01
      vertex 3.300000e+00 7.130000e+00 5.990317e-01
    endloop
  endfacet
  facet normal -0.000000e+00 0.000000e+00 0.000000e+00
    outer loop
      vertex 3.300000e+00 7.130000e+00 6.990317e-01
      vertex 3.300000e+00 7.230000e+00 6.990317e-01
      vertex 3.300000e+00 7.130000e+00 5.990317e-01
    endloop
  endfacet
  facet normal -0.000000e+00 0.000000e+00 0.000000e+00
    outer loop
      vertex 3.300000e+00 7.130000e+00 5.990317e-01
      vertex 3.300000e+00 7.230000e+00 6.990317e-01
      vertex 3.300000e+00 7.230000e+00 5.990317e-01
    endloop
  endfacet
  facet normal -0.000000e+00 0.000000e+00 0.000000e+00
    outer loop
      vertex 3.500000e+00 7.130000e+00 5.990317e-01
      vertex 3.500000e+00 7.230000e+00 5.990317e-01
      vertex 3.500000e+00 7.130000e+00 6.990317e-01
    endloop
  endfacet
  facet normal -0.000000e+00 0.000000e+00 0.000000e+00
    outer loop
      vertex 3.500000e+00 7.130000e+00 6.990317e-01
      vertex 3.500000e+00 7.230000e+00 5.990317e-01
      vertex 3.500000e+00 7.230000e+00 6.990317e-01
    endloop
  endfacet
  facet normal 0.000000e+00 0.000000e+00 0.000000e+00
    outer loop
      vertex 3.500000e+00 7.230000e+00 6.990317e-01
      vertex 3.500000e+00 7.230000e+00 5.990317e-01
      vertex 2.400000e+00 8.800000e+00 6.990317e-01
    endloop
  endfacet
  facet normal 0.000000e+00 0.000000e+00 0.000000e+00
    outer loop
      vertex 2.400000e+00 8.800000e+00 6.990317e-01
      vertex 3.500000e+00 7.230000e+00 5.990317e-01
      vertex 2.400000e+00 8.800000e+00 5.990317e-01
    endloop
  endfacet
  facet normal 0.000000e+00 0.000000e+00 0.000000e+00
    outer loop
      vertex 3.300000e+00 7.230000e+00 5.990317e-01
      vertex 3.300000e+00 7.230000e+00 6.990317e-01
      vertex 2.100000e+00 8.800000e+00 5.990317e-01
    endloop
  endfacet
  facet normal 0.000000e+00 0.000000e+00 0.000000e+00
    outer loop
      vertex 2.100000e+00 8.800000e+00 5.990317e-01
      vertex 3.300000e+00 7.230000e+00 6.990317e-01
      vertex 2.100000e+00 8.800000e+00 6.990317e-01
    endloop
  endfacet
  facet normal 0.000000e+00 0.000000e+00 0.000000e+00
    outer loop
      vertex 2.100000e+00 8.950000e+00 1.124032e+00
      vertex 2.100000e+00 8.950000e+00 6.990317e-01
      vertex 2.400000e+00 8.950000e+00 1.124032e+00
    endloop
  endfacet
  facet normal 0.000000e+00 0.000000e+00 0.000000e+00
    outer loop
      vertex 2.400000e+00 8.950000e+00 1.124032e+00
      vertex 2.100000e+00 8.950000e+00 6.990317e-01
      vertex 2.400000e+00 8.950000e+00 6.990317e-01
    endloop
  endfacet
  facet normal 1.000000e+00 0.000000e+00 0.000000e+00
    outer loop
      vertex 2.100000e+00 8.950000e+00 6.990317e-01
      vertex 2.100000e+00 8.800000e+00 6.990317e-01
      vertex 2.400000e+00 8.950000e+00 6.990317e-01
    endloop
  endfacet
  facet normal 1.000000e+00 0.000000e+00 0.000000e+00
    outer loop
      vertex 2.400000e+00 8.950000e+00 6.990317e-01
      vertex 2.100000e+00 8.800000e+00 6.990317e-01
      vertex 2.400000e+00 8.800000e+00 6.990317e-01
    endloop
  endfacet
  facet normal 1.000000e+00 0.000000e+00 0.000000e+00
    outer loop
      vertex 2.100000e+00 8.800000e+00 6.990317e-01
      vertex 3.300000e+00 7.230000e+00 6.990317e-01
      vertex 2.400000e+00 8.800000e+00 6.990317e-01
    endloop
  endfacet
  facet normal 1.000000e+00 0.000000e+00 0.000000e+00
    outer loop
      vertex 2.400000e+00 8.800000e+00 6.990317e-01
      vertex 3.300000e+00 7.230000e+00 6.990317e-01
      vertex 3.500000e+00 7.230000e+00 6.990317e-01
    endloop
  endfacet
  facet normal 1.000000e+00 0.000000e+00 -1.089600e+04
    outer loop
      vertex 3.300000e+00 7.230000e+00 6.990317e-01
      vertex 3.300000e+00 7.130000e+00 6.990317e-01
      vertex 3.500000e+00 7.230000e+00 6.990317e-01
    endloop
  endfacet
  facet normal 1.000000e+00 0.000000e+00 0.000000e+00
    outer loop
      vertex 3.500000e+00 7.230000e+00 6.990317e-01
      vertex 3.300000e+00 7.130000e+00 6.990317e-01
      vertex 3.500000e+00 7.130000e+00 6.990317e-01
    endloop
  endfacet
  facet normal -1.000000e+00 0.000000e+00 0.000000e+00
    outer loop
      vertex 3.300000e+00 7.230000e+00 5.990317e-01
      vertex 2.100000e+00 8.800000e+00 5.990317e-01
      vertex 2.400000e+00 8.800000e+00 5.990317e-01
    endloop
  endfacet
  facet normal -1.000000e+00 0.000000e+00 0.000000e+00
    outer loop
      vertex 2.400000e+00 8.800000e+00 5.990317e-01
      vertex 2.100000e+00 8.800000e+00 5.990317e-01
      vertex 2.100000e+00 9.050000e+00 5.990317e-01
    endloop
  endfacet
  facet normal -1.000000e+00 0.000000e+00 0.000000e+00
    outer loop
      vertex 2.400000e+00 8.800000e+00 5.990317e-01
      vertex 2.100000e+00 9.050000e+00 5.990317e-01
      vertex 2.400000e+00 9.050000e+00 5.990317e-01
    endloop
  endfacet
  facet normal -1.000000e+00 0.000000e+00 0.000000e+00
    outer loop
      vertex 2.400000e+00 8.800000e+00 5.990317e-01
      vertex 3.500000e+00 7.230000e+00 5.990317e-01
      vertex 3.300000e+00 7.230000e+00 5.990317e-01
    endloop
  endfacet
  facet normal -1.000000e+00 0.000000e+00 0.000000e+00
    outer loop
      vertex 3.300000e+00 7.230000e+00 5.990317e-01
      vertex 3.500000e+00 7.230000e+00 5.990317e-01
      vertex 3.500000e+00 7.130000e+00 5.990317e-01
    endloop
  endfacet
  facet normal -1.000000e+00 0.000000e+00 0.000000e+00
    outer loop
      vertex 3.300000e+00 7.230000e+00 5.990317e-01
      vertex 3.500000e+00 7.130000e+00 5.990317e-01
      vertex 3.300000e+00 7.130000e+00 5.990317e-01
    endloop
  endfacet
  facet normal 0.000000e+00 0.000000e+00 0.000000e+00
    outer loop
      vertex 2.100000e+00 9.050000e+00 5.990317e-01
      vertex 2.100000e+00 9.050000e+00 1.024032e+00
      vertex 2.400000e+00 9.050000e+00 5.990317e-01
    endloop
  endfacet
  facet normal 0.000000e+00 0.000000e+00 0.000000e+00
    outer loop
      vertex 2.400000e+00 9.050000e+00 5.990317e-01
      vertex 2.100000e+00 9.050000e+00 1.024032e+00
      vertex 2.400000e+00 9.050000e+00 1.024032e+00
    endloop
  endfacet
  facet normal 1.000000e+00 0.000000e+00 0.000000e+00
    outer loop
      vertex 2.400000e+00 8.950000e+00 1.124032e+00
      vertex 2.400000e+00 1.030000e+01 1.124032e+00
      vertex 2.100000e+00 8.950000e+00 1.124032e+00
    endloop
  endfacet
  facet normal 1.000000e+00 0.000000e+00 -1.569608e+04
    outer loop
      vertex 2.100000e+00 8.950000e+00 1.124032e+00
      vertex 2.400000e+00 1.030000e+01 1.124032e+00
      vertex 2.100000e+00 1.030000e+01 1.124032e+00
    endloop
  endfacet
  facet normal 9.486833e-01 0.000000e+00 0.000000e+00
    outer loop
      vertex 2.400000e+00 1.030000e+01 1.124032e+00
      vertex 2.400000e+00 1.060000e+01 1.024032e+00
      vertex 2.100000e+00 1.030000e+01 1.124032e+00
    endloop
  endfacet
  facet normal 9.486833e-01 0.000000e+00 0.000000e+00
    outer loop
      vertex 2.100000e+00 1.030000e+01 1.124032e+00
      vertex 2.400000e+00 1.060000e+01 1.024032e+00
      vertex 2.100000e+00 1.060000e+01 1.024032e+00
    endloop
  endfacet
  facet normal 7.124705e-02 0.000000e+00 -1.276599e+01
    outer loop
      vertex 2.400000e+00 1.060000e+01 1.024032e+00
      vertex 2.400000e+00 1.070000e+01 -3.759683e-01
      vertex 2.100000e+00 1.060000e+01 1.024032e+00
    endloop
  endfacet
  facet normal 7.124705e-02 0.000000e+00 0.000000e+00
    outer loop
      vertex 2.100000e+00 1.060000e+01 1.024032e+00
      vertex 2.400000e+00 1.070000e+01 -3.759683e-01
      vertex 2.100000e+00 1.070000e+01 -3.759683e-01
    endloop
  endfacet
  facet normal 1.000000e+00 0.000000e+00 0.000000e+00
    outer loop
      vertex 2.400000e+00 1.070000e+01 -3.759683e-01
      vertex 2.400000e+00 1.100000e+01 -3.759683e-01
      vertex 2.100000e+00 1.070000e+01 -3.759683e-01
    endloop
  endfacet
  facet normal 1.000000e+00 0.000000e+00 0.000000e+00
    outer loop
      vertex 2.100000e+00 1.070000e+01 -3.759683e-01
      vertex 2.400000e+00 1.100000e+01 -3.759683e-01
      vertex 2.100000e+00 1.100000e+01 -3.759683e-01
    endloop
  endfacet
  facet normal 0.000000e+00 0.000000e+00 0.000000e+00
    outer loop
      vertex 2.400000e+00 1.100000e+01 -3.759683e-01
      vertex 2.400000e+00 1.100000e+01 -4.759683e-01
      vertex 2.100000e+00 1.100000e+01 -3.759683e-01
    endloop
  endfacet
  facet normal 0.000000e+00 0.000000e+00 0.000000e+00
    outer loop
      vertex 2.100000e+00 1.100000e+01 -3.759683e-01
      vertex 2.400000e+00 1.100000e+01 -4.759683e-01
      vertex 2.100000e+00 1.100000e+01 -4.759683e-01
    endloop
  endfacet
  facet normal -1.000000e+00 0.000000e+00 0.000000e+00
    outer loop
      vertex 2.400000e+00 1.100000e+01 -4.759683e-01
      vertex 2.400000e+00 1.060000e+01 -4.759683e-01
      vertex 2.100000e+00 1.100000e+01 -4.759683e-01
    endloop
  endfacet
  facet normal -1.000000e+00 0.000000e+00 0.000000e+00
    outer loop
      vertex 2.100000e+00 1.100000e+01 -4.759683e-01
      vertex 2.400000e+00 1.060000e+01 -4.759683e-01
      vertex 2.100000e+00 1.060000e+01 -4.759683e-01
    endloop
  endfacet
  facet normal -7.024856e-02 0.000000e+00 -8.078414e+00
    outer loop
      vertex 2.400000e+00 1.060000e+01 -4.759683e-01
      vertex 2.400000e+00 1.050000e+01 9.440317e-01
      vertex 2.100000e+00 1.060000e+01 -4.759683e-01
    endloop
  endfacet
  facet normal -7.024856e-02 0.000000e+00 -3.078216e+01
    outer loop
      vertex 2.100000e+00 1.060000e+01 -4.759683e-01
      vertex 2.400000e+00 1.050000e+01 9.440317e-01
      vertex 2.100000e+00 1.050000e+01 9.440317e-01
    endloop
  endfacet
  facet normal -9.397934e-01 0.000000e+00 -2.038435e+04
    outer loop
      vertex 2.400000e+00 1.050000e+01 9.440317e-01
      vertex 2.400000e+00 1.028000e+01 1.024032e+00
      vertex 2.100000e+00 1.050000e+01 9.440317e-01
    endloop
  endfacet
  facet normal -9.397934e-01 0.000000e+00 0.000000e+00
    outer loop
      vertex 2.100000e+00 1.050000e+01 9.440317e-01
      vertex 2.400000e+00 1.028000e+01 1.024032e+00
      vertex 2.100000e+00 1.028000e+01 1.024032e+00
    endloop
  endfacet
  facet normal -1.000000e+00 0.000000e+00 0.000000e+00
    outer loop
      vertex 2.400000e+00 1.028000e+01 1.024032e+00
      vertex 2.400000e+00 9.050000e+00 1.024032e+00
      vertex 2.100000e+00 1.028000e+01 1.024032e+00
    endloop
  endfacet
  facet normal -1.000000e+00 0.000000e+00 0.000000e+00
    outer loop
      vertex 2.100000e+00 1.028000e+01 1.024032e+00
      vertex 2.400000e+00 9.050000e+00 1.024032e+00
      vertex 2.100000e+00 9.050000e+00 1.024032e+00
    endloop
  endfacet
  facet normal 1.502787e-31 0.000000e+00 0.000000e+00
    outer loop
      vertex 2.400000e+00 8.950000e+00 1.124032e+00
      vertex 2.400000e+00 9.050000e+00 1.024032e+00
      vertex 2.400000e+00 1.030000e+01 1.124032e+00
    endloop
  endfacet
  facet normal 1.502787e-31 0.000000e+00 0.000000e+00
    outer loop
      vertex 2.400000e+00 1.030000e+01 1.124032e+00
      vertex 2.400000e+00 9.050000e+00 1.024032e+00
      vertex 2.400000e+00 1.028000e+01 1.024032e+00
    endloop
  endfacet
  facet normal 1.502787e-31 0.000000e+00 0.000000e+00
    outer loop
      vertex 2.400000e+00 1.030000e+01 1.124032e+00
      vertex 2.400000e+00 1.028000e+01 1.024032e+00
      vertex 2.400000e+00 1.050000e+01 9.440317e-01
    endloop
  endfacet
  facet normal 1.502787e-31 0.000000e+00 0.000000e+00
    outer loop
      vertex 2.400000e+00 8.950000e+00 1.124032e+00
      vertex 2.400000e+00 8.950000e+00 6.990317e-01
      vertex 2.400000e+00 9.050000e+00 1.024032e+00
    endloop
  endfacet
  facet normal 1.502787e-31 0.000000e+00 0.000000e+00
    outer loop
      vertex 2.400000e+00 9.050000e+00 1.024032e+00
      vertex 2.400000e+00 8.950000e+00 6.990317e-01
      vertex 2.400000e+00 9.050000e+00 5.990317e-01
    endloop
  endfacet
  facet normal 1.502787e-31 0.000000e+00 0.000000e+00
    outer loop
      vertex 2.400000e+00 8.800000e+00 6.990317e-01
      vertex 2.400000e+00 8.800000e+00 5.990317e-01
      vertex 2.400000e+00 8.950000e+00 6.990317e-01
    endloop
  endfacet
  facet normal 1.502787e-31 0.000000e+00 0.000000e+00
    outer loop
      vertex 2.400000e+00 8.950000e+00 6.990317e-01
      vertex 2.400000e+00 8.800000e+00 5.990317e-01
      vertex 2.400000e+00 9.050000e+00 5.990317e-01
    endloop
  endfacet
  facet normal 1.502787e-31 0.000000e+00 0.000000e+00
    outer loop
      vertex 2.400000e+00 1.060000e+01 -4.759683e-01
      vertex 2.400000e+00 1.070000e+01 -3.759683e-01
      vertex 2.400000e+00 1.050000e+01 9.440317e-01
    endloop
  endfacet
  facet normal 1.502787e-31 0.000000e+00 0.000000e+00
    outer loop
      vertex 2.400000e+00 1.050000e+01 9.440317e-01
      vertex 2.400000e+00 1.070000e+01 -3.759683e-01
      vertex 2.400000e+00 1.060000e+01 1.024032e+00
    endloop
  endfacet
  facet normal 1.502787e-31 0.000000e+00 0.000000e+00
    outer loop
      vertex 2.400000e+00 1.050000e+01 9.440317e-01
      vertex 2.400000e+00 1.060000e+01 1.024032e+00
      vertex 2.400000e+00 1.030000e+01 1.124032e+00
    endloop
  endfacet
  facet normal 1.502787e-31 0.000000e+00 0.000000e+00
    outer loop
      vertex 2.400000e+00 1.060000e+01 -4.759683e-01
      vertex 2.400000e+00 1.100000e+01 -4.759683e-01
      vertex 2.400000e+00 1.070000e+01 -3.759683e-01
    endloop
  endfacet
  facet normal 1.502787e-31 0.000000e+00 0.000000e+00
    outer loop
      vertex 2.400000e+00 1.070000e+01 -3.759683e-01
      vertex 2.400000e+00 1.100000e+01 -4.759683e-01
      vertex 2.400000e+00 1.100000e+01 -3.759683e-01
    endloop
  endfacet
  facet normal -1.502787e-31 0.000000e+00 0.000000e+00
    outer loop
      vertex 2.100000e+00 8.950000e+00 6.990317e-01
      vertex 2.100000e+00 8.950000e+00 1.124032e+00
      vertex 2.100000e+00 9.050000e+00 1.024032e+00
    endloop
  endfacet
  facet normal -1.502787e-31 0.000000e+00 0.000000e+00
    outer loop
      vertex 2.100000e+00 9.050000e+00 1.024032e+00
      vertex 2.100000e+00 8.950000e+00 1.124032e+00
      vertex 2.100000e+00 1.030000e+01 1.124032e+00
    endloop
  endfacet
  facet normal -1.502787e-31 0.000000e+00 0.000000e+00
    outer loop
      vertex 2.100000e+00 9.050000e+00 1.024032e+00
      vertex 2.100000e+00 1.030000e+01 1.124032e+00
      vertex 2.100000e+00 1.028000e+01 1.024032e+00
    endloop
  endfacet
  facet normal -1.502787e-31 0.000000e+00 0.000000e+00
    outer loop
      vertex 2.100000e+00 1.028000e+01 1.024032e+00
      vertex 2.100000e+00 1.030000e+01 1.124032e+00
      vertex 2.100000e+00 1.050000e+01 9.440317e-01
    endloop
  endfacet
  facet normal -1.502787e-31 0.000000e+00 0.000000e+00
    outer loop
      vertex 2.100000e+00 1.030000e+01 1.124032e+00
      vertex 2.100000e+00 1.060000e+01 1.024032e+00
      vertex 2.100000e+00 1.050000e+01 9.440317e-01
    endloop
  endfacet
  facet normal -1.502787e-31 0.000000e+00 0.000000e+00
    outer loop
      vertex 2.100000e+00 1.050000e+01 9.440317e-01
      vertex 2.100000e+00 1.060000e+01 1.024032e+00
      vertex 2.100000e+00 1.070000e+01 -3.759683e-01
    endloop
  endfacet
  facet normal -1.502787e-31 0.000000e+00 0.000000e+00
    outer loop
      vertex 2.100000e+00 1.050000e+01 9.440317e-01
      vertex 2.100000e+00 1.070000e+01 -3.759683e-01
      vertex 2.100000e+00 1.060000e+01 -4.759683e-01
    endloop
  endfacet
  facet normal -1.502787e-31 0.000000e+00 0.000000e+00
    outer loop
      vertex 2.100000e+00 1.060000e+01 -4.759683e-01
      vertex 2.100000e+00 1.070000e+01 -3.759683e-01
      vertex 2.100000e+00 1.100000e+01 -4.759683e-01
    endloop
  endfacet
  facet normal -1.502787e-31 0.000000e+00 0.000000e+00
    outer loop
      vertex 2.100000e+00 1.070000e+01 -3.759683e-01
      vertex 2.100000e+00 1.100000e+01 -3.759683e-01
      vertex 2.100000e+00 1.100000e+01 -4.759683e-01
    endloop
  endfacet
  facet normal -1.502787e-31 0.000000e+00 0.000000e+00
    outer loop
      vertex 2.100000e+00 9.050000e+00 1.024032e+00
      vertex 2.100000e+00 9.050000e+00 5.990317e-01
      vertex 2.100000e+00 8.950000e+00 6.990317e-01
    endloop
  endfacet
  facet normal -1.502787e-31 0.000000e+00 0.000000e+00
    outer loop
      vertex 2.100000e+00 8.950000e+00 6.990317e-01
      vertex 2.100000e+00 9.050000e+00 5.990317e-01
      vertex 2.100000e+00 8.800000e+00 5.990317e-01
    endloop
  endfacet
  facet normal -1.502787e-31 0.000000e+00 0.000000e+00
    outer loop
      vertex 2.100000e+00 8.950000e+00 6.990317e-01
      vertex 2.100000e+00 8.800000e+00 5.990317e-01
      vertex 2.100000e+00 8.800000e+00 6.990317e-01
    endloop
  endfacet
endsolid PEC:Pin_11
solid PEC:Pin_12
  facet normal 0.000000e+00 0.000000e+00 0.000000e+00
    outer loop
      vertex 3.180000e+00 7.130000e+00 6.990317e-01
      vertex 2.980000e+00 7.130000e+00 6.990317e-01
      vertex 3.180000e+00 7.130000e+00 5.990317e-01
    endloop
  endfacet
  facet normal 0.000000e+00 0.000000e+00 0.000000e+00
    outer loop
      vertex 3.180000e+00 7.130000e+00 5.990317e-01
      vertex 2.980000e+00 7.130000e+00 6.990317e-01
      vertex 2.980000e+00 7.130000e+00 5.990317e-01
    endloop
  endfacet
  facet normal -0.000000e+00 0.000000e+00 0.000000e+00
    outer loop
      vertex 2.980000e+00 7.130000e+00 6.990317e-01
      vertex 2.980000e+00 7.230000e+00 6.990317e-01
      vertex 2.980000e+00 7.130000e+00 5.990317e-01
    endloop
  endfacet
  facet normal -0.000000e+00 0.000000e+00 0.000000e+00
    outer loop
      vertex 2.980000e+00 7.130000e+00 5.990317e-01
      vertex 2.980000e+00 7.230000e+00 6.990317e-01
      vertex 2.980000e+00 7.230000e+00 5.990317e-01
    endloop
  endfacet
  facet normal -0.000000e+00 0.000000e+00 0.000000e+00
    outer loop
      vertex 3.180000e+00 7.130000e+00 5.990317e-01
      vertex 3.180000e+00 7.230000e+00 5.990317e-01
      vertex 3.180000e+00 7.130000e+00 6.990317e-01
    endloop
  endfacet
  facet normal -0.000000e+00 0.000000e+00 0.000000e+00
    outer loop
      vertex 3.180000e+00 7.130000e+00 6.990317e-01
      vertex 3.180000e+00 7.230000e+00 5.990317e-01
      vertex 3.180000e+00 7.230000e+00 6.990317e-01
    endloop
  endfacet
  facet normal 0.000000e+00 0.000000e+00 -1.081759e+05
    outer loop
      vertex 3.180000e+00 7.230000e+00 6.990317e-01
      vertex 3.180000e+00 7.230000e+00 5.990317e-01
      vertex 1.850000e+00 8.800000e+00 6.990317e-01
    endloop
  endfacet
  facet normal 0.000000e+00 0.000000e+00 0.000000e+00
    outer loop
      vertex 1.850000e+00 8.800000e+00 6.990317e-01
      vertex 3.180000e+00 7.230000e+00 5.990317e-01
      vertex 1.850000e+00 8.800000e+00 5.990317e-01
    endloop
  endfacet
  facet normal 0.000000e+00 0.000000e+00 0.000000e+00
    outer loop
      vertex 2.980000e+00 7.230000e+00 5.990317e-01
      vertex 2.980000e+00 7.230000e+00 6.990317e-01
      vertex 1.550000e+00 8.800000e+00 5.990317e-01
    endloop
  endfacet
  facet normal 0.000000e+00 0.000000e+00 0.000000e+00
    outer loop
      vertex 1.550000e+00 8.800000e+00 5.990317e-01
      vertex 2.980000e+00 7.230000e+00 6.990317e-01
      vertex 1.550000e+00 8.800000e+00 6.990317e-01
    endloop
  endfacet
  facet normal 0.000000e+00 0.000000e+00 0.000000e+00
    outer loop
      vertex 1.550000e+00 8.950000e+00 1.124032e+00
      vertex 1.550000e+00 8.950000e+00 6.990317e-01
      vertex 1.850000e+00 8.950000e+00 1.124032e+00
    endloop
  endfacet
  facet normal 0.000000e+00 0.000000e+00 0.000000e+00
    outer loop
      vertex 1.850000e+00 8.950000e+00 1.124032e+00
      vertex 1.550000e+00 8.950000e+00 6.990317e-01
      vertex 1.850000e+00 8.950000e+00 6.990317e-01
    endloop
  endfacet
  facet normal 1.000000e+00 0.000000e+00 0.000000e+00
    outer loop
      vertex 1.550000e+00 8.950000e+00 6.990317e-01
      vertex 1.550000e+00 8.800000e+00 6.990317e-01
      vertex 1.850000e+00 8.950000e+00 6.990317e-01
    endloop
  endfacet
  facet normal 1.000000e+00 0.000000e+00 0.000000e+00
    outer loop
      vertex 1.850000e+00 8.950000e+00 6.990317e-01
      vertex 1.550000e+00 8.800000e+00 6.990317e-01
      vertex 1.850000e+00 8.800000e+00 6.990317e-01
    endloop
  endfacet
  facet normal 1.000000e+00 0.000000e+00 0.000000e+00
    outer loop
      vertex 1.550000e+00 8.800000e+00 6.990317e-01
      vertex 2.980000e+00 7.230000e+00 6.990317e-01
      vertex 1.850000e+00 8.800000e+00 6.990317e-01
    endloop
  endfacet
  facet normal 1.000000e+00 0.000000e+00 0.000000e+00
    outer loop
      vertex 1.850000e+00 8.800000e+00 6.990317e-01
      vertex 2.980000e+00 7.230000e+00 6.990317e-01
      vertex 3.180000e+00 7.230000e+00 6.990317e-01
    endloop
  endfacet
  facet normal 1.000000e+00 0.000000e+00 0.000000e+00
    outer loop
      vertex 2.980000e+00 7.230000e+00 6.990317e-01
      vertex 2.980000e+00 7.130000e+00 6.990317e-01
      vertex 3.180000e+00 7.230000e+00 6.990317e-01
    endloop
  endfacet
  facet normal 1.000000e+00 0.000000e+00 0.000000e+00
    outer loop
      vertex 3.180000e+00 7.230000e+00 6.990317e-01
      vertex 2.980000e+00 7.130000e+00 6.990317e-01
      vertex 3.180000e+00 7.130000e+00 6.990317e-01
    endloop
  endfacet
  facet normal -1.000000e+00 0.000000e+00 0.000000e+00
    outer loop
      vertex 2.980000e+00 7.230000e+00 5.990317e-01
      vertex 1.550000e+00 8.800000e+00 5.990317e-01
      vertex 1.850000e+00 8.800000e+00 5.990317e-01
    endloop
  endfacet
  facet normal -1.000000e+00 0.000000e+00 -1.954213e+03
    outer loop
      vertex 1.850000e+00 8.800000e+00 5.990317e-01
      vertex 1.550000e+00 8.800000e+00 5.990317e-01
      vertex 1.550000e+00 9.050000e+00 5.990317e-01
    endloop
  endfacet
  facet normal -1.000000e+00 0.000000e+00 0.000000e+00
    outer loop
      vertex 1.850000e+00 8.800000e+00 5.990317e-01
      vertex 1.550000e+00 9.050000e+00 5.990317e-01
      vertex 1.850000e+00 9.050000e+00 5.990317e-01
    endloop
  endfacet
  facet normal -1.000000e+00 0.000000e+00 0.000000e+00
    outer loop
      vertex 1.850000e+00 8.800000e+00 5.990317e-01
      vertex 3.180000e+00 7.230000e+00 5.990317e-01
      vertex 2.980000e+00 7.230000e+00 5.990317e-01
    endloop
  endfacet
  facet normal -1.000000e+00 0.000000e+00 0.000000e+00
    outer loop
      vertex 2.980000e+00 7.230000e+00 5.990317e-01
      vertex 3.180000e+00 7.230000e+00 5.990317e-01
      vertex 3.180000e+00 7.130000e+00 5.990317e-01
    endloop
  endfacet
  facet normal -1.000000e+00 0.000000e+00 0.000000e+00
    outer loop
      vertex 2.980000e+00 7.230000e+00 5.990317e-01
      vertex 3.180000e+00 7.130000e+00 5.990317e-01
      vertex 2.980000e+00 7.130000e+00 5.990317e-01
    endloop
  endfacet
  facet normal 0.000000e+00 0.000000e+00 0.000000e+00
    outer loop
      vertex 1.550000e+00 9.050000e+00 5.990317e-01
      vertex 1.550000e+00 9.050000e+00 1.024032e+00
      vertex 1.850000e+00 9.050000e+00 5.990317e-01
    endloop
  endfacet
  facet normal 0.000000e+00 0.000000e+00 0.000000e+00
    outer loop
      vertex 1.850000e+00 9.050000e+00 5.990317e-01
      vertex 1.550000e+00 9.050000e+00 1.024032e+00
      vertex 1.850000e+00 9.050000e+00 1.024032e+00
    endloop
  endfacet
  facet normal 1.000000e+00 0.000000e+00 0.000000e+00
    outer loop
      vertex 1.850000e+00 8.950000e+00 1.124032e+00
      vertex 1.850000e+00 1.030000e+01 1.124032e+00
      vertex 1.550000e+00 8.950000e+00 1.124032e+00
    endloop
  endfacet
  facet normal 1.000000e+00 0.000000e+00 0.000000e+00
    outer loop
      vertex 1.550000e+00 8.950000e+00 1.124032e+00
      vertex 1.850000e+00 1.030000e+01 1.124032e+00
      vertex 1.550000e+00 1.030000e+01 1.124032e+00
    endloop
  endfacet
  facet normal 9.486833e-01 0.000000e+00 0.000000e+00
    outer loop
      vertex 1.850000e+00 1.030000e+01 1.124032e+00
      vertex 1.850000e+00 1.060000e+01 1.024032e+00
      vertex 1.550000e+00 1.030000e+01 1.124032e+00
    endloop
  endfacet
  facet normal 9.486833e-01 0.000000e+00 0.000000e+00
    outer loop
      vertex 1.550000e+00 1.030000e+01 1.124032e+00
      vertex 1.850000e+00 1.060000e+01 1.024032e+00
      vertex 1.550000e+00 1.060000e+01 1.024032e+00
    endloop
  endfacet
  facet normal 7.124705e-02 0.000000e+00 0.000000e+00
    outer loop
      vertex 1.850000e+00 1.060000e+01 1.024032e+00
      vertex 1.850000e+00 1.070000e+01 -3.759683e-01
      vertex 1.550000e+00 1.060000e+01 1.024032e+00
    endloop
  endfacet
  facet normal 7.124705e-02 0.000000e+00 0.000000e+00
    outer loop
      vertex 1.550000e+00 1.060000e+01 1.024032e+00
      vertex 1.850000e+00 1.070000e+01 -3.759683e-01
      vertex 1.550000e+00 1.070000e+01 -3.759683e-01
    endloop
  endfacet
  facet normal 1.000000e+00 0.000000e+00 0.000000e+00
    outer loop
      vertex 1.850000e+00 1.070000e+01 -3.759683e-01
      vertex 1.850000e+00 1.100000e+01 -3.759683e-01
      vertex 1.550000e+00 1.070000e+01 -3.759683e-01
    endloop
  endfacet
  facet normal 1.000000e+00 0.000000e+00 0.000000e+00
    outer loop
      vertex 1.550000e+00 1.070000e+01 -3.759683e-01
      vertex 1.850000e+00 1.100000e+01 -3.759683e-01
      vertex 1.550000e+00 1.100000e+01 -3.759683e-01
    endloop
  endfacet
  facet normal 0.000000e+00 0.000000e+00 0.000000e+00
    outer loop
      vertex 1.850000e+00 1.100000e+01 -3.759683e-01
      vertex 1.850000e+00 1.100000e+01 -4.759683e-01
      vertex 1.550000e+00 1.100000e+01 -3.759683e-01
    endloop
  endfacet
  facet normal 0.000000e+00 0.000000e+00 0.000000e+00
    outer loop
      vertex 1.550000e+00 1.100000e+01 -3.759683e-01
      vertex 1.850000e+00 1.100000e+01 -4.759683e-01
      vertex 1.550000e+00 1.100000e+01 -4.759683e-01
    endloop
  endfacet
  facet normal -1.000000e+00 0.000000e+00 0.000000e+00
    outer loop
      vertex 1.850000e+00 1.100000e+01 -4.759683e-01
      vertex 1.850000e+00 1.060000e+01 -4.759683e-01
      vertex 1.550000e+00 1.100000e+01 -4.759683e-01
    endloop
  endfacet
  facet normal -1.000000e+00 0.000000e+00 0.000000e+00
    outer loop
      vertex 1.550000e+00 1.100000e+01 -4.759683e-01
      vertex 1.850000e+00 1.060000e+01 -4.759683e-01
      vertex 1.550000e+00 1.060000e+01 -4.759683e-01
    endloop
  endfacet
  facet normal -7.024856e-02 0.000000e+00 0.000000e+00
    outer loop
      vertex 1.850000e+00 1.060000e+01 -4.759683e-01
      vertex 1.850000e+00 1.050000e+01 9.440317e-01
      vertex 1.550000e+00 1.060000e+01 -4.759683e-01
    endloop
  endfacet
  facet normal -7.024856e-02 0.000000e+00 0.000000e+00
    outer loop
      vertex 1.550000e+00 1.060000e+01 -4.759683e-01
      vertex 1.850000e+00 1.050000e+01 9.440317e-01
      vertex 1.550000e+00 1.050000e+01 9.440317e-01
    endloop
  endfacet
  facet normal -9.397934e-01 0.000000e+00 0.000000e+00
    outer loop
      vertex 1.850000e+00 1.050000e+01 9.440317e-01
      vertex 1.850000e+00 1.028000e+01 1.024032e+00
      vertex 1.550000e+00 1.050000e+01 9.440317e-01
    endloop
  endfacet
  facet normal -9.397934e-01 0.000000e+00 0.000000e+00
    outer loop
      vertex 1.550000e+00 1.050000e+01 9.440317e-01
      vertex 1.850000e+00 1.028000e+01 1.024032e+00
      vertex 1.550000e+00 1.028000e+01 1.024032e+00
    endloop
  endfacet
  facet normal -1.000000e+00 0.000000e+00 0.000000e+00
    outer loop
      vertex 1.850000e+00 1.028000e+01 1.024032e+00
      vertex 1.850000e+00 9.050000e+00 1.024032e+00
      vertex 1.550000e+00 1.028000e+01 1.024032e+00
    endloop
  endfacet
  facet normal -1.000000e+00 0.000000e+00 -6.567936e+04
    outer loop
      vertex 1.550000e+00 1.028000e+01 1.024032e+00
      vertex 1.850000e+00 9.050000e+00 1.024032e+00
      vertex 1.550000e+00 9.050000e+00 1.024032e+00
    endloop
  endfacet
  facet normal 1.502787e-31 0.000000e+00 -1.354204e+03
    outer loop
      vertex 1.850000e+00 8.950000e+00 1.124032e+00
      vertex 1.850000e+00 9.050000e+00 1.024032e+00
      vertex 1.850000e+00 1.030000e+01 1.124032e+00
    endloop
  endfacet
  facet normal 1.502787e-31 0.000000e+00 0.000000e+00
    outer loop
      vertex 1.850000e+00 1.030000e+01 1.124032e+00
      vertex 1.850000e+00 9.050000e+00 1.024032e+00
      vertex 1.850000e+00 1.028000e+01 1.024032e+00
    endloop
  endfacet
  facet normal 1.502787e-31 0.000000e+00 0.000000e+00
    outer loop
      vertex 1.850000e+00 1.030000e+01 1.124032e+00
      vertex 1.850000e+00 1.028000e+01 1.024032e+00
      vertex 1.850000e+00 1.050000e+01 9.440317e-01
    endloop
  endfacet
  facet normal 1.502787e-31 0.000000e+00 0.000000e+00
    outer loop
      vertex 1.850000e+00 8.950000e+00 1.124032e+00
      vertex 1.850000e+00 8.950000e+00 6.990317e-01
      vertex 1.850000e+00 9.050000e+00 1.024032e+00
    endloop
  endfacet
  facet normal 1.502787e-31 0.000000e+00 0.000000e+00
    outer loop
      vertex 1.850000e+00 9.050000e+00 1.024032e+00
      vertex 1.850000e+00 8.950000e+00 6.990317e-01
      vertex 1.850000e+00 9.050000e+00 5.990317e-01
    endloop
  endfacet
  facet normal 1.502787e-31 0.000000e+00 0.000000e+00
    outer loop
      vertex 1.850000e+00 8.800000e+00 6.990317e-01
      vertex 1.850000e+00 8.800000e+00 5.990317e-01
      vertex 1.850000e+00 8.950000e+00 6.990317e-01
    endloop
  endfacet
  facet normal 1.502787e-31 0.000000e+00 0.000000e+00
    outer loop
      vertex 1.850000e+00 8.950000e+00 6.990317e-01
      vertex 1.850000e+00 8.800000e+00 5.990317e-01
      vertex 1.850000e+00 9.050000e+00 5.990317e-01
    endloop
  endfacet
  facet normal 1.502787e-31 0.000000e+00 0.000000e+00
    outer loop
      vertex 1.850000e+00 1.060000e+01 -4.759683e-01
      vertex 1.850000e+00 1.070000e+01 -3.759683e-01
      vertex 1.850000e+00 1.050000e+01 9.440317e-01
    endloop
  endfacet
  facet normal 1.502787e-31 0.000000e+00 0.000000e+00
    outer loop
      vertex 1.850000e+00 1.050000e+01 9.440317e-01
      vertex 1.850000e+00 1.070000e+01 -3.759683e-01
      vertex 1.850000e+00 1.060000e+01 1.024032e+00
    endloop
  endfacet
  facet normal 1.502787e-31 0.000000e+00 0.000000e+00
    outer loop
      vertex 1.850000e+00 1.050000e+01 9.440317e-01
      vertex 1.850000e+00 1.060000e+01 1.024032e+00
      vertex 1.850000e+00 1.030000e+01 1.124032e+00
    endloop
  endfacet
  facet normal 1.502787e-31 0.000000e+00 0.000000e+00
    outer loop
      vertex 1.850000e+00 1.060000e+01 -4.759683e-01
      vertex 1.850000e+00 1.100000e+01 -4.759683e-01
      vertex 1.850000e+00 1.070000e+01 -3.759683e-01
    endloop
  endfacet
  facet normal 1.502787e-31 0.000000e+00 0.000000e+00
    outer loop
      vertex 1.850000e+00 1.070000e+01 -3.759683e-01
      vertex 1.850000e+00 1.100000e+01 -4.759683e-01
      vertex 1.850000e+00 1.100000e+01 -3.759683e-01
    endloop
  endfacet
  facet normal -1.502787e-31 0.000000e+00 0.000000e+00
    outer loop
      vertex 1.550000e+00 8.950000e+00 6.990317e-01
      vertex 1.550000e+00 8.950000e+00 1.124032e+00
      vertex 1.550000e+00 9.050000e+00 1.024032e+00
    endloop
  endfacet
  facet normal -1.502787e-31 0.000000e+00 -4.051920e+04
    outer loop
      vertex 1.550000e+00 9.050000e+00 1.024032e+00
      vertex 1.550000e+00 8.950000e+00 1.124032e+00
      vertex 1.550000e+00 1.030000e+01 1.124032e+00
    endloop
  endfacet
  facet normal -1.502787e-31 0.000000e+00 0.000000e+00
    outer loop
      vertex 1.550000e+00 9.050000e+00 1.024032e+00
      vertex 1.550000e+00 1.030000e+01 1.124032e+00
      vertex 1.550000e+00 1.028000e+01 1.024032e+00
    endloop
  endfacet
  facet normal -1.502787e-31 0.000000e+00 0.000000e+00
    outer loop
      vertex 1.550000e+00 1.028000e+01 1.024032e+00
      vertex 1.550000e+00 1.030000e+01 1.124032e+00
      vertex 1.550000e+00 1.050000e+01 9.440317e-01
    endloop
  endfacet
  facet normal -1.502787e-31 0.000000e+00 0.000000e+00
    outer loop
      vertex 1.550000e+00 1.030000e+01 1.124032e+00
      vertex 1.550000e+00 1.060000e+01 1.024032e+00
      vertex 1.550000e+00 1.050000e+01 9.440317e-01
    endloop
  endfacet
  facet normal -1.502787e-31 0.000000e+00 0.000000e+00
    outer loop
      vertex 1.550000e+00 1.050000e+01 9.440317e-01
      vertex 1.550000e+00 1.060000e+01 1.024032e+00
      vertex 1.550000e+00 1.070000e+01 -3.759683e-01
    endloop
  endfacet
  facet normal -1.502787e-31 0.000000e+00 0.000000e+00
    outer loop
      vertex 1.550000e+00 1.050000e+01 9.440317e-01
      vertex 1.550000e+00 1.070000e+01 -3.759683e-01
      vertex 1.550000e+00 1.060000e+01 -4.759683e-01
    endloop
  endfacet
  facet normal -1.502787e-31 0.000000e+00 0.000000e+00
    outer loop
      vertex 1.550000e+00 1.060000e+01 -4.759683e-01
      vertex 1.550000e+00 1.070000e+01 -3.759683e-01
      vertex 1.550000e+00 1.100000e+01 -4.759683e-01
    endloop
  endfacet
  facet normal -1.502787e-31 0.000000e+00 0.000000e+00
    outer loop
      vertex 1.550000e+00 1.070000e+01 -3.759683e-01
      vertex 1.550000e+00 1.100000e+01 -3.759683e-01
      vertex 1.550000e+00 1.100000e+01 -4.759683e-01
    endloop
  endfacet
  facet normal -1.502787e-31 0.000000e+00 0.000000e+00
    outer loop
      vertex 1.550000e+00 9.050000e+00 1.024032e+00
      vertex 1.550000e+00 9.050000e+00 5.990317e-01
      vertex 1.550000e+00 8.950000e+00 6.990317e-01
    endloop
  endfacet
  facet normal -1.502787e-31 0.000000e+00 0.000000e+00
    outer loop
      vertex 1.550000e+00 8.950000e+00 6.990317e-01
      vertex 1.550000e+00 9.050000e+00 5.990317e-01
      vertex 1.550000e+00 8.800000e+00 5.990317e-01
    endloop
  endfacet
  facet normal -1.502787e-31 0.000000e+00 0.000000e+00
    outer loop
      vertex 1.550000e+00 8.950000e+00 6.990317e-01
      vertex 1.550000e+00 8.800000e+00 5.990317e-01
      vertex 1.550000e+00 8.800000e+00 6.990317e-01
    endloop
  endfacet
endsolid PEC:Pin_12
solid PEC:Pin_13
  facet normal 0.000000e+00 0.000000e+00 0.000000e+00
    outer loop
      vertex 2.870000e+00 5.100000e+00 6.990317e-01
      vertex 2.870000e+00 4.900000e+00 6.990317e-01
      vertex 2.870000e+00 5.100000e+00 5.990317e-01
    endloop
  endfacet
  facet normal 0.000000e+00 0.000000e+00 0.000000e+00
    outer loop
      vertex 2.870000e+00 5.100000e+00 5.990317e-01
      vertex 2.870000e+00 4.900000e+00 6.990317e-01
      vertex 2.870000e+00 4.900000e+00 5.990317e-01
    endloop
  endfacet
  facet normal -0.000000e+00 0.000000e+00 0.000000e+00
    outer loop
      vertex 2.870000e+00 4.900000e+00 6.990317e-01
      vertex 2.770000e+00 4.900000e+00 6.990317e-01
      vertex 2.870000e+00 4.900000e+00 5.990317e-01
    endloop
  endfacet
  facet normal -0.000000e+00 0.000000e+00 0.000000e+00
    outer loop
      vertex 2.870000e+00 4.900000e+00 5.990317e-01
      vertex 2.770000e+00 4.900000e+00 6.990317e-01
      vertex 2.770000e+00 4.900000e+00 5.990317e-01
    endloop
  endfacet
  facet normal -0.000000e+00 0.000000e+00 -4.020332e+03
    outer loop
      vertex 2.870000e+00 5.100000e+00 5.990317e-01
      vertex 2.770000e+00 5.100000e+00 5.990317e-01
      vertex 2.870000e+00 5.100000e+00 6.990317e-01
    endloop
  endfacet
  facet normal -0.000000e+00 0.000000e+00 0.000000e+00
    outer loop
      vertex 2.870000e+00 5.100000e+00 6.990317e-01
      vertex 2.770000e+00 5.100000e+00 5.990317e-01
      vertex 2.770000e+00 5.100000e+00 6.990317e-01
    endloop
  endfacet
  facet normal 0.000000e+00 0.000000e+00 0.000000e+00
    outer loop
      vertex 2.770000e+00 5.100000e+00 6.990317e-01
      vertex 2.770000e+00 5.100000e+00 5.990317e-01
      vertex 1.200000e+00 5.150000e+00 6.990317e-01
    endloop
  endfacet
  facet normal 0.000000e+00 0.000000e+00 0.000000e+00
    outer loop
      vertex 1.200000e+00 5.150000e+00 6.990317e-01
      vertex 2.770000e+00 5.100000e+00 5.990317e-01
      vertex 1.200000e+00 5.150000e+00 5.990317e-01
    endloop
  endfacet
  facet normal 0.000000e+00 0.000000e+00 0.000000e+00
    outer loop
      vertex 2.770000e+00 4.900000e+00 5.990317e-01
      vertex 2.770000e+00 4.900000e+00 6.990317e-01
      vertex 1.200000e+00 4.850000e+00 5.990317e-01
    endloop
  endfacet
  facet normal 0.000000e+00 0.000000e+00 0.000000e+00
    outer loop
      vertex 1.200000e+00 4.850000e+00 5.990317e-01
      vertex 2.770000e+00 4.900000e+00 6.990317e-01
      vertex 1.200000e+00 4.850000e+00 6.990317e-01
    endloop
  endfacet
  facet normal 0.000000e+00 0.000000e+00 0.000000e+00
    outer loop
      vertex 1.050000e+00 4.850000e+00 1.124032e+00
      vertex 1.050000e+00 4.850000e+00 6.990317e-01
      vertex 1.050000e+00 5.150000e+00 1.124032e+00
    endloop
  endfacet
  facet normal 0.000000e+00 0.000000e+00 0.000000e+00
    outer loop
      vertex 1.050000e+00 5.150000e+00 1.124032e+00
      vertex 1.050000e+00 4.850000e+00 6.990317e-01
      vertex 1.050000e+00 5.150000e+00 6.990317e-01
    endloop
  endfacet
  facet normal 1.000000e+00 0.000000e+00 0.000000e+00
    outer loop
      vertex 1.050000e+00 4.850000e+00 6.990317e-01
      vertex 1.200000e+00 4.850000e+00 6.990317e-01
      vertex 1.050000e+00 5.150000e+00 6.990317e-01
    endloop
  endfacet
  facet normal 1.000000e+00 0.000000e+00 0.000000e+00
    outer loop
      vertex 1.050000e+00 5.150000e+00 6.990317e-01
      vertex 1.200000e+00 4.850000e+00 6.990317e-01
      vertex 1.200000e+00 5.150000e+00 6.990317e-01
    endloop
  endfacet
  facet normal 1.000000e+00 0.000000e+00 0.000000e+00
    outer loop
      vertex 1.200000e+00 4.850000e+00 6.990317e-01
      vertex 2.770000e+00 4.900000e+00 6.990317e-01
      vertex 1.200000e+00 5.150000e+00 6.990317e-01
    endloop
  endfacet
  facet normal 1.000000e+00 0.000000e+00 0.000000e+00
    outer loop
      vertex 1.200000e+00 5.150000e+00 6.990317e-01
      vertex 2.770000e+00 4.900000e+00 6.990317e-01
      vertex 2.770000e+00 5.100000e+00 6.990317e-01
    endloop
  endfacet
  facet normal 1.000000e+00 0.000000e+00 0.000000e+00
    outer loop
      vertex 2.770000e+00 4.900000e+00 6.990317e-01
      vertex 2.870000e+00 4.900000e+00 6.990317e-01
      vertex 2.770000e+00 5.100000e+00 6.990317e-01
    endloop
  endfacet
  facet normal 1.000000e+00 0.000000e+00 0.000000e+00
    outer loop
      vertex 2.770000e+00 5.100000e+00 6.990317e-01
      vertex 2.870000e+00 4.900000e+00 6.990317e-01
      vertex 2.870000e+00 5.100000e+00 6.990317e-01
    endloop
  endfacet
  facet normal -1.000000e+00 0.000000e+00 0.000000e+00
    outer loop
      vertex 2.770000e+00 4.900000e+00 5.990317e-01
      vertex 1.200000e+00 4.850000e+00 5.990317e-01
      vertex 1.200000e+00 5.150000e+00 5.990317e-01
    endloop
  endfacet
  facet normal -1.000000e+00 0.000000e+00 -6.857344e+06
    outer loop
      vertex 1.200000e+00 5.150000e+00 5.990317e-01
      vertex 1.200000e+00 4.850000e+00 5.990317e-01
      vertex 9.500000e-01 4.850000e+00 5.990317e-01
    endloop
  endfacet
  facet normal -1.000000e+00 0.000000e+00 0.000000e+00
    outer loop
      vertex 1.200000e+00 5.150000e+00 5.990317e-01
      vertex 9.500000e-01 4.850000e+00 5.990317e-01
      vertex 9.500000e-01 5.150000e+00 5.990317e-01
    endloop
  endfacet
  facet normal -1.000000e+00 0.000000e+00 0.000000e+00
    outer loop
      vertex 1.200000e+00 5.150000e+00 5.990317e-01
      vertex 2.770000e+00 5.100000e+00 5.990317e-01
      vertex 2.770000e+00 4.900000e+00 5.990317e-01
    endloop
  endfacet
  facet normal -1.000000e+00 0.000000e+00 0.000000e+00
    outer loop
      vertex 2.770000e+00 4.900000e+00 5.990317e-01
      vertex 2.770000e+00 5.100000e+00 5.990317e-01
      vertex 2.870000e+00 5.100000e+00 5.990317e-01
    endloop
  endfacet
  facet normal -1.000000e+00 0.000000e+00 0.000000e+00
    outer loop
      vertex 2.770000e+00 4.900000e+00 5.990317e-01
      vertex 2.870000e+00 5.100000e+00 5.990317e-01
      vertex 2.870000e+00 4.900000e+00 5.990317e-01
    endloop
  endfacet
  facet normal 0.000000e+00 0.000000e+00 0.000000e+00
    outer loop
      vertex 9.500000e-01 4.850000e+00 5.990317e-01
      vertex 9.500000e-01 4.850000e+00 1.024032e+00
      vertex 9.500000e-01 5.150000e+00 5.990317e-01
    endloop
  endfacet
  facet normal 0.000000e+00 0.000000e+00 0.000000e+00
    outer loop
      vertex 9.500000e-01 5.150000e+00 5.990317e-01
      vertex 9.500000e-01 4.850000e+00 1.024032e+00
      vertex 9.500000e-01 5.150000e+00 1.024032e+00
    endloop
  endfacet
  facet normal 1.000000e+00 0.000000e+00 0.000000e+00
    outer loop
      vertex 1.050000e+00 5.150000e+00 1.124032e+00
      vertex -3.000000e-01 5.150000e+00 1.124032e+00
      vertex 1.050000e+00 4.850000e+00 1.124032e+00
    endloop
  endfacet
  facet normal 1.000000e+00 0.000000e+00 0.000000e+00
    outer loop
      vertex 1.050000e+00 4.850000e+00 1.124032e+00
      vertex -3.000000e-01 5.150000e+00 1.124032e+00
      vertex -3.000000e-01 4.850000e+00 1.124032e+00
    endloop
  endfacet
  facet normal 9.486833e-01 0.000000e+00 0.000000e+00
    outer loop
      vertex -3.000000e-01 5.150000e+00 1.124032e+00
      vertex -6.000000e-01 5.150000e+00 1.024032e+00
      vertex -3.000000e-01 4.850000e+00 1.124032e+00
    endloop
  endfacet
  facet normal 9.486833e-01 0.000000e+00 0.000000e+00
    outer loop
      vertex -3.000000e-01 4.850000e+00 1.124032e+00
      vertex -6.000000e-01 5.150000e+00 1.024032e+00
      vertex -6.000000e-01 4.850000e+00 1.024032e+00
    endloop
  endfacet
  facet normal 7.124705e-02 0.000000e+00 0.000000e+00
    outer loop
      vertex -6.000000e-01 5.150000e+00 1.024032e+00
      vertex -7.000000e-01 5.150000e+00 -3.759683e-01
      vertex -6.000000e-01 4.850000e+00 1.024032e+00
    endloop
  endfacet
  facet normal 7.124705e-02 0.000000e+00 0.000000e+00
    outer loop
      vertex -6.000000e-01 4.850000e+00 1.024032e+00
      vertex -7.000000e-01 5.150000e+00 -3.759683e-01
      vertex -7.000000e-01 4.850000e+00 -3.759683e-01
    endloop
  endfacet
  facet normal 1.000000e+00 0.000000e+00 0.000000e+00
    outer loop
      vertex -7.000000e-01 5.150000e+00 -3.759683e-01
      vertex -1.000000e+00 5.150000e+00 -3.759683e-01
      vertex -7.000000e-01 4.850000e+00 -3.759683e-01
    endloop
  endfacet
  facet normal 1.000000e+00 0.000000e+00 0.000000e+00
    outer loop
      vertex -7.000000e-01 4.850000e+00 -3.759683e-01
      vertex -1.000000e+00 5.150000e+00 -3.759683e-01
      vertex -1.000000e+00 4.850000e+00 -3.759683e-01
    endloop
  endfacet
  facet normal 0.000000e+00 0.000000e+00 0.000000e+00
    outer loop
      vertex -1.000000e+00 5.150000e+00 -3.759683e-01
      vertex -1.000000e+00 5.150000e+00 -4.759683e-01
      vertex -1.000000e+00 4.850000e+00 -3.759683e-01
    endloop
  endfacet
  facet normal 0.000000e+00 0.000000e+00 0.000000e+00
    outer loop
      vertex -1.000000e+00 4.850000e+00 -3.759683e-01
      vertex -1.000000e+00 5.150000e+00 -4.759683e-01
      vertex -1.000000e+00 4.850000e+00 -4.759683e-01
    endloop
  endfacet
  facet normal -1.000000e+00 0.000000e+00 0.000000e+00
    outer loop
      vertex -1.000000e+00 5.150000e+00 -4.759683e-01
      vertex -6.000000e-01 5.150000e+00 -4.759683e-01
      vertex -1.000000e+00 4.850000e+00 -4.759683e-01
    endloop
  endfacet
  facet normal -1.000000e+00 0.000000e+00 -8.411011e+02
    outer loop
      vertex -1.000000e+00 4.850000e+00 -4.759683e-01
      vertex -6.000000e-01 5.150000e+00 -4.759683e-01
      vertex -6.000000e-01 4.850000e+00 -4.759683e-01
    endloop
  endfacet
  facet normal -7.024856e-02 0.000000e+00 0.000000e+00
    outer loop
      vertex -6.000000e-01 5.150000e+00 -4.759683e-01
      vertex -5.000000e-01 5.150000e+00 9.440317e-01
      vertex -6.000000e-01 4.850000e+00 -4.759683e-01
    endloop
  endfacet
  facet normal -7.024856e-02 0.000000e+00 -2.692314e+03
    outer loop
      vertex -6.000000e-01 4.850000e+00 -4.759683e-01
      vertex -5.000000e-01 5.150000e+00 9.440317e-01
      vertex -5.000000e-01 4.850000e+00 9.440317e-01
    endloop
  endfacet
  facet normal -9.397934e-01 0.000000e+00 0.000000e+00
    outer loop
      vertex -5.000000e-01 5.150000e+00 9.440317e-01
      vertex -2.800000e-01 5.150000e+00 1.024032e+00
      vertex -5.000000e-01 4.850000e+00 9.440317e-01
    endloop
  endfacet
  facet normal -9.397934e-01 0.000000e+00 0.000000e+00
    outer loop
      vertex -5.000000e-01 4.850000e+00 9.440317e-01
      vertex -2.800000e-01 5.150000e+00 1.024032e+00
      vertex -2.800000e-01 4.850000e+00 1.024032e+00
    endloop
  endfacet
  facet normal -1.000000e+00 0.000000e+00 0.000000e+00
    outer loop
      vertex -2.800000e-01 5.150000e+00 1.024032e+00
      vertex 9.500000e-01 5.150000e+00 1.024032e+00
      vertex -2.800000e-01 4.850000e+00 1.024032e+00
    endloop
  endfacet
  facet normal -1.000000e+00 0.000000e+00 0.000000e+00
    outer loop
      vertex -2.800000e-01 4.850000e+00 1.024032e+00
      vertex 9.500000e-01 5.150000e+00 1.024032e+00
      vertex 9.500000e-01 4.850000e+00 1.024032e+00
    endloop
  endfacet
  facet normal 1.502787e-31 0.000000e+00 0.000000e+00
    outer loop
      vertex 1.050000e+00 5.150000e+00 1.124032e+00
      vertex 9.500000e-01 5.150000e+00 1.024032e+00
      vertex -3.000000e-01 5.150000e+00 1.124032e+00
    endloop
  endfacet
  facet normal 1.502787e-31 0.000000e+00 0.000000e+00
    outer loop
      vertex -3.000000e-01 5.150000e+00 1.124032e+00
      vertex 9.500000e-01 5.150000e+00 1.024032e+00
      vertex -2.800000e-01 5.150000e+00 1.024032e+00
    endloop
  endfacet
  facet normal 1.502787e-31 0.000000e+00 0.000000e+00
    outer loop
      vertex -3.000000e-01 5.150000e+00 1.124032e+00
      vertex -2.800000e-01 5.150000e+00 1.024032e+00
      vertex -5.000000e-01 5.150000e+00 9.440317e-01
    endloop
  endfacet
  facet normal 1.502787e-31 0.000000e+00 0.000000e+00
    outer loop
      vertex 1.050000e+00 5.150000e+00 1.124032e+00
      vertex 1.050000e+00 5.150000e+00 6.990317e-01
      vertex 9.500000e-01 5.150000e+00 1.024032e+00
    endloop
  endfacet
  facet normal 1.502787e-31 0.000000e+00 0.000000e+00
    outer loop
      vertex 9.500000e-01 5.150000e+00 1.024032e+00
      vertex 1.050000e+00 5.150000e+00 6.990317e-01
      vertex 9.500000e-01 5.150000e+00 5.990317e-01
    endloop
  endfacet
  facet normal 1.502787e-31 0.000000e+00 0.000000e+00
    outer loop
      vertex 1.200000e+00 5.150000e+00 6.990317e-01
      vertex 1.200000e+00 5.150000e+00 5.990317e-01
      vertex 1.050000e+00 5.150000e+00 6.990317e-01
    endloop
  endfacet
  facet normal 1.502787e-31 0.000000e+00 0.000000e+00
    outer loop
      vertex 1.050000e+00 5.150000e+00 6.990317e-01
      vertex 1.200000e+00 5.150000e+00 5.990317e-01
      vertex 9.500000e-01 5.150000e+00 5.990317e-01
    endloop
  endfacet
  facet normal 1.502787e-31 0.000000e+00 -5.032724e+03
    outer loop
      vertex -6.000000e-01 5.150000e+00 -4.759683e-01
      vertex -7.000000e-01 5.150000e+00 -3.759683e-01
      vertex -5.000000e-01 5.150000e+00 9.440317e-01
    endloop
  endfacet
  facet normal 1.502787e-31 0.000000e+00 0.000000e+00
    outer loop
      vertex -5.000000e-01 5.150000e+00 9.440317e-01
      vertex -7.000000e-01 5.150000e+00 -3.759683e-01
      vertex -6.000000e-01 5.150000e+00 1.024032e+00
    endloop
  endfacet
  facet normal 1.502787e-31 0.000000e+00 0.000000e+00
    outer loop
      vertex -5.000000e-01 5.150000e+00 9.440317e-01
      vertex -6.000000e-01 5.150000e+00 1.024032e+00
      vertex -3.000000e-01 5.150000e+00 1.124032e+00
    endloop
  endfacet
  facet normal 1.502787e-31 0.000000e+00 0.000000e+00
    outer loop
      vertex -6.000000e-01 5.150000e+00 -4.759683e-01
      vertex -1.000000e+00 5.150000e+00 -4.759683e-01
      vertex -7.000000e-01 5.150000e+00 -3.759683e-01
    endloop
  endfacet
  facet normal 1.502787e-31 0.000000e+00 0.000000e+00
    outer loop
      vertex -7.000000e-01 5.150000e+00 -3.759683e-01
      vertex -1.000000e+00 5.150000e+00 -4.759683e-01
      vertex -1.000000e+00 5.150000e+00 -3.759683e-01
    endloop
  endfacet
  facet normal -1.502787e-31 0.000000e+00 0.000000e+00
    outer loop
      vertex 1.050000e+00 4.850000e+00 6.990317e-01
      vertex 1.050000e+00 4.850000e+00 1.124032e+00
      vertex 9.500000e-01 4.850000e+00 1.024032e+00
    endloop
  endfacet
  facet normal -1.502787e-31 0.000000e+00 0.000000e+00
    outer loop
      vertex 9.500000e-01 4.850000e+00 1.024032e+00
      vertex 1.050000e+00 4.850000e+00 1.124032e+00
      vertex -3.000000e-01 4.850000e+00 1.124032e+00
    endloop
  endfacet
  facet normal -1.502787e-31 0.000000e+00 0.000000e+00
    outer loop
      vertex 9.500000e-01 4.850000e+00 1.024032e+00
      vertex -3.000000e-01 4.850000e+00 1.124032e+00
      vertex -2.800000e-01 4.850000e+00 1.024032e+00
    endloop
  endfacet
  facet normal -1.502787e-31 0.000000e+00 0.000000e+00
    outer loop
      vertex -2.800000e-01 4.850000e+00 1.024032e+00
      vertex -3.000000e-01 4.850000e+00 1.124032e+00
      vertex -5.000000e-01 4.850000e+00 9.440317e-01
    endloop
  endfacet
  facet normal -1.502787e-31 0.000000e+00 0.000000e+00
    outer loop
      vertex -3.000000e-01 4.850000e+00 1.124032e+00
      vertex -6.000000e-01 4.850000e+00 1.024032e+00
      vertex -5.000000e-01 4.850000e+00 9.440317e-01
    endloop
  endfacet
  facet normal -1.502787e-31 0.000000e+00 0.000000e+00
    outer loop
      vertex -5.000000e-01 4.850000e+00 9.440317e-01
      vertex -6.000000e-01 4.850000e+00 1.024032e+00
      vertex -7.000000e-01 4.850000e+00 -3.759683e-01
    endloop
  endfacet
  facet normal -1.502787e-31 0.000000e+00 -4.399702e+06
    outer loop
      vertex -5.000000e-01 4.850000e+00 9.440317e-01
      vertex -7.000000e-01 4.850000e+00 -3.759683e-01
      vertex -6.000000e-01 4.850000e+00 -4.759683e-01
    endloop
  endfacet
  facet normal -1.502787e-31 0.000000e+00 -5.410965e+02
    outer loop
      vertex -6.000000e-01 4.850000e+00 -4.759683e-01
      vertex -7.000000e-01 4.850000e+00 -3.759683e-01
      vertex -1.000000e+00 4.850000e+00 -4.759683e-01
    endloop
  endfacet
  facet normal -1.502787e-31 0.000000e+00 0.000000e+00
    outer loop
      vertex -7.000000e-01 4.850000e+00 -3.759683e-01
      vertex -1.000000e+00 4.850000e+00 -3.759683e-01
      vertex -1.000000e+00 4.850000e+00 -4.759683e-01
    endloop
  endfacet
  facet normal -1.502787e-31 0.000000e+00 0.000000e+00
    outer loop
      vertex 9.500000e-01 4.850000e+00 1.024032e+00
      vertex 9.500000e-01 4.850000e+00 5.990317e-01
      vertex 1.050000e+00 4.850000e+00 6.990317e-01
    endloop
  endfacet
  facet normal -1.502787e-31 0.000000e+00 0.000000e+00
    outer loop
      vertex 1.050000e+00 4.850000e+00 6.990317e-01
      vertex 9.500000e-01 4.850000e+00 5.990317e-01
      vertex 1.200000e+00 4.850000e+00 5.990317e-01
    endloop
  endfacet
  facet normal -1.502787e-31 0.000000e+00 0.000000e+00
    outer loop
      vertex 1.050000e+00 4.850000e+00 6.990317e-01
      vertex 1.200000e+00 4.850000e+00 5.990317e-01
      vertex 1.200000e+00 4.850000e+00 6.990317e-01
    endloop
  endfacet
endsolid PEC:Pin_13
solid PEC:Pin_14
  facet normal 0.000000e+00 0.000000e+00 0.000000e+00
    outer loop
      vertex 4.900000e+00 2.870000e+00 6.990317e-01
      vertex 5.100000e+00 2.870000e+00 6.990317e-01
      vertex 4.900000e+00 2.870000e+00 5.990317e-01
    endloop
  endfacet
  facet normal 0.000000e+00 0.000000e+00 0.000000e+00
    outer loop
      vertex 4.900000e+00 2.870000e+00 5.990317e-01
      vertex 5.100000e+00 2.870000e+00 6.990317e-01
      vertex 5.100000e+00 2.870000e+00 5.990317e-01
    endloop
  endfacet
  facet normal -0.000000e+00 0.000000e+00 0.000000e+00
    outer loop
      vertex 5.100000e+00 2.870000e+00 6.990317e-01
      vertex 5.100000e+00 2.770000e+00 6.990317e-01
      vertex 5.100000e+00 2.870000e+00 5.990317e-01
    endloop
  endfacet
  facet normal -0.000000e+00 0.000000e+00 0.000000e+00
    outer loop
      vertex 5.100000e+00 2.870000e+00 5.990317e-01
      vertex 5.100000e+00 2.770000e+00 6.990317e-01
      vertex 5.100000e+00 2.770000e+00 5.990317e-01
    endloop
  endfacet
  facet normal -0.000000e+00 0.000000e+00 -2.560275e+06
    outer loop
      vertex 4.900000e+00 2.870000e+00 5.990317e-01
      vertex 4.900000e+00 2.770000e+00 5.990317e-01
      vertex 4.900000e+00 2.870000e+00 6.990317e-01
    endloop
  endfacet
  facet normal -0.000000e+00 0.000000e+00 0.000000e+00
    outer loop
      vertex 4.900000e+00 2.870000e+00 6.990317e-01
      vertex 4.900000e+00 2.770000e+00 5.990317e-01
      vertex 4.900000e+00 2.770000e+00 6.990317e-01
    endloop
  endfacet
  facet normal 0.000000e+00 0.000000e+00 0.000000e+00
    outer loop
      vertex 4.900000e+00 2.770000e+00 6.990317e-01
      vertex 4.900000e+00 2.770000e+00 5.990317e-01
      vertex 4.850000e+00 1.200000e+00 6.990317e-01
    endloop
  endfacet
  facet normal 0.000000e+00 0.000000e+00 0.000000e+00
    outer loop
      vertex 4.850000e+00 1.200000e+00 6.990317e-01
      vertex 4.900000e+00 2.770000e+00 5.990317e-01
      vertex 4.850000e+00 1.200000e+00 5.990317e-01
    endloop
  endfacet
  facet normal 0.000000e+00 0.000000e+00 0.000000e+00
    outer loop
      vertex 5.100000e+00 2.770000e+00 5.990317e-01
      vertex 5.100000e+00 2.770000e+00 6.990317e-01
      vertex 5.150000e+00 1.200000e+00 5.990317e-01
    endloop
  endfacet
  facet normal 0.000000e+00 0.000000e+00 0.000000e+00
    outer loop
      vertex 5.150000e+00 1.200000e+00 5.990317e-01
      vertex 5.100000e+00 2.770000e+00 6.990317e-01
      vertex 5.150000e+00 1.200000e+00 6.990317e-01
    endloop
  endfacet
  facet normal 0.000000e+00 0.000000e+00 0.000000e+00
    outer loop
      vertex 5.150000e+00 1.050000e+00 1.124032e+00
      vertex 5.150000e+00 1.050000e+00 6.990317e-01
      vertex 4.850000e+00 1.050000e+00 1.124032e+00
    endloop
  endfacet
  facet normal 0.000000e+00 0.000000e+00 0.000000e+00
    outer loop
      vertex 4.850000e+00 1.050000e+00 1.124032e+00
      vertex 5.150000e+00 1.050000e+00 6.990317e-01
      vertex 4.850000e+00 1.050000e+00 6.990317e-01
    endloop
  endfacet
  facet normal 1.000000e+00 0.000000e+00 0.000000e+00
    outer loop
      vertex 5.150000e+00 1.050000e+00 6.990317e-01
      vertex 5.150000e+00 1.200000e+00 6.990317e-01
      vertex 4.850000e+00 1.050000e+00 6.990317e-01
    endloop
  endfacet
  facet normal 1.000000e+00 0.000000e+00 0.000000e+00
    outer loop
      vertex 4.850000e+00 1.050000e+00 6.990317e-01
      vertex 5.150000e+00 1.200000e+00 6.990317e-01
      vertex 4.850000e+00 1.200000e+00 6.990317e-01
    endloop
  endfacet
  facet normal 1.000000e+00 0.000000e+00 0.000000e+00
    outer loop
      vertex 5.150000e+00 1.200000e+00 6.990317e-01
      vertex 5.100000e+00 2.770000e+00 6.990317e-01
      vertex 4.850000e+00 1.200000e+00 6.990317e-01
    endloop
  endfacet
  facet normal 1.000000e+00 0.000000e+00 0.000000e+00
    outer loop
      vertex 4.850000e+00 1.200000e+00 6.990317e-01
      vertex 5.100000e+00 2.770000e+00 6.990317e-01
      vertex 4.900000e+00 2.770000e+00 6.990317e-01
    endloop
  endfacet
  facet normal 1.000000e+00 0.000000e+00 0.000000e+00
    outer loop
      vertex 5.100000e+00 2.770000e+00 6.990317e-01
      vertex 5.100000e+00 2.870000e+00 6.990317e-01
      vertex 4.900000e+00 2.770000e+00 6.990317e-01
    endloop
  endfacet
  facet normal 1.000000e+00 0.000000e+00 0.000000e+00
    outer loop
      vertex 4.900000e+00 2.770000e+00 6.990317e-01
      vertex 5.100000e+00 2.870000e+00 6.990317e-01
      vertex 4.900000e+00 2.870000e+00 6.990317e-01
    endloop
  endfacet
  facet normal -1.000000e+00 0.000000e+00 0.000000e+00
    outer loop
      vertex 5.100000e+00 2.770000e+00 5.990317e-01
      vertex 5.150000e+00 1.200000e+00 5.990317e-01
      vertex 4.850000e+00 1.200000e+00 5.990317e-01
    endloop
  endfacet
  facet normal -1.000000e+00 0.000000e+00 0.000000e+00
    outer loop
      vertex 4.850000e+00 1.200000e+00 5.990317e-01
      vertex 5.150000e+00 1.200000e+00 5.990317e-01
      vertex 5.150000e+00 9.500000e-01 5.990317e-01
    endloop
  endfacet
  facet normal -1.000000e+00 0.000000e+00 0.000000e+00
    outer loop
      vertex 4.850000e+00 1.200000e+00 5.990317e-01
      vertex 5.150000e+00 9.500000e-01 5.990317e-01
      vertex 4.850000e+00 9.500000e-01 5.990317e-01
    endloop
  endfacet
  facet normal -1.000000e+00 0.000000e+00 0.000000e+00
    outer loop
      vertex 4.850000e+00 1.200000e+00 5.990317e-01
      vertex 4.900000e+00 2.770000e+00 5.990317e-01
      vertex 5.100000e+00 2.770000e+00 5.990317e-01
    endloop
  endfacet
  facet normal -1.000000e+00 0.000000e+00 -4.654943e+05
    outer loop
      vertex 5.100000e+00 2.770000e+00 5.990317e-01
      vertex 4.900000e+00 2.770000e+00 5.990317e-01
      vertex 4.900000e+00 2.870000e+00 5.990317e-01
    endloop
  endfacet
  facet normal -1.000000e+00 0.000000e+00 0.000000e+00
    outer loop
      vertex 5.100000e+00 2.770000e+00 5.990317e-01
      vertex 4.900000e+00 2.870000e+00 5.990317e-01
      vertex 5.100000e+00 2.870000e+00 5.990317e-01
    endloop
  endfacet
  facet normal 0.000000e+00 0.000000e+00 0.000000e+00
    outer loop
      vertex 5.150000e+00 9.500000e-01 5.990317e-01
      vertex 5.150000e+00 9.500000e-01 1.024032e+00
      vertex 4.850000e+00 9.500000e-01 5.990317e-01
    endloop
  endfacet
  facet normal 0.000000e+00 0.000000e+00 0.000000e+00
    outer loop
      vertex 4.850000e+00 9.500000e-01 5.990317e-01
      vertex 5.150000e+00 9.500000e-01 1.024032e+00
      vertex 4.850000e+00 9.500000e-01 1.024032e+00
    endloop
  endfacet
  facet normal 1.000000e+00 0.000000e+00 0.000000e+00
    outer loop
      vertex 4.850000e+00 1.050000e+00 1.124032e+00
      vertex 4.850000e+00 -3.000000e-01 1.124032e+00
      vertex 5.150000e+00 1.050000e+00 1.124032e+00
    endloop
  endfacet
  facet normal 1.000000e+00 0.000000e+00 0.000000e+00
    outer loop
      vertex 5.150000e+00 1.050000e+00 1.124032e+00
      vertex 4.850000e+00 -3.000000e-01 1.124032e+00
      vertex 5.150000e+00 -3.000000e-01 1.124032e+00
    endloop
  endfacet
  facet normal 9.486833e-01 0.000000e+00 0.000000e+00
    outer loop
      vertex 4.850000e+00 -3.000000e-01 1.124032e+00
      vertex 4.850000e+00 -6.000000e-01 1.024032e+00
      vertex 5.150000e+00 -3.000000e-01 1.124032e+00
    endloop
  endfacet
  facet normal 9.486833e-01 0.000000e+00 0.000000e+00
    outer loop
      vertex 5.150000e+00 -3.000000e-01 1.124032e+00
      vertex 4.850000e+00 -6.000000e-01 1.024032e+00
      vertex 5.150000e+00 -6.000000e-01 1.024032e+00
    endloop
  endfacet
  facet normal 7.124705e-02 0.000000e+00 0.000000e+00
    outer loop
      vertex 4.850000e+00 -6.000000e-01 1.024032e+00
      vertex 4.850000e+00 -7.000000e-01 -3.759683e-01
      vertex 5.150000e+00 -6.000000e-01 1.024032e+00
    endloop
  endfacet
  facet normal 7.124705e-02 0.000000e+00 0.000000e+00
    outer loop
      vertex 5.150000e+00 -6.000000e-01 1.024032e+00
      vertex 4.850000e+00 -7.000000e-01 -3.759683e-01
      vertex 5.150000e+00 -7.000000e-01 -3.759683e-01
    endloop
  endfacet
  facet normal 1.000000e+00 0.000000e+00 0.000000e+00
    outer loop
      vertex 4.850000e+00 -7.000000e-01 -3.759683e-01
      vertex 4.850000e+00 -1.000000e+00 -3.759683e-01
      vertex 5.150000e+00 -7.000000e-01 -3.759683e-01
    endloop
  endfacet
  facet normal 1.000000e+00 0.000000e+00 0.000000e+00
    outer loop
      vertex 5.150000e+00 -7.000000e-01 -3.759683e-01
      vertex 4.850000e+00 -1.000000e+00 -3.759683e-01
      vertex 5.150000e+00 -1.000000e+00 -3.759683e-01
    endloop
  endfacet
  facet normal 0.000000e+00 0.000000e+00 0.000000e+00
    outer loop
      vertex 4.850000e+00 -1.000000e+00 -3.759683e-01
      vertex 4.850000e+00 -1.000000e+00 -4.759683e-01
      vertex 5.150000e+00 -1.000000e+00 -3.759683e-01
    endloop
  endfacet
  facet normal 0.000000e+00 0.000000e+00 0.000000e+00
    outer loop
      vertex 5.150000e+00 -1.000000e+00 -3.759683e-01
      vertex 4.850000e+00 -1.000000e+00 -4.759683e-01
      vertex 5.150000e+00 -1.000000e+00 -4.759683e-01
    endloop
  endfacet
  facet normal -1.000000e+00 0.000000e+00 0.000000e+00
    outer loop
      vertex 4.850000e+00 -1.000000e+00 -4.759683e-01
      vertex 4.850000e+00 -6.000000e-01 -4.759683e-01
      vertex 5.150000e+00 -1.000000e+00 -4.759683e-01
    endloop
  endfacet
  facet normal -1.000000e+00 0.000000e+00 0.000000e+00
    outer loop
      vertex 5.150000e+00 -1.000000e+00 -4.759683e-01
      vertex 4.850000e+00 -6.000000e-01 -4.759683e-01
      vertex 5.150000e+00 -6.000000e-01 -4.759683e-01
    endloop
  endfacet
  facet normal -7.024856e-02 0.000000e+00 -3.280682e+07
    outer loop
      vertex 4.850000e+00 -6.000000e-01 -4.759683e-01
      vertex 4.850000e+00 -5.000000e-01 9.440317e-01
      vertex 5.150000e+00 -6.000000e-01 -4.759683e-01
    endloop
  endfacet
  facet normal -7.024856e-02 0.000000e+00 0.000000e+00
    outer loop
      vertex 5.150000e+00 -6.000000e-01 -4.759683e-01
      vertex 4.850000e+00 -5.000000e-01 9.440317e-01
      vertex 5.150000e+00 -5.000000e-01 9.440317e-01
    endloop
  endfacet
  facet normal -9.397934e-01 0.000000e+00 0.000000e+00
    outer loop
      vertex 4.850000e+00 -5.000000e-01 9.440317e-01
      vertex 4.850000e+00 -2.800000e-01 1.024032e+00
      vertex 5.150000e+00 -5.000000e-01 9.440317e-01
    endloop
  endfacet
  facet normal -9.397934e-01 0.000000e+00 0.000000e+00
    outer loop
      vertex 5.150000e+00 -5.000000e-01 9.440317e-01
      vertex 4.850000e+00 -2.800000e-01 1.024032e+00
      vertex 5.150000e+00 -2.800000e-01 1.024032e+00
    endloop
  endfacet
  facet normal -1.000000e+00 0.000000e+00 0.000000e+00
    outer loop
      vertex 4.850000e+00 -2.800000e-01 1.024032e+00
      vertex 4.850000e+00 9.500000e-01 1.024032e+00
      vertex 5.150000e+00 -2.800000e-01 1.024032e+00
    endloop
  endfacet
  facet normal -1.000000e+00 0.000000e+00 -8.735523e+06
    outer loop
      vertex 5.150000e+00 -2.800000e-01 1.024032e+00
      vertex 4.850000e+00 9.500000e-01 1.024032e+00
      vertex 5.150000e+00 9.500000e-01 1.024032e+00
    endloop
  endfacet
  facet normal 1.502787e-31 0.000000e+00 0.000000e+00
    outer loop
      vertex 4.850000e+00 1.050000e+00 1.124032e+00
      vertex 4.850000e+00 9.500000e-01 1.024032e+00
      vertex 4.850000e+00 -3.000000e-01 1.124032e+00
    endloop
  endfacet
  facet normal 1.502787e-31 0.000000e+00 0.000000e+00
    outer loop
      vertex 4.850000e+00 -3.000000e-01 1.124032e+00
      vertex 4.850000e+00 9.500000e-01 1.024032e+00
      vertex 4.850000e+00 -2.800000e-01 1.024032e+00
    endloop
  endfacet
  facet normal 1.502787e-31 0.000000e+00 -1.365081e+07
    outer loop
      vertex 4.850000e+00 -3.000000e-01 1.124032e+00
      vertex 4.850000e+00 -2.800000e-01 1.024032e+00
      vertex 4.850000e+00 -5.000000e-01 9.440317e-01
    endloop
  endfacet
  facet normal 1.502787e-31 0.000000e+00 0.000000e+00
    outer loop
      vertex 4.850000e+00 1.050000e+00 1.124032e+00
      vertex 4.850000e+00 1.050000e+00 6.990317e-01
      vertex 4.850000e+00 9.500000e-01 1.024032e+00
    endloop
  endfacet
  facet normal 1.502787e-31 0.000000e+00 0.000000e+00
    outer loop
      vertex 4.850000e+00 9.500000e-01 1.024032e+00
      vertex 4.850000e+00 1.050000e+00 6.990317e-01
      vertex 4.850000e+00 9.500000e-01 5.990317e-01
    endloop
  endfacet
  facet normal 1.502787e-31 0.000000e+00 -2.297627e+07
    outer loop
      vertex 4.850000e+00 1.200000e+00 6.990317e-01
      vertex 4.850000e+00 1.200000e+00 5.990317e-01
      vertex 4.850000e+00 1.050000e+00 6.990317e-01
    endloop
  endfacet
  facet normal 1.502787e-31 0.000000e+00 0.000000e+00
    outer loop
      vertex 4.850000e+00 1.050000e+00 6.990317e-01
      vertex 4.850000e+00 1.200000e+00 5.990317e-01
      vertex 4.850000e+00 9.500000e-01 5.990317e-01
    endloop
  endfacet
  facet normal 1.502787e-31 0.000000e+00 0.000000e+00
    outer loop
      vertex 4.850000e+00 -6.000000e-01 -4.759683e-01
      vertex 4.850000e+00 -7.000000e-01 -3.759683e-01
      vertex 4.850000e+00 -5.000000e-01 9.440317e-01
    endloop
  endfacet
  facet normal 1.502787e-31 0.000000e+00 0.000000e+00
    outer loop
      vertex 4.850000e+00 -5.000000e-01 9.440317e-01
      vertex 4.850000e+00 -7.000000e-01 -3.759683e-01
      vertex 4.850000e+00 -6.000000e-01 1.024032e+00
    endloop
  endfacet
  facet normal 1.502787e-31 0.000000e+00 0.000000e+00
    outer loop
      vertex 4.850000e+00 -5.000000e-01 9.440317e-01
      vertex 4.850000e+00 -6.000000e-01 1.024032e+00
      vertex 4.850000e+00 -3.000000e-01 1.124032e+00
    endloop
  endfacet
  facet normal 1.502787e-31 0.000000e+00 0.000000e+00
    outer loop
      vertex 4.850000e+00 -6.000000e-01 -4.759683e-01
      vertex 4.850000e+00 -1.000000e+00 -4.759683e-01
      vertex 4.850000e+00 -7.000000e-01 -3.759683e-01
    endloop
  endfacet
  facet normal 1.502787e-31 0.000000e+00 0.000000e+00
    outer loop
      vertex 4.850000e+00 -7.000000e-01 -3.759683e-01
      vertex 4.850000e+00 -1.000000e+00 -4.759683e-01
      vertex 4.850000e+00 -1.000000e+00 -3.759683e-01
    endloop
  endfacet
  facet normal -1.502787e-31 0.000000e+00 0.000000e+00
    outer loop
      vertex 5.150000e+00 1.050000e+00 6.990317e-01
      vertex 5.150000e+00 1.050000e+00 1.124032e+00
      vertex 5.150000e+00 9.500000e-01 1.024032e+00
    endloop
  endfacet
  facet normal -1.502787e-31 0.000000e+00 0.000000e+00
    outer loop
      vertex 5.150000e+00 9.500000e-01 1.024032e+00
      vertex 5.150000e+00 1.050000e+00 1.124032e+00
      vertex 5.150000e+00 -3.000000e-01 1.124032e+00
    endloop
  endfacet
  facet normal -1.502787e-31 0.000000e+00 0.000000e+00
    outer loop
      vertex 5.150000e+00 9.500000e-01 1.024032e+00
      vertex 5.150000e+00 -3.000000e-01 1.124032e+00
      vertex 5.150000e+00 -2.800000e-01 1.024032e+00
    endloop
  endfacet
  facet normal -1.502787e-31 0.000000e+00 0.000000e+00
    outer loop
      vertex 5.150000e+00 -2.800000e-01 1.024032e+00
      vertex 5.150000e+00 -3.000000e-01 1.124032e+00
      vertex 5.150000e+00 -5.000000e-01 9.440317e-01
    endloop
  endfacet
  facet normal -1.502787e-31 0.000000e+00 0.000000e+00
    outer loop
      vertex 5.150000e+00 -3.000000e-01 1.124032e+00
      vertex 5.150000e+00 -6.000000e-01 1.024032e+00
      vertex 5.150000e+00 -5.000000e-01 9.440317e-01
    endloop
  endfacet
  facet normal -1.502787e-31 0.000000e+00 0.000000e+00
    outer loop
      vertex 5.150000e+00 -5.000000e-01 9.440317e-01
      vertex 5.150000e+00 -6.000000e-01 1.024032e+00
      vertex 5.150000e+00 -7.000000e-01 -3.759683e-01
    endloop
  endfacet
  facet normal -1.502787e-31 0.000000e+00 0.000000e+00
    outer loop
      vertex 5.150000e+00 -5.000000e-01 9.440317e-01
      vertex 5.150000e+00 -7.000000e-01 -3.759683e-01
      vertex 5.150000e+00 -6.000000e-01 -4.759683e-01
    endloop
  endfacet
  facet normal -1.502787e-31 0.000000e+00 0.000000e+00
    outer loop
      vertex 5.150000e+00 -6.000000e-01 -4.759683e-01
      vertex 5.150000e+00 -7.000000e-01 -3.759683e-01
      vertex 5.150000e+00 -1.000000e+00 -4.759683e-01
    endloop
  endfacet
  facet normal -1.502787e-31 0.000000e+00 0.000000e+00
    outer loop
      vertex 5.150000e+00 -7.000000e-01 -3.759683e-01
      vertex 5.150000e+00 -1.000000e+00 -3.759683e-01
      vertex 5.150000e+00 -1.000000e+00 -4.759683e-01
    endloop
  endfacet
  facet normal -1.502787e-31 0.000000e+00 0.000000e+00
    outer loop
      vertex 5.150000e+00 9.500000e-01 1.024032e+00
      vertex 5.150000e+00 9.500000e-01 5.990317e-01
      vertex 5.150000e+00 1.050000e+00 6.990317e-01
    endloop
  endfacet
  facet normal -1.502787e-31 0.000000e+00 0.000000e+00
    outer loop
      vertex 5.150000e+00 1.050000e+00 6.990317e-01
      vertex 5.150000e+00 9.500000e-01 5.990317e-01
      vertex 5.150000e+00 1.200000e+00 5.990317e-01
    endloop
  endfacet
  facet normal -1.502787e-31 0.000000e+00 0.000000e+00
    outer loop
      vertex 5.150000e+00 1.050000e+00 6.990317e-01
      vertex 5.150000e+00 1.200000e+00 5.990317e-01
      vertex 5.150000e+00 1.200000e+00 6.990317e-01
    endloop
  endfacet
endsolid PEC:Pin_14
solid PEC:Pin_15
  facet normal 0.000000e+00 0.000000e+00 0.000000e+00
    outer loop
      vertex 7.130000e+00 4.900000e+00 6.990317e-01
      vertex 7.130000e+00 5.100000e+00 6.990317e-01
      vertex 7.130000e+00 4.900000e+00 5.990317e-01
    endloop
  endfacet
  facet normal 0.000000e+00 0.000000e+00 0.000000e+00
    outer loop
      vertex 7.130000e+00 4.900000e+00 5.990317e-01
      vertex 7.130000e+00 5.100000e+00 6.990317e-01
      vertex 7.130000e+00 5.100000e+00 5.990317e-01
    endloop
  endfacet
  facet normal -0.000000e+00 0.000000e+00 0.000000e+00
    outer loop
      vertex 7.130000e+00 5.100000e+00 6.990317e-01
      vertex 7.230000e+00 5.100000e+00 6.990317e-01
      vertex 7.130000e+00 5.100000e+00 5.990317e-01
    endloop
  endfacet
  facet normal -0.000000e+00 0.000000e+00 0.000000e+00
    outer loop
      vertex 7.130000e+00 5.100000e+00 5.990317e-01
      vertex 7.230000e+00 5.100000e+00 6.990317e-01
      vertex 7.230000e+00 5.100000e+00 5.990317e-01
    endloop
  endfacet
  facet normal -0.000000e+00 0.000000e+00 0.000000e+00
    outer loop
      vertex 7.130000e+00 4.900000e+00 5.990317e-01
      vertex 7.230000e+00 4.900000e+00 5.990317e-01
      vertex 7.130000e+00 4.900000e+00 6.990317e-01
    endloop
  endfacet
  facet normal -0.000000e+00 0.000000e+00 0.000000e+00
    outer loop
      vertex 7.130000e+00 4.900000e+00 6.990317e-01
      vertex 7.230000e+00 4.900000e+00 5.990317e-01
      vertex 7.230000e+00 4.900000e+00 6.990317e-01
    endloop
  endfacet
  facet normal 0.000000e+00 0.000000e+00 0.000000e+00
    outer loop
      vertex 7.230000e+00 4.900000e+00 6.990317e-01
      vertex 7.230000e+00 4.900000e+00 5.990317e-01
      vertex 8.800000e+00 4.850000e+00 6.990317e-01
    endloop
  endfacet
  facet normal 0.000000e+00 0.000000e+00 0.000000e+00
    outer loop
      vertex 8.800000e+00 4.850000e+00 6.990317e-01
      vertex 7.230000e+00 4.900000e+00 5.990317e-01
      vertex 8.800000e+00 4.850000e+00 5.990317e-01
    endloop
  endfacet
  facet normal 0.000000e+00 0.000000e+00 -1.784721e+05
    outer loop
      vertex 7.230000e+00 5.100000e+00 5.990317e-01
      vertex 7.230000e+00 5.100000e+00 6.990317e-01
      vertex 8.800000e+00 5.150000e+00 5.990317e-01
    endloop
  endfacet
  facet normal 0.000000e+00 0.000000e+00 0.000000e+00
    outer loop
      vertex 8.800000e+00 5.150000e+00 5.990317e-01
      vertex 7.230000e+00 5.100000e+00 6.990317e-01
      vertex 8.800000e+00 5.150000e+00 6.990317e-01
    endloop
  endfacet
  facet normal 0.000000e+00 0.000000e+00 0.000000e+00
    outer loop
      vertex 8.950000e+00 5.150000e+00 1.124032e+00
      vertex 8.950000e+00 5.150000e+00 6.990317e-01
      vertex 8.950000e+00 4.850000e+00 1.124032e+00
    endloop
  endfacet
  facet normal 0.000000e+00 0.000000e+00 0.000000e+00
    outer loop
      vertex 8.950000e+00 4.850000e+00 1.124032e+00
      vertex 8.950000e+00 5.150000e+00 6.990317e-01
      vertex 8.950000e+00 4.850000e+00 6.990317e-01
    endloop
  endfacet
  facet normal 1.000000e+00 0.000000e+00 0.000000e+00
    outer loop
      vertex 8.950000e+00 5.150000e+00 6.990317e-01
      vertex 8.800000e+00 5.150000e+00 6.990317e-01
      vertex 8.950000e+00 4.850000e+00 6.990317e-01
    endloop
  endfacet
  facet normal 1.000000e+00 0.000000e+00 0.000000e+00
    outer loop
      vertex 8.950000e+00 4.850000e+00 6.990317e-01
      vertex 8.800000e+00 5.150000e+00 6.990317e-01
      vertex 8.800000e+00 4.850000e+00 6.990317e-01
    endloop
  endfacet
  facet normal 1.000000e+00 0.000000e+00 0.000000e+00
    outer loop
      vertex 8.800000e+00 5.150000e+00 6.990317e-01
      vertex 7.230000e+00 5.100000e+00 6.990317e-01
      vertex 8.800000e+00 4.850000e+00 6.990317e-01
    endloop
  endfacet
  facet normal 1.000000e+00 0.000000e+00 0.000000e+00
    outer loop
      vertex 8.800000e+00 4.850000e+00 6.990317e-01
      vertex 7.230000e+00 5.100000e+00 6.990317e-01
      vertex 7.230000e+00 4.900000e+00 6.990317e-01
    endloop
  endfacet
  facet normal 1.000000e+00 0.000000e+00 0.000000e+00
    outer loop
      vertex 7.230000e+00 5.100000e+00 6.990317e-01
      vertex 7.130000e+00 5.100000e+00 6.990317e-01
      vertex 7.230000e+00 4.900000e+00 6.990317e-01
    endloop
  endfacet
  facet normal 1.000000e+00 0.000000e+00 0.000000e+00
    outer loop
      vertex 7.230000e+00 4.900000e+00 6.990317e-01
      vertex 7.130000e+00 5.100000e+00 6.990317e-01
      vertex 7.130000e+00 4.900000e+00 6.990317e-01
    endloop
  endfacet
  facet normal -1.000000e+00 0.000000e+00 0.000000e+00
    outer loop
      vertex 7.230000e+00 5.100000e+00 5.990317e-01
      vertex 8.800000e+00 5.150000e+00 5.990317e-01
      vertex 8.800000e+00 4.850000e+00 5.990317e-01
    endloop
  endfacet
  facet normal -1.000000e+00 0.000000e+00 0.000000e+00
    outer loop
      vertex 8.800000e+00 4.850000e+00 5.990317e-01
      vertex 8.800000e+00 5.150000e+00 5.990317e-01
      vertex 9.050000e+00 5.150000e+00 5.990317e-01
    endloop
  endfacet
  facet normal -1.000000e+00 0.000000e+00 0.000000e+00
    outer loop
      vertex 8.800000e+00 4.850000e+00 5.990317e-01
      vertex 9.050000e+00 5.150000e+00 5.990317e-01
      vertex 9.050000e+00 4.850000e+00 5.990317e-01
    endloop
  endfacet
  facet normal -1.000000e+00 0.000000e+00 0.000000e+00
    outer loop
      vertex 8.800000e+00 4.850000e+00 5.990317e-01
      vertex 7.230000e+00 4.900000e+00 5.990317e-01
      vertex 7.230000e+00 5.100000e+00 5.990317e-01
    endloop
  endfacet
  facet normal -1.000000e+00 0.000000e+00 0.000000e+00
    outer loop
      vertex 7.230000e+00 5.100000e+00 5.990317e-01
      vertex 7.230000e+00 4.900000e+00 5.990317e-01
      vertex 7.130000e+00 4.900000e+00 5.990317e-01
    endloop
  endfacet
  facet normal -1.000000e+00 0.000000e+00 0.000000e+00
    outer loop
      vertex 7.230000e+00 5.100000e+00 5.990317e-01
      vertex 7.130000e+00 4.900000e+00 5.990317e-01
      vertex 7.130000e+00 5.100000e+00 5.990317e-01
    endloop
  endfacet
  facet normal 0.000000e+00 0.000000e+00 0.000000e+00
    outer loop
      vertex 9.050000e+00 5.150000e+00 5.990317e-01
      vertex 9.050000e+00 5.150000e+00 1.024032e+00
      vertex 9.050000e+00 4.850000e+00 5.990317e-01
    endloop
  endfacet
  facet normal 0.000000e+00 0.000000e+00 0.000000e+00
    outer loop
      vertex 9.050000e+00 4.850000e+00 5.990317e-01
      vertex 9.050000e+00 5.150000e+00 1.024032e+00
      vertex 9.050000e+00 4.850000e+00 1.024032e+00
    endloop
  endfacet
  facet normal 1.000000e+00 0.000000e+00 0.000000e+00
    outer loop
      vertex 8.950000e+00 4.850000e+00 1.124032e+00
      vertex 1.030000e+01 4.850000e+00 1.124032e+00
      vertex 8.950000e+00 5.150000e+00 1.124032e+00
    endloop
  endfacet
  facet normal 1.000000e+00 0.000000e+00 0.000000e+00
    outer loop
      vertex 8.950000e+00 5.150000e+00 1.124032e+00
      vertex 1.030000e+01 4.850000e+00 1.124032e+00
      vertex 1.030000e+01 5.150000e+00 1.124032e+00
    endloop
  endfacet
  facet normal 9.486833e-01 0.000000e+00 0.000000e+00
    outer loop
      vertex 1.030000e+01 4.850000e+00 1.124032e+00
      vertex 1.060000e+01 4.850000e+00 1.024032e+00
      vertex 1.030000e+01 5.150000e+00 1.124032e+00
    endloop
  endfacet
  facet normal 9.486833e-01 0.000000e+00 0.000000e+00
    outer loop
      vertex 1.030000e+01 5.150000e+00 1.124032e+00
      vertex 1.060000e+01 4.850000e+00 1.024032e+00
      vertex 1.060000e+01 5.150000e+00 1.024032e+00
    endloop
  endfacet
  facet normal 7.124705e-02 0.000000e+00 0.000000e+00
    outer loop
      vertex 1.060000e+01 4.850000e+00 1.024032e+00
      vertex 1.070000e+01 4.850000e+00 -3.759683e-01
      vertex 1.060000e+01 5.150000e+00 1.024032e+00
    endloop
  endfacet
  facet normal 7.124705e-02 0.000000e+00 0.000000e+00
    outer loop
      vertex 1.060000e+01 5.150000e+00 1.024032e+00
      vertex 1.070000e+01 4.850000e+00 -3.759683e-01
      vertex 1.070000e+01 5.150000e+00 -3.759683e-01
    endloop
  endfacet
  facet normal 1.000000e+00 0.000000e+00 -1.083700e+06
    outer loop
      vertex 1.070000e+01 4.850000e+00 -3.759683e-01
      vertex 1.100000e+01 4.850000e+00 -3.759683e-01
      vertex 1.070000e+01 5.150000e+00 -3.759683e-01
    endloop
  endfacet
  facet normal 1.000000e+00 0.000000e+00 -9.268685e+05
    outer loop
      vertex 1.070000e+01 5.150000e+00 -3.759683e-01
      vertex 1.100000e+01 4.850000e+00 -3.759683e-01
      vertex 1.100000e+01 5.150000e+00 -3.759683e-01
    endloop
  endfacet
  facet normal 0.000000e+00 0.000000e+00 0.000000e+00
    outer loop
      vertex 1.100000e+01 4.850000e+00 -3.759683e-01
      vertex 1.100000e+01 4.850000e+00 -4.759683e-01
      vertex 1.100000e+01 5.150000e+00 -3.759683e-01
    endloop
  endfacet
  facet normal 0.000000e+00 0.000000e+00 0.000000e+00
    outer loop
      vertex 1.100000e+01 5.150000e+00 -3.759683e-01
      vertex 1.100000e+01 4.850000e+00 -4.759683e-01
      vertex 1.100000e+01 5.150000e+00 -4.759683e-01
    endloop
  endfacet
  facet normal -1.000000e+00 0.000000e+00 0.000000e+00
    outer loop
      vertex 1.100000e+01 4.850000e+00 -4.759683e-01
      vertex 1.060000e+01 4.850000e+00 -4.759683e-01
      vertex 1.100000e+01 5.150000e+00 -4.759683e-01
    endloop
  endfacet
  facet normal -1.000000e+00 0.000000e+00 -1.763648e+06
    outer loop
      vertex 1.100000e+01 5.150000e+00 -4.759683e-01
      vertex 1.060000e+01 4.850000e+00 -4.759683e-01
      vertex 1.060000e+01 5.150000e+00 -4.759683e-01
    endloop
  endfacet
  facet normal -7.024856e-02 0.000000e+00 0.000000e+00
    outer loop
      vertex 1.060000e+01 4.850000e+00 -4.759683e-01
      vertex 1.050000e+01 4.850000e+00 9.440317e-01
      vertex 1.060000e+01 5.150000e+00 -4.759683e-01
    endloop
  endfacet
  facet normal -7.024856e-02 0.000000e+00 0.000000e+00
    outer loop
      vertex 1.060000e+01 5.150000e+00 -4.759683e-01
      vertex 1.050000e+01 4.850000e+00 9.440317e-01
      vertex 1.050000e+01 5.150000e+00 9.440317e-01
    endloop
  endfacet
  facet normal -9.397934e-01 0.000000e+00 0.000000e+00
    outer loop
      vertex 1.050000e+01 4.850000e+00 9.440317e-01
      vertex 1.028000e+01 4.850000e+00 1.024032e+00
      vertex 1.050000e+01 5.150000e+00 9.440317e-01
    endloop
  endfacet
  facet normal -9.397934e-01 0.000000e+00 0.000000e+00
    outer loop
      vertex 1.050000e+01 5.150000e+00 9.440317e-01
      vertex 1.028000e+01 4.850000e+00 1.024032e+00
      vertex 1.028000e+01 5.150000e+00 1.024032e+00
    endloop
  endfacet
  facet normal -1.000000e+00 0.000000e+00 -2.552734e+05
    outer loop
      vertex 1.028000e+01 4.850000e+00 1.024032e+00
      vertex 9.050000e+00 4.850000e+00 1.024032e+00
      vertex 1.028000e+01 5.150000e+00 1.024032e+00
    endloop
  endfacet
  facet normal -1.000000e+00 0.000000e+00 0.000000e+00
    outer loop
      vertex 1.028000e+01 5.150000e+00 1.024032e+00
      vertex 9.050000e+00 4.850000e+00 1.024032e+00
      vertex 9.050000e+00 5.150000e+00 1.024032e+00
    endloop
  endfacet
  facet normal 1.502787e-31 0.000000e+00 0.000000e+00
    outer loop
      vertex 8.950000e+00 4.850000e+00 1.124032e+00
      vertex 9.050000e+00 4.850000e+00 1.024032e+00
      vertex 1.030000e+01 4.850000e+00 1.124032e+00
    endloop
  endfacet
  facet normal 1.502787e-31 0.000000e+00 0.000000e+00
    outer loop
      vertex 1.030000e+01 4.850000e+00 1.124032e+00
      vertex 9.050000e+00 4.850000e+00 1.024032e+00
      vertex 1.028000e+01 4.850000e+00 1.024032e+00
    endloop
  endfacet
  facet normal 1.502787e-31 0.000000e+00 0.000000e+00
    outer loop
      vertex 1.030000e+01 4.850000e+00 1.124032e+00
      vertex 1.028000e+01 4.850000e+00 1.024032e+00
      vertex 1.050000e+01 4.850000e+00 9.440317e-01
    endloop
  endfacet
  facet normal 1.502787e-31 0.000000e+00 0.000000e+00
    outer loop
      vertex 8.950000e+00 4.850000e+00 1.124032e+00
      vertex 8.950000e+00 4.850000e+00 6.990317e-01
      vertex 9.050000e+00 4.850000e+00 1.024032e+00
    endloop
  endfacet
  facet normal 1.502787e-31 0.000000e+00 0.000000e+00
    outer loop
      vertex 9.050000e+00 4.850000e+00 1.024032e+00
      vertex 8.950000e+00 4.850000e+00 6.990317e-01
      vertex 9.050000e+00 4.850000e+00 5.990317e-01
    endloop
  endfacet
  facet normal 1.502787e-31 0.000000e+00 0.000000e+00
    outer loop
      vertex 8.800000e+00 4.850000e+00 6.990317e-01
      vertex 8.800000e+00 4.850000e+00 5.990317e-01
      vertex 8.950000e+00 4.850000e+00 6.990317e-01
    endloop
  endfacet
  facet normal 1.502787e-31 0.000000e+00 0.000000e+00
    outer loop
      vertex 8.950000e+00 4.850000e+00 6.990317e-01
      vertex 8.800000e+00 4.850000e+00 5.990317e-01
      vertex 9.050000e+00 4.850000e+00 5.990317e-01
    endloop
  endfacet
  facet normal 1.502787e-31 0.000000e+00 0.000000e+00
    outer loop
      vertex 1.060000e+01 4.850000e+00 -4.759683e-01
      vertex 1.070000e+01 4.850000e+00 -3.759683e-01
      vertex 1.050000e+01 4.850000e+00 9.440317e-01
    endloop
  endfacet
  facet normal 1.502787e-31 0.000000e+00 0.000000e+00
    outer loop
      vertex 1.050000e+01 4.850000e+00 9.440317e-01
      vertex 1.070000e+01 4.850000e+00 -3.759683e-01
      vertex 1.060000e+01 4.850000e+00 1.024032e+00
    endloop
  endfacet
  facet normal 1.502787e-31 0.000000e+00 0.000000e+00
    outer loop
      vertex 1.050000e+01 4.850000e+00 9.440317e-01
      vertex 1.060000e+01 4.850000e+00 1.024032e+00
      vertex 1.030000e+01 4.850000e+00 1.124032e+00
    endloop
  endfacet
  facet normal 1.502787e-31 0.000000e+00 0.000000e+00
    outer loop
      vertex 1.060000e+01 4.850000e+00 -4.759683e-01
      vertex 1.100000e+01 4.850000e+00 -4.759683e-01
      vertex 1.070000e+01 4.850000e+00 -3.759683e-01
    endloop
  endfacet
  facet normal 1.502787e-31 0.000000e+00 0.000000e+00
    outer loop
      vertex 1.070000e+01 4.850000e+00 -3.759683e-01
      vertex 1.100000e+01 4.850000e+00 -4.759683e-01
      vertex 1.100000e+01 4.850000e+00 -3.759683e-01
    endloop
  endfacet
  facet normal -1.502787e-31 0.000000e+00 0.000000e+00
    outer loop
      vertex 8.950000e+00 5.150000e+00 6.990317e-01
      vertex 8.950000e+00 5.150000e+00 1.124032e+00
      vertex 9.050000e+00 5.150000e+00 1.024032e+00
    endloop
  endfacet
  facet normal -1.502787e-31 0.000000e+00 0.000000e+00
    outer loop
      vertex 9.050000e+00 5.150000e+00 1.024032e+00
      vertex 8.950000e+00 5.150000e+00 1.124032e+00
      vertex 1.030000e+01 5.150000e+00 1.124032e+00
    endloop
  endfacet
  facet normal -1.502787e-31 0.000000e+00 0.000000e+00
    outer loop
      vertex 9.050000e+00 5.150000e+00 1.024032e+00
      vertex 1.030000e+01 5.150000e+00 1.124032e+00
      vertex 1.028000e+01 5.150000e+00 1.024032e+00
    endloop
  endfacet
  facet normal -1.502787e-31 0.000000e+00 0.000000e+00
    outer loop
      vertex 1.028000e+01 5.150000e+00 1.024032e+00
      vertex 1.030000e+01 5.150000e+00 1.124032e+00
      vertex 1.050000e+01 5.150000e+00 9.440317e-01
    endloop
  endfacet
  facet normal -1.502787e-31 0.000000e+00 0.000000e+00
    outer loop
      vertex 1.030000e+01 5.150000e+00 1.124032e+00
      vertex 1.060000e+01 5.150000e+00 1.024032e+00
      vertex 1.050000e+01 5.150000e+00 9.440317e-01
    endloop
  endfacet
  facet normal -1.502787e-31 0.000000e+00 0.000000e+00
    outer loop
      vertex 1.050000e+01 5.150000e+00 9.440317e-01
      vertex 1.060000e+01 5.150000e+00 1.024032e+00
      vertex 1.070000e+01 5.150000e+00 -3.759683e-01
    endloop
  endfacet
  facet normal -1.502787e-31 0.000000e+00 0.000000e+00
    outer loop
      vertex 1.050000e+01 5.150000e+00 9.440317e-01
      vertex 1.070000e+01 5.150000e+00 -3.759683e-01
      vertex 1.060000e+01 5.150000e+00 -4.759683e-01
    endloop
  endfacet
  facet normal -1.502787e-31 0.000000e+00 0.000000e+00
    outer loop
      vertex 1.060000e+01 5.150000e+00 -4.759683e-01
      vertex 1.070000e+01 5.150000e+00 -3.759683e-01
      vertex 1.100000e+01 5.150000e+00 -4.759683e-01
    endloop
  endfacet
  facet normal -1.502787e-31 0.000000e+00 0.000000e+00
    outer loop
      vertex 1.070000e+01 5.150000e+00 -3.759683e-01
      vertex 1.100000e+01 5.150000e+00 -3.759683e-01
      vertex 1.100000e+01 5.150000e+00 -4.759683e-01
    endloop
  endfacet
  facet normal -1.502787e-31 0.000000e+00 0.000000e+00
    outer loop
      vertex 9.050000e+00 5.150000e+00 1.024032e+00
      vertex 9.050000e+00 5.150000e+00 5.990317e-01
      vertex 8.950000e+00 5.150000e+00 6.990317e-01
    endloop
  endfacet
  facet normal -1.502787e-31 0.000000e+00 0.000000e+00
    outer loop
      vertex 8.950000e+00 5.150000e+00 6.990317e-01
      vertex 9.050000e+00 5.150000e+00 5.990317e-01
      vertex 8.800000e+00 5.150000e+00 5.990317e-01
    endloop
  endfacet
  facet normal -1.502787e-31 0.000000e+00 0.000000e+00
    outer loop
      vertex 8.950000e+00 5.150000e+00 6.990317e-01
      vertex 8.800000e+00 5.150000e+00 5.990317e-01
      vertex 8.800000e+00 5.150000e+00 6.990317e-01
    endloop
  endfacet
endsolid PEC:Pin_15
solid PEC:Pin_1_1
  facet normal 0.000000e+00 0.000000e+00 0.000000e+00
    outer loop
      vertex 2.870000e+00 5.420000e+00 6.990317e-01
      vertex 2.870000e+00 5.220000e+00 6.990317e-01
      vertex 2.870000e+00 5.420000e+00 5.990317e-01
    endloop
  endfacet
  facet normal 0.000000e+00 0.000000e+00 0.000000e+00
    outer loop
      vertex 2.870000e+00 5.420000e+00 5.990317e-01
      vertex 2.870000e+00 5.220000e+00 6.990317e-01
      vertex 2.870000e+00 5.220000e+00 5.990317e-01
    endloop
  endfacet
  facet normal -0.000000e+00 0.000000e+00 0.000000e+00
    outer loop
      vertex 2.870000e+00 5.220000e+00 6.990317e-01
      vertex 2.770000e+00 5.220000e+00 6.990317e-01
      vertex 2.870000e+00 5.220000e+00 5.990317e-01
    endloop
  endfacet
  facet normal -0.000000e+00 0.000000e+00 0.000000e+00
    outer loop
      vertex 2.870000e+00 5.220000e+00 5.990317e-01
      vertex 2.770000e+00 5.220000e+00 6.990317e-01
      vertex 2.770000e+00 5.220000e+00 5.990317e-01
    endloop
  endfacet
  facet normal -0.000000e+00 0.000000e+00 0.000000e+00
    outer loop
      vertex 2.870000e+00 5.420000e+00 5.990317e-01
      vertex 2.770000e+00 5.420000e+00 5.990317e-01
      vertex 2.870000e+00 5.420000e+00 6.990317e-01
    endloop
  endfacet
  facet normal -0.000000e+00 0.000000e+00 0.000000e+00
    outer loop
      vertex 2.870000e+00 5.420000e+00 6.990317e-01
      vertex 2.770000e+00 5.420000e+00 5.990317e-01
      vertex 2.770000e+00 5.420000e+00 6.990317e-01
    endloop
  endfacet
  facet normal 0.000000e+00 0.000000e+00 0.000000e+00
    outer loop
      vertex 2.770000e+00 5.420000e+00 6.990317e-01
      vertex 2.770000e+00 5.420000e+00 5.990317e-01
      vertex 1.200000e+00 5.700000e+00 6.990317e-01
    endloop
  endfacet
  facet normal 0.000000e+00 0.000000e+00 0.000000e+00
    outer loop
      vertex 1.200000e+00 5.700000e+00 6.990317e-01
      vertex 2.770000e+00 5.420000e+00 5.990317e-01
      vertex 1.200000e+00 5.700000e+00 5.990317e-01
    endloop
  endfacet
  facet normal 0.000000e+00 0.000000e+00 0.000000e+00
    outer loop
      vertex 2.770000e+00 5.220000e+00 5.990317e-01
      vertex 2.770000e+00 5.220000e+00 6.990317e-01
      vertex 1.200000e+00 5.400000e+00 5.990317e-01
    endloop
  endfacet
  facet normal 0.000000e+00 0.000000e+00 -7.251277e+07
    outer loop
      vertex 1.200000e+00 5.400000e+00 5.990317e-01
      vertex 2.770000e+00 5.220000e+00 6.990317e-01
      vertex 1.200000e+00 5.400000e+00 6.990317e-01
    endloop
  endfacet
  facet normal 0.000000e+00 0.000000e+00 0.000000e+00
    outer loop
      vertex 1.050000e+00 5.400000e+00 1.124032e+00
      vertex 1.050000e+00 5.400000e+00 6.990317e-01
      vertex 1.050000e+00 5.700000e+00 1.124032e+00
    endloop
  endfacet
  facet normal 0.000000e+00 0.000000e+00 0.000000e+00
    outer loop
      vertex 1.050000e+00 5.700000e+00 1.124032e+00
      vertex 1.050000e+00 5.400000e+00 6.990317e-01
      vertex 1.050000e+00 5.700000e+00 6.990317e-01
    endloop
  endfacet
  facet normal 1.000000e+00 0.000000e+00 0.000000e+00
    outer loop
      vertex 1.050000e+00 5.400000e+00 6.990317e-01
      vertex 1.200000e+00 5.400000e+00 6.990317e-01
      vertex 1.050000e+00 5.700000e+00 6.990317e-01
    endloop
  endfacet
  facet normal 1.000000e+00 0.000000e+00 -7.560208e+09
    outer loop
      vertex 1.050000e+00 5.700000e+00 6.990317e-01
      vertex 1.200000e+00 5.400000e+00 6.990317e-01
      vertex 1.200000e+00 5.700000e+00 6.990317e-01
    endloop
  endfacet
  facet normal 1.000000e+00 0.000000e+00 0.000000e+00
    outer loop
      vertex 1.200000e+00 5.700000e+00 6.990317e-01
      vertex 1.200000e+00 5.400000e+00 6.990317e-01
      vertex 2.770000e+00 5.420000e+00 6.990317e-01
    endloop
  endfacet
  facet normal 1.000000e+00 0.000000e+00 0.000000e+00
    outer loop
      vertex 2.770000e+00 5.420000e+00 6.990317e-01
      vertex 1.200000e+00 5.400000e+00 6.990317e-01
      vertex 2.770000e+00 5.220000e+00 6.990317e-01
    endloop
  endfacet
  facet normal 1.000000e+00 0.000000e+00 0.000000e+00
    outer loop
      vertex 2.770000e+00 5.420000e+00 6.990317e-01
      vertex 2.770000e+00 5.220000e+00 6.990317e-01
      vertex 2.870000e+00 5.220000e+00 6.990317e-01
    endloop
  endfacet
  facet normal 1.000000e+00 0.000000e+00 -2.890865e+09
    outer loop
      vertex 2.870000e+00 5.220000e+00 6.990317e-01
      vertex 2.870000e+00 5.420000e+00 6.990317e-01
      vertex 2.770000e+00 5.420000e+00 6.990317e-01
    endloop
  endfacet
  facet normal -1.000000e+00 0.000000e+00 0.000000e+00
    outer loop
      vertex 9.500000e-01 5.400000e+00 5.990317e-01
      vertex 1.200000e+00 5.700000e+00 5.990317e-01
      vertex 1.200000e+00 5.400000e+00 5.990317e-01
    endloop
  endfacet
  facet normal -1.000000e+00 0.000000e+00 0.000000e+00
    outer loop
      vertex 1.200000e+00 5.400000e+00 5.990317e-01
      vertex 1.200000e+00 5.700000e+00 5.990317e-01
      vertex 2.770000e+00 5.420000e+00 5.990317e-01
    endloop
  endfacet
  facet normal -1.000000e+00 0.000000e+00 0.000000e+00
    outer loop
      vertex 1.200000e+00 5.400000e+00 5.990317e-01
      vertex 2.770000e+00 5.420000e+00 5.990317e-01
      vertex 2.770000e+00 5.220000e+00 5.990317e-01
    endloop
  endfacet
  facet normal -1.000000e+00 0.000000e+00 0.000000e+00
    outer loop
      vertex 2.770000e+00 5.220000e+00 5.990317e-01
      vertex 2.770000e+00 5.420000e+00 5.990317e-01
      vertex 2.870000e+00 5.420000e+00 5.990317e-01
    endloop
  endfacet
  facet normal -1.000000e+00 0.000000e+00 0.000000e+00
    outer loop
      vertex 2.770000e+00 5.220000e+00 5.990317e-01
      vertex 2.870000e+00 5.420000e+00 5.990317e-01
      vertex 2.870000e+00 5.220000e+00 5.990317e-01
    endloop
  endfacet
  facet normal -1.000000e+00 0.000000e+00 0.000000e+00
    outer loop
      vertex 9.500000e-01 5.400000e+00 5.990317e-01
      vertex 9.500000e-01 5.700000e+00 5.990317e-01
      vertex 1.200000e+00 5.700000e+00 5.990317e-01
    endloop
  endfacet
  facet normal 0.000000e+00 0.000000e+00 0.000000e+00
    outer loop
      vertex 9.500000e-01 5.400000e+00 5.990317e-01
      vertex 9.500000e-01 5.400000e+00 1.024032e+00
      vertex 9.500000e-01 5.700000e+00 5.990317e-01
    endloop
  endfacet
  facet normal 0.000000e+00 0.000000e+00 0.000000e+00
    outer loop
      vertex 9.500000e-01 5.700000e+00 5.990317e-01
      vertex 9.500000e-01 5.400000e+00 1.024032e+00
      vertex 9.500000e-01 5.700000e+00 1.024032e+00
    endloop
  endfacet
  facet normal 1.000000e+00 0.000000e+00 0.000000e+00
    outer loop
      vertex 1.050000e+00 5.700000e+00 1.124032e+00
      vertex -3.000000e-01 5.700000e+00 1.124032e+00
      vertex 1.050000e+00 5.400000e+00 1.124032e+00
    endloop
  endfacet
  facet normal 1.000000e+00 0.000000e+00 0.000000e+00
    outer loop
      vertex 1.050000e+00 5.400000e+00 1.124032e+00
      vertex -3.000000e-01 5.700000e+00 1.124032e+00
      vertex -3.000000e-01 5.400000e+00 1.124032e+00
    endloop
  endfacet
  facet normal 9.486833e-01 0.000000e+00 0.000000e+00
    outer loop
      vertex -3.000000e-01 5.700000e+00 1.124032e+00
      vertex -6.000000e-01 5.700000e+00 1.024032e+00
      vertex -3.000000e-01 5.400000e+00 1.124032e+00
    endloop
  endfacet
  facet normal 9.486833e-01 0.000000e+00 0.000000e+00
    outer loop
      vertex -3.000000e-01 5.400000e+00 1.124032e+00
      vertex -6.000000e-01 5.700000e+00 1.024032e+00
      vertex -6.000000e-01 5.400000e+00 1.024032e+00
    endloop
  endfacet
  facet normal 7.124705e-02 0.000000e+00 0.000000e+00
    outer loop
      vertex -6.000000e-01 5.700000e+00 1.024032e+00
      vertex -7.000000e-01 5.700000e+00 -3.759683e-01
      vertex -6.000000e-01 5.400000e+00 1.024032e+00
    endloop
  endfacet
  facet normal 7.124705e-02 0.000000e+00 0.000000e+00
    outer loop
      vertex -6.000000e-01 5.400000e+00 1.024032e+00
      vertex -7.000000e-01 5.700000e+00 -3.759683e-01
      vertex -7.000000e-01 5.400000e+00 -3.759683e-01
    endloop
  endfacet
  facet normal 1.000000e+00 0.000000e+00 0.000000e+00
    outer loop
      vertex -7.000000e-01 5.700000e+00 -3.759683e-01
      vertex -1.000000e+00 5.700000e+00 -3.759683e-01
      vertex -7.000000e-01 5.400000e+00 -3.759683e-01
    endloop
  endfacet
  facet normal 1.000000e+00 0.000000e+00 0.000000e+00
    outer loop
      vertex -7.000000e-01 5.400000e+00 -3.759683e-01
      vertex -1.000000e+00 5.700000e+00 -3.759683e-01
      vertex -1.000000e+00 5.400000e+00 -3.759683e-01
    endloop
  endfacet
  facet normal 0.000000e+00 0.000000e+00 0.000000e+00
    outer loop
      vertex -1.000000e+00 5.700000e+00 -3.759683e-01
      vertex -1.000000e+00 5.700000e+00 -4.759683e-01
      vertex -1.000000e+00 5.400000e+00 -3.759683e-01
    endloop
  endfacet
  facet normal 0.000000e+00 0.000000e+00 0.000000e+00
    outer loop
      vertex -1.000000e+00 5.400000e+00 -3.759683e-01
      vertex -1.000000e+00 5.700000e+00 -4.759683e-01
      vertex -1.000000e+00 5.400000e+00 -4.759683e-01
    endloop
  endfacet
  facet normal -1.000000e+00 0.000000e+00 0.000000e+00
    outer loop
      vertex -1.000000e+00 5.700000e+00 -4.759683e-01
      vertex -6.000000e-01 5.700000e+00 -4.759683e-01
      vertex -1.000000e+00 5.400000e+00 -4.759683e-01
    endloop
  endfacet
  facet normal -1.000000e+00 0.000000e+00 0.000000e+00
    outer loop
      vertex -1.000000e+00 5.400000e+00 -4.759683e-01
      vertex -6.000000e-01 5.700000e+00 -4.759683e-01
      vertex -6.000000e-01 5.400000e+00 -4.759683e-01
    endloop
  endfacet
  facet normal -7.024856e-02 0.000000e+00 0.000000e+00
    outer loop
      vertex -6.000000e-01 5.700000e+00 -4.759683e-01
      vertex -5.000000e-01 5.700000e+00 9.440317e-01
      vertex -6.000000e-01 5.400000e+00 -4.759683e-01
    endloop
  endfacet
  facet normal -7.024856e-02 0.000000e+00 0.000000e+00
    outer loop
      vertex -6.000000e-01 5.400000e+00 -4.759683e-01
      vertex -5.000000e-01 5.700000e+00 9.440317e-01
      vertex -5.000000e-01 5.400000e+00 9.440317e-01
    endloop
  endfacet
  facet normal -9.397934e-01 0.000000e+00 0.000000e+00
    outer loop
      vertex -5.000000e-01 5.700000e+00 9.440317e-01
      vertex -2.800000e-01 5.700000e+00 1.024032e+00
      vertex -5.000000e-01 5.400000e+00 9.440317e-01
    endloop
  endfacet
  facet normal -9.397934e-01 0.000000e+00 0.000000e+00
    outer loop
      vertex -5.000000e-01 5.400000e+00 9.440317e-01
      vertex -2.800000e-01 5.700000e+00 1.024032e+00
      vertex -2.800000e-01 5.400000e+00 1.024032e+00
    endloop
  endfacet
  facet normal -1.000000e+00 0.000000e+00 0.000000e+00
    outer loop
      vertex -2.800000e-01 5.700000e+00 1.024032e+00
      vertex 9.500000e-01 5.700000e+00 1.024032e+00
      vertex -2.800000e-01 5.400000e+00 1.024032e+00
    endloop
  endfacet
  facet normal -1.000000e+00 0.000000e+00 0.000000e+00
    outer loop
      vertex -2.800000e-01 5.400000e+00 1.024032e+00
      vertex 9.500000e-01 5.700000e+00 1.024032e+00
      vertex 9.500000e-01 5.400000e+00 1.024032e+00
    endloop
  endfacet
  facet normal 1.502787e-31 0.000000e+00 0.000000e+00
    outer loop
      vertex 1.050000e+00 5.700000e+00 1.124032e+00
      vertex 9.500000e-01 5.700000e+00 1.024032e+00
      vertex -3.000000e-01 5.700000e+00 1.124032e+00
    endloop
  endfacet
  facet normal 1.502787e-31 0.000000e+00 0.000000e+00
    outer loop
      vertex -3.000000e-01 5.700000e+00 1.124032e+00
      vertex 9.500000e-01 5.700000e+00 1.024032e+00
      vertex -2.800000e-01 5.700000e+00 1.024032e+00
    endloop
  endfacet
  facet normal 1.502787e-31 0.000000e+00 -1.453608e+09
    outer loop
      vertex -3.000000e-01 5.700000e+00 1.124032e+00
      vertex -2.800000e-01 5.700000e+00 1.024032e+00
      vertex -5.000000e-01 5.700000e+00 9.440317e-01
    endloop
  endfacet
  facet normal 1.502787e-31 0.000000e+00 0.000000e+00
    outer loop
      vertex 1.050000e+00 5.700000e+00 1.124032e+00
      vertex 1.050000e+00 5.700000e+00 6.990317e-01
      vertex 9.500000e-01 5.700000e+00 1.024032e+00
    endloop
  endfacet
  facet normal 1.502787e-31 0.000000e+00 0.000000e+00
    outer loop
      vertex 9.500000e-01 5.700000e+00 1.024032e+00
      vertex 1.050000e+00 5.700000e+00 6.990317e-01
      vertex 9.500000e-01 5.700000e+00 5.990317e-01
    endloop
  endfacet
  facet normal 1.502787e-31 0.000000e+00 0.000000e+00
    outer loop
      vertex 1.200000e+00 5.700000e+00 6.990317e-01
      vertex 1.200000e+00 5.700000e+00 5.990317e-01
      vertex 1.050000e+00 5.700000e+00 6.990317e-01
    endloop
  endfacet
  facet normal 1.502787e-31 0.000000e+00 -2.082761e+09
    outer loop
      vertex 1.050000e+00 5.700000e+00 6.990317e-01
      vertex 1.200000e+00 5.700000e+00 5.990317e-01
      vertex 9.500000e-01 5.700000e+00 5.990317e-01
    endloop
  endfacet
  facet normal 1.502787e-31 0.000000e+00 0.000000e+00
    outer loop
      vertex -6.000000e-01 5.700000e+00 -4.759683e-01
      vertex -7.000000e-01 5.700000e+00 -3.759683e-01
      vertex -5.000000e-01 5.700000e+00 9.440317e-01
    endloop
  endfacet
  facet normal 1.502787e-31 0.000000e+00 0.000000e+00
    outer loop
      vertex -5.000000e-01 5.700000e+00 9.440317e-01
      vertex -7.000000e-01 5.700000e+00 -3.759683e-01
      vertex -6.000000e-01 5.700000e+00 1.024032e+00
    endloop
  endfacet
  facet normal 1.502787e-31 0.000000e+00 0.000000e+00
    outer loop
      vertex -5.000000e-01 5.700000e+00 9.440317e-01
      vertex -6.000000e-01 5.700000e+00 1.024032e+00
      vertex -3.000000e-01 5.700000e+00 1.124032e+00
    endloop
  endfacet
  facet normal 1.502787e-31 0.000000e+00 0.000000e+00
    outer loop
      vertex -6.000000e-01 5.700000e+00 -4.759683e-01
      vertex -1.000000e+00 5.700000e+00 -4.759683e-01
      vertex -7.000000e-01 5.700000e+00 -3.759683e-01
    endloop
  endfacet
  facet normal 1.502787e-31 0.000000e+00 0.000000e+00
    outer loop
      vertex -7.000000e-01 5.700000e+00 -3.759683e-01
      vertex -1.000000e+00 5.700000e+00 -4.759683e-01
      vertex -1.000000e+00 5.700000e+00 -3.759683e-01
    endloop
  endfacet
  facet normal -1.502787e-31 0.000000e+00 0.000000e+00
    outer loop
      vertex 1.050000e+00 5.400000e+00 6.990317e-01
      vertex 1.050000e+00 5.400000e+00 1.124032e+00
      vertex 9.500000e-01 5.400000e+00 1.024032e+00
    endloop
  endfacet
  facet normal -1.502787e-31 0.000000e+00 -8.987686e+08
    outer loop
      vertex 9.500000e-01 5.400000e+00 1.024032e+00
      vertex 1.050000e+00 5.400000e+00 1.124032e+00
      vertex -3.000000e-01 5.400000e+00 1.124032e+00
    endloop
  endfacet
  facet normal -1.502787e-31 0.000000e+00 0.000000e+00
    outer loop
      vertex 9.500000e-01 5.400000e+00 1.024032e+00
      vertex -3.000000e-01 5.400000e+00 1.124032e+00
      vertex -2.800000e-01 5.400000e+00 1.024032e+00
    endloop
  endfacet
  facet normal -1.502787e-31 0.000000e+00 -5.841900e+08
    outer loop
      vertex -2.800000e-01 5.400000e+00 1.024032e+00
      vertex -3.000000e-01 5.400000e+00 1.124032e+00
      vertex -5.000000e-01 5.400000e+00 9.440317e-01
    endloop
  endfacet
  facet normal -1.502787e-31 0.000000e+00 0.000000e+00
    outer loop
      vertex -3.000000e-01 5.400000e+00 1.124032e+00
      vertex -6.000000e-01 5.400000e+00 1.024032e+00
      vertex -5.000000e-01 5.400000e+00 9.440317e-01
    endloop
  endfacet
  facet normal -1.502787e-31 0.000000e+00 0.000000e+00
    outer loop
      vertex -5.000000e-01 5.400000e+00 9.440317e-01
      vertex -6.000000e-01 5.400000e+00 1.024032e+00
      vertex -7.000000e-01 5.400000e+00 -3.759683e-01
    endloop
  endfacet
  facet normal -1.502787e-31 0.000000e+00 0.000000e+00
    outer loop
      vertex -5.000000e-01 5.400000e+00 9.440317e-01
      vertex -7.000000e-01 5.400000e+00 -3.759683e-01
      vertex -6.000000e-01 5.400000e+00 -4.759683e-01
    endloop
  endfacet
  facet normal -1.502787e-31 0.000000e+00 0.000000e+00
    outer loop
      vertex -6.000000e-01 5.400000e+00 -4.759683e-01
      vertex -7.000000e-01 5.400000e+00 -3.759683e-01
      vertex -1.000000e+00 5.400000e+00 -4.759683e-01
    endloop
  endfacet
  facet normal -1.502787e-31 0.000000e+00 0.000000e+00
    outer loop
      vertex -7.000000e-01 5.400000e+00 -3.759683e-01
      vertex -1.000000e+00 5.400000e+00 -3.759683e-01
      vertex -1.000000e+00 5.400000e+00 -4.759683e-01
    endloop
  endfacet
  facet normal -1.502787e-31 0.000000e+00 0.000000e+00
    outer loop
      vertex 9.500000e-01 5.400000e+00 1.024032e+00
      vertex 9.500000e-01 5.400000e+00 5.990317e-01
      vertex 1.050000e+00 5.400000e+00 6.990317e-01
    endloop
  endfacet
  facet normal -1.502787e-31 0.000000e+00 0.000000e+00
    outer loop
      vertex 1.050000e+00 5.400000e+00 6.990317e-01
      vertex 9.500000e-01 5.400000e+00 5.990317e-01
      vertex 1.200000e+00 5.400000e+00 5.990317e-01
    endloop
  endfacet
  facet normal -1.502787e-31 0.000000e+00 0.000000e+00
    outer loop
      vertex 1.050000e+00 5.400000e+00 6.990317e-01
      vertex 1.200000e+00 5.400000e+00 5.990317e-01
      vertex 1.200000e+00 5.400000e+00 6.990317e-01
    endloop
  endfacet
endsolid PEC:Pin_1_1
solid PEC:Pin_1_2
  facet normal 0.000000e+00 0.000000e+00 0.000000e+00
    outer loop
      vertex 4.580000e+00 2.870000e+00 6.990317e-01
      vertex 4.780000e+00 2.870000e+00 6.990317e-01
      vertex 4.580000e+00 2.870000e+00 5.990317e-01
    endloop
  endfacet
  facet normal 0.000000e+00 0.000000e+00 0.000000e+00
    outer loop
      vertex 4.580000e+00 2.870000e+00 5.990317e-01
      vertex 4.780000e+00 2.870000e+00 6.990317e-01
      vertex 4.780000e+00 2.870000e+00 5.990317e-01
    endloop
  endfacet
  facet normal -0.000000e+00 0.000000e+00 0.000000e+00
    outer loop
      vertex 4.780000e+00 2.870000e+00 6.990317e-01
      vertex 4.780000e+00 2.770000e+00 6.990317e-01
      vertex 4.780000e+00 2.870000e+00 5.990317e-01
    endloop
  endfacet
  facet normal -0.000000e+00 0.000000e+00 0.000000e+00
    outer loop
      vertex 4.780000e+00 2.870000e+00 5.990317e-01
      vertex 4.780000e+00 2.770000e+00 6.990317e-01
      vertex 4.780000e+00 2.770000e+00 5.990317e-01
    endloop
  endfacet
  facet normal -0.000000e+00 0.000000e+00 0.000000e+00
    outer loop
      vertex 4.580000e+00 2.870000e+00 5.990317e-01
      vertex 4.580000e+00 2.770000e+00 5.990317e-01
      vertex 4.580000e+00 2.870000e+00 6.990317e-01
    endloop
  endfacet
  facet normal -0.000000e+00 0.000000e+00 0.000000e+00
    outer loop
      vertex 4.580000e+00 2.870000e+00 6.990317e-01
      vertex 4.580000e+00 2.770000e+00 5.990317e-01
      vertex 4.580000e+00 2.770000e+00 6.990317e-01
    endloop
  endfacet
  facet normal 0.000000e+00 0.000000e+00 0.000000e+00
    outer loop
      vertex 4.580000e+00 2.770000e+00 6.990317e-01
      vertex 4.580000e+00 2.770000e+00 5.990317e-01
      vertex 4.300000e+00 1.200000e+00 6.990317e-01
    endloop
  endfacet
  facet normal 0.000000e+00 0.000000e+00 0.000000e+00
    outer loop
      vertex 4.300000e+00 1.200000e+00 6.990317e-01
      vertex 4.580000e+00 2.770000e+00 5.990317e-01
      vertex 4.300000e+00 1.200000e+00 5.990317e-01
    endloop
  endfacet
  facet normal 0.000000e+00 0.000000e+00 0.000000e+00
    outer loop
      vertex 4.780000e+00 2.770000e+00 5.990317e-01
      vertex 4.780000e+00 2.770000e+00 6.990317e-01
      vertex 4.600000e+00 1.200000e+00 5.990317e-01
    endloop
  endfacet
  facet normal 0.000000e+00 0.000000e+00 -1.439709e+08
    outer loop
      vertex 4.600000e+00 1.200000e+00 5.990317e-01
      vertex 4.780000e+00 2.770000e+00 6.990317e-01
      vertex 4.600000e+00 1.200000e+00 6.990317e-01
    endloop
  endfacet
  facet normal 0.000000e+00 0.000000e+00 0.000000e+00
    outer loop
      vertex 4.600000e+00 1.050000e+00 1.124032e+00
      vertex 4.600000e+00 1.050000e+00 6.990317e-01
      vertex 4.300000e+00 1.050000e+00 1.124032e+00
    endloop
  endfacet
  facet normal 0.000000e+00 0.000000e+00 0.000000e+00
    outer loop
      vertex 4.300000e+00 1.050000e+00 1.124032e+00
      vertex 4.600000e+00 1.050000e+00 6.990317e-01
      vertex 4.300000e+00 1.050000e+00 6.990317e-01
    endloop
  endfacet
  facet normal 1.000000e+00 0.000000e+00 0.000000e+00
    outer loop
      vertex 4.600000e+00 1.050000e+00 6.990317e-01
      vertex 4.600000e+00 1.200000e+00 6.990317e-01
      vertex 4.300000e+00 1.050000e+00 6.990317e-01
    endloop
  endfacet
  facet normal 1.000000e+00 0.000000e+00 0.000000e+00
    outer loop
      vertex 4.300000e+00 1.050000e+00 6.990317e-01
      vertex 4.600000e+00 1.200000e+00 6.990317e-01
      vertex 4.300000e+00 1.200000e+00 6.990317e-01
    endloop
  endfacet
  facet normal 1.000000e+00 0.000000e+00 0.000000e+00
    outer loop
      vertex 4.300000e+00 1.200000e+00 6.990317e-01
      vertex 4.600000e+00 1.200000e+00 6.990317e-01
      vertex 4.580000e+00 2.770000e+00 6.990317e-01
    endloop
  endfacet
  facet normal 1.000000e+00 0.000000e+00 0.000000e+00
    outer loop
      vertex 4.580000e+00 2.770000e+00 6.990317e-01
      vertex 4.600000e+00 1.200000e+00 6.990317e-01
      vertex 4.780000e+00 2.770000e+00 6.990317e-01
    endloop
  endfacet
  facet normal 1.000000e+00 0.000000e+00 0.000000e+00
    outer loop
      vertex 4.580000e+00 2.770000e+00 6.990317e-01
      vertex 4.780000e+00 2.770000e+00 6.990317e-01
      vertex 4.780000e+00 2.870000e+00 6.990317e-01
    endloop
  endfacet
  facet normal 1.000000e+00 0.000000e+00 -5.880044e+07
    outer loop
      vertex 4.780000e+00 2.870000e+00 6.990317e-01
      vertex 4.580000e+00 2.870000e+00 6.990317e-01
      vertex 4.580000e+00 2.770000e+00 6.990317e-01
    endloop
  endfacet
  facet normal -1.000000e+00 0.000000e+00 0.000000e+00
    outer loop
      vertex 4.600000e+00 9.500000e-01 5.990317e-01
      vertex 4.300000e+00 1.200000e+00 5.990317e-01
      vertex 4.600000e+00 1.200000e+00 5.990317e-01
    endloop
  endfacet
  facet normal -1.000000e+00 0.000000e+00 0.000000e+00
    outer loop
      vertex 4.600000e+00 1.200000e+00 5.990317e-01
      vertex 4.300000e+00 1.200000e+00 5.990317e-01
      vertex 4.580000e+00 2.770000e+00 5.990317e-01
    endloop
  endfacet
  facet normal -1.000000e+00 0.000000e+00 0.000000e+00
    outer loop
      vertex 4.600000e+00 1.200000e+00 5.990317e-01
      vertex 4.580000e+00 2.770000e+00 5.990317e-01
      vertex 4.780000e+00 2.770000e+00 5.990317e-01
    endloop
  endfacet
  facet normal -1.000000e+00 0.000000e+00 0.000000e+00
    outer loop
      vertex 4.780000e+00 2.770000e+00 5.990317e-01
      vertex 4.580000e+00 2.770000e+00 5.990317e-01
      vertex 4.580000e+00 2.870000e+00 5.990317e-01
    endloop
  endfacet
  facet normal -1.000000e+00 0.000000e+00 0.000000e+00
    outer loop
      vertex 4.780000e+00 2.770000e+00 5.990317e-01
      vertex 4.580000e+00 2.870000e+00 5.990317e-01
      vertex 4.780000e+00 2.870000e+00 5.990317e-01
    endloop
  endfacet
  facet normal -1.000000e+00 0.000000e+00 0.000000e+00
    outer loop
      vertex 4.600000e+00 9.500000e-01 5.990317e-01
      vertex 4.300000e+00 9.500000e-01 5.990317e-01
      vertex 4.300000e+00 1.200000e+00 5.990317e-01
    endloop
  endfacet
  facet normal 0.000000e+00 0.000000e+00 0.000000e+00
    outer loop
      vertex 4.600000e+00 9.500000e-01 5.990317e-01
      vertex 4.600000e+00 9.500000e-01 1.024032e+00
      vertex 4.300000e+00 9.500000e-01 5.990317e-01
    endloop
  endfacet
  facet normal 0.000000e+00 0.000000e+00 0.000000e+00
    outer loop
      vertex 4.300000e+00 9.500000e-01 5.990317e-01
      vertex 4.600000e+00 9.500000e-01 1.024032e+00
      vertex 4.300000e+00 9.500000e-01 1.024032e+00
    endloop
  endfacet
  facet normal 1.000000e+00 0.000000e+00 0.000000e+00
    outer loop
      vertex 4.300000e+00 1.050000e+00 1.124032e+00
      vertex 4.300000e+00 -3.000000e-01 1.124032e+00
      vertex 4.600000e+00 1.050000e+00 1.124032e+00
    endloop
  endfacet
  facet normal 1.000000e+00 0.000000e+00 0.000000e+00
    outer loop
      vertex 4.600000e+00 1.050000e+00 1.124032e+00
      vertex 4.300000e+00 -3.000000e-01 1.124032e+00
      vertex 4.600000e+00 -3.000000e-01 1.124032e+00
    endloop
  endfacet
  facet normal 9.486833e-01 0.000000e+00 0.000000e+00
    outer loop
      vertex 4.300000e+00 -3.000000e-01 1.124032e+00
      vertex 4.300000e+00 -6.000000e-01 1.024032e+00
      vertex 4.600000e+00 -3.000000e-01 1.124032e+00
    endloop
  endfacet
  facet normal 9.486833e-01 0.000000e+00 0.000000e+00
    outer loop
      vertex 4.600000e+00 -3.000000e-01 1.124032e+00
      vertex 4.300000e+00 -6.000000e-01 1.024032e+00
      vertex 4.600000e+00 -6.000000e-01 1.024032e+00
    endloop
  endfacet
  facet normal 7.124705e-02 0.000000e+00 0.000000e+00
    outer loop
      vertex 4.300000e+00 -6.000000e-01 1.024032e+00
      vertex 4.300000e+00 -7.000000e-01 -3.759683e-01
      vertex 4.600000e+00 -6.000000e-01 1.024032e+00
    endloop
  endfacet
  facet normal 7.124705e-02 0.000000e+00 0.000000e+00
    outer loop
      vertex 4.600000e+00 -6.000000e-01 1.024032e+00
      vertex 4.300000e+00 -7.000000e-01 -3.759683e-01
      vertex 4.600000e+00 -7.000000e-01 -3.759683e-01
    endloop
  endfacet
  facet normal 1.000000e+00 0.000000e+00 -5.333142e+08
    outer loop
      vertex 4.300000e+00 -7.000000e-01 -3.759683e-01
      vertex 4.300000e+00 -1.000000e+00 -3.759683e-01
      vertex 4.600000e+00 -7.000000e-01 -3.759683e-01
    endloop
  endfacet
  facet normal 1.000000e+00 0.000000e+00 0.000000e+00
    outer loop
      vertex 4.600000e+00 -7.000000e-01 -3.759683e-01
      vertex 4.300000e+00 -1.000000e+00 -3.759683e-01
      vertex 4.600000e+00 -1.000000e+00 -3.759683e-01
    endloop
  endfacet
  facet normal 0.000000e+00 0.000000e+00 0.000000e+00
    outer loop
      vertex 4.300000e+00 -1.000000e+00 -3.759683e-01
      vertex 4.300000e+00 -1.000000e+00 -4.759683e-01
      vertex 4.600000e+00 -1.000000e+00 -3.759683e-01
    endloop
  endfacet
  facet normal 0.000000e+00 0.000000e+00 0.000000e+00
    outer loop
      vertex 4.600000e+00 -1.000000e+00 -3.759683e-01
      vertex 4.300000e+00 -1.000000e+00 -4.759683e-01
      vertex 4.600000e+00 -1.000000e+00 -4.759683e-01
    endloop
  endfacet
  facet normal -1.000000e+00 0.000000e+00 0.000000e+00
    outer loop
      vertex 4.300000e+00 -1.000000e+00 -4.759683e-01
      vertex 4.300000e+00 -6.000000e-01 -4.759683e-01
      vertex 4.600000e+00 -1.000000e+00 -4.759683e-01
    endloop
  endfacet
  facet normal -1.000000e+00 0.000000e+00 0.000000e+00
    outer loop
      vertex 4.600000e+00 -1.000000e+00 -4.759683e-01
      vertex 4.300000e+00 -6.000000e-01 -4.759683e-01
      vertex 4.600000e+00 -6.000000e-01 -4.759683e-01
    endloop
  endfacet
  facet normal -7.024856e-02 0.000000e+00 0.000000e+00
    outer loop
      vertex 4.300000e+00 -6.000000e-01 -4.759683e-01
      vertex 4.300000e+00 -5.000000e-01 9.440317e-01
      vertex 4.600000e+00 -6.000000e-01 -4.759683e-01
    endloop
  endfacet
  facet normal -7.024856e-02 0.000000e+00 0.000000e+00
    outer loop
      vertex 4.600000e+00 -6.000000e-01 -4.759683e-01
      vertex 4.300000e+00 -5.000000e-01 9.440317e-01
      vertex 4.600000e+00 -5.000000e-01 9.440317e-01
    endloop
  endfacet
  facet normal -9.397934e-01 0.000000e+00 0.000000e+00
    outer loop
      vertex 4.300000e+00 -5.000000e-01 9.440317e-01
      vertex 4.300000e+00 -2.800000e-01 1.024032e+00
      vertex 4.600000e+00 -5.000000e-01 9.440317e-01
    endloop
  endfacet
  facet normal -9.397934e-01 0.000000e+00 -3.760259e+08
    outer loop
      vertex 4.600000e+00 -5.000000e-01 9.440317e-01
      vertex 4.300000e+00 -2.800000e-01 1.024032e+00
      vertex 4.600000e+00 -2.800000e-01 1.024032e+00
    endloop
  endfacet
  facet normal -1.000000e+00 0.000000e+00 0.000000e+00
    outer loop
      vertex 4.300000e+00 -2.800000e-01 1.024032e+00
      vertex 4.300000e+00 9.500000e-01 1.024032e+00
      vertex 4.600000e+00 -2.800000e-01 1.024032e+00
    endloop
  endfacet
  facet normal -1.000000e+00 0.000000e+00 0.000000e+00
    outer loop
      vertex 4.600000e+00 -2.800000e-01 1.024032e+00
      vertex 4.300000e+00 9.500000e-01 1.024032e+00
      vertex 4.600000e+00 9.500000e-01 1.024032e+00
    endloop
  endfacet
  facet normal 1.502787e-31 0.000000e+00 0.000000e+00
    outer loop
      vertex 4.300000e+00 1.050000e+00 1.124032e+00
      vertex 4.300000e+00 9.500000e-01 1.024032e+00
      vertex 4.300000e+00 -3.000000e-01 1.124032e+00
    endloop
  endfacet
  facet normal 1.502787e-31 0.000000e+00 0.000000e+00
    outer loop
      vertex 4.300000e+00 -3.000000e-01 1.124032e+00
      vertex 4.300000e+00 9.500000e-01 1.024032e+00
      vertex 4.300000e+00 -2.800000e-01 1.024032e+00
    endloop
  endfacet
  facet normal 1.502787e-31 0.000000e+00 0.000000e+00
    outer loop
      vertex 4.300000e+00 -3.000000e-01 1.124032e+00
      vertex 4.300000e+00 -2.800000e-01 1.024032e+00
      vertex 4.300000e+00 -5.000000e-01 9.440317e-01
    endloop
  endfacet
  facet normal 1.502787e-31 0.000000e+00 0.000000e+00
    outer loop
      vertex 4.300000e+00 1.050000e+00 1.124032e+00
      vertex 4.300000e+00 1.050000e+00 6.990317e-01
      vertex 4.300000e+00 9.500000e-01 1.024032e+00
    endloop
  endfacet
  facet normal 1.502787e-31 0.000000e+00 -1.118350e+08
    outer loop
      vertex 4.300000e+00 9.500000e-01 1.024032e+00
      vertex 4.300000e+00 1.050000e+00 6.990317e-01
      vertex 4.300000e+00 9.500000e-01 5.990317e-01
    endloop
  endfacet
  facet normal 1.502787e-31 0.000000e+00 0.000000e+00
    outer loop
      vertex 4.300000e+00 1.200000e+00 6.990317e-01
      vertex 4.300000e+00 1.200000e+00 5.990317e-01
      vertex 4.300000e+00 1.050000e+00 6.990317e-01
    endloop
  endfacet
  facet normal 1.502787e-31 0.000000e+00 0.000000e+00
    outer loop
      vertex 4.300000e+00 1.050000e+00 6.990317e-01
      vertex 4.300000e+00 1.200000e+00 5.990317e-01
      vertex 4.300000e+00 9.500000e-01 5.990317e-01
    endloop
  endfacet
  facet normal 1.502787e-31 0.000000e+00 0.000000e+00
    outer loop
      vertex 4.300000e+00 -6.000000e-01 -4.759683e-01
      vertex 4.300000e+00 -7.000000e-01 -3.759683e-01
      vertex 4.300000e+00 -5.000000e-01 9.440317e-01
    endloop
  endfacet
  facet normal 1.502787e-31 0.000000e+00 0.000000e+00
    outer loop
      vertex 4.300000e+00 -5.000000e-01 9.440317e-01
      vertex 4.300000e+00 -7.000000e-01 -3.759683e-01
      vertex 4.300000e+00 -6.000000e-01 1.024032e+00
    endloop
  endfacet
  facet normal 1.502787e-31 0.000000e+00 0.000000e+00
    outer loop
      vertex 4.300000e+00 -5.000000e-01 9.440317e-01
      vertex 4.300000e+00 -6.000000e-01 1.024032e+00
      vertex 4.300000e+00 -3.000000e-01 1.124032e+00
    endloop
  endfacet
  facet normal 1.502787e-31 0.000000e+00 0.000000e+00
    outer loop
      vertex 4.300000e+00 -6.000000e-01 -4.759683e-01
      vertex 4.300000e+00 -1.000000e+00 -4.759683e-01
      vertex 4.300000e+00 -7.000000e-01 -3.759683e-01
    endloop
  endfacet
  facet normal 1.502787e-31 0.000000e+00 0.000000e+00
    outer loop
      vertex 4.300000e+00 -7.000000e-01 -3.759683e-01
      vertex 4.300000e+00 -1.000000e+00 -4.759683e-01
      vertex 4.300000e+00 -1.000000e+00 -3.759683e-01
    endloop
  endfacet
  facet normal -1.502787e-31 0.000000e+00 0.000000e+00
    outer loop
      vertex 4.600000e+00 1.050000e+00 6.990317e-01
      vertex 4.600000e+00 1.050000e+00 1.124032e+00
      vertex 4.600000e+00 9.500000e-01 1.024032e+00
    endloop
  endfacet
  facet normal -1.502787e-31 0.000000e+00 -4.283389e+09
    outer loop
      vertex 4.600000e+00 9.500000e-01 1.024032e+00
      vertex 4.600000e+00 1.050000e+00 1.124032e+00
      vertex 4.600000e+00 -3.000000e-01 1.124032e+00
    endloop
  endfacet
  facet normal -1.502787e-31 0.000000e+00 0.000000e+00
    outer loop
      vertex 4.600000e+00 9.500000e-01 1.024032e+00
      vertex 4.600000e+00 -3.000000e-01 1.124032e+00
      vertex 4.600000e+00 -2.800000e-01 1.024032e+00
    endloop
  endfacet
  facet normal -1.502787e-31 0.000000e+00 0.000000e+00
    outer loop
      vertex 4.600000e+00 -2.800000e-01 1.024032e+00
      vertex 4.600000e+00 -3.000000e-01 1.124032e+00
      vertex 4.600000e+00 -5.000000e-01 9.440317e-01
    endloop
  endfacet
  facet normal -1.502787e-31 0.000000e+00 0.000000e+00
    outer loop
      vertex 4.600000e+00 -3.000000e-01 1.124032e+00
      vertex 4.600000e+00 -6.000000e-01 1.024032e+00
      vertex 4.600000e+00 -5.000000e-01 9.440317e-01
    endloop
  endfacet
  facet normal -1.502787e-31 0.000000e+00 0.000000e+00
    outer loop
      vertex 4.600000e+00 -5.000000e-01 9.440317e-01
      vertex 4.600000e+00 -6.000000e-01 1.024032e+00
      vertex 4.600000e+00 -7.000000e-01 -3.759683e-01
    endloop
  endfacet
  facet normal -1.502787e-31 0.000000e+00 0.000000e+00
    outer loop
      vertex 4.600000e+00 -5.000000e-01 9.440317e-01
      vertex 4.600000e+00 -7.000000e-01 -3.759683e-01
      vertex 4.600000e+00 -6.000000e-01 -4.759683e-01
    endloop
  endfacet
  facet normal -1.502787e-31 0.000000e+00 0.000000e+00
    outer loop
      vertex 4.600000e+00 -6.000000e-01 -4.759683e-01
      vertex 4.600000e+00 -7.000000e-01 -3.759683e-01
      vertex 4.600000e+00 -1.000000e+00 -4.759683e-01
    endloop
  endfacet
  facet normal -1.502787e-31 0.000000e+00 0.000000e+00
    outer loop
      vertex 4.600000e+00 -7.000000e-01 -3.759683e-01
      vertex 4.600000e+00 -1.000000e+00 -3.759683e-01
      vertex 4.600000e+00 -1.000000e+00 -4.759683e-01
    endloop
  endfacet
  facet normal -1.502787e-31 0.000000e+00 0.000000e+00
    outer loop
      vertex 4.600000e+00 9.500000e-01 1.024032e+00
      vertex 4.600000e+00 9.500000e-01 5.990317e-01
      vertex 4.600000e+00 1.050000e+00 6.990317e-01
    endloop
  endfacet
  facet normal -1.502787e-31 0.000000e+00 0.000000e+00
    outer loop
      vertex 4.600000e+00 1.050000e+00 6.990317e-01
      vertex 4.600000e+00 9.500000e-01 5.990317e-01
      vertex 4.600000e+00 1.200000e+00 5.990317e-01
    endloop
  endfacet
  facet normal -1.502787e-31 0.000000e+00 0.000000e+00
    outer loop
      vertex 4.600000e+00 1.050000e+00 6.990317e-01
      vertex 4.600000e+00 1.200000e+00 5.990317e-01
      vertex 4.600000e+00 1.200000e+00 6.990317e-01
    endloop
  endfacet
endsolid PEC:Pin_1_2
solid PEC:Pin_1_3
  facet normal 0.000000e+00 0.000000e+00 0.000000e+00
    outer loop
      vertex 7.130000e+00 4.580000e+00 6.990317e-01
      vertex 7.130000e+00 4.780000e+00 6.990317e-01
      vertex 7.130000e+00 4.580000e+00 5.990317e-01
    endloop
  endfacet
  facet normal 0.000000e+00 0.000000e+00 0.000000e+00
    outer loop
      vertex 7.130000e+00 4.580000e+00 5.990317e-01
      vertex 7.130000e+00 4.780000e+00 6.990317e-01
      vertex 7.130000e+00 4.780000e+00 5.990317e-01
    endloop
  endfacet
  facet normal -0.000000e+00 0.000000e+00 0.000000e+00
    outer loop
      vertex 7.130000e+00 4.780000e+00 6.990317e-01
      vertex 7.230000e+00 4.780000e+00 6.990317e-01
      vertex 7.130000e+00 4.780000e+00 5.990317e-01
    endloop
  endfacet
  facet normal -0.000000e+00 0.000000e+00 0.000000e+00
    outer loop
      vertex 7.130000e+00 4.780000e+00 5.990317e-01
      vertex 7.230000e+00 4.780000e+00 6.990317e-01
      vertex 7.230000e+00 4.780000e+00 5.990317e-01
    endloop
  endfacet
  facet normal -0.000000e+00 0.000000e+00 0.000000e+00
    outer loop
      vertex 7.130000e+00 4.580000e+00 5.990317e-01
      vertex 7.230000e+00 4.580000e+00 5.990317e-01
      vertex 7.130000e+00 4.580000e+00 6.990317e-01
    endloop
  endfacet
  facet normal -0.000000e+00 0.000000e+00 0.000000e+00
    outer loop
      vertex 7.130000e+00 4.580000e+00 6.990317e-01
      vertex 7.230000e+00 4.580000e+00 5.990317e-01
      vertex 7.230000e+00 4.580000e+00 6.990317e-01
    endloop
  endfacet
  facet normal 0.000000e+00 0.000000e+00 0.000000e+00
    outer loop
      vertex 7.230000e+00 4.580000e+00 6.990317e-01
      vertex 7.230000e+00 4.580000e+00 5.990317e-01
      vertex 8.800000e+00 4.300000e+00 6.990317e-01
    endloop
  endfacet
  facet normal 0.000000e+00 0.000000e+00 0.000000e+00
    outer loop
      vertex 8.800000e+00 4.300000e+00 6.990317e-01
      vertex 7.230000e+00 4.580000e+00 5.990317e-01
      vertex 8.800000e+00 4.300000e+00 5.990317e-01
    endloop
  endfacet
  facet normal 0.000000e+00 0.000000e+00 0.000000e+00
    outer loop
      vertex 7.230000e+00 4.780000e+00 5.990317e-01
      vertex 7.230000e+00 4.780000e+00 6.990317e-01
      vertex 8.800000e+00 4.600000e+00 5.990317e-01
    endloop
  endfacet
  facet normal 0.000000e+00 0.000000e+00 0.000000e+00
    outer loop
      vertex 8.800000e+00 4.600000e+00 5.990317e-01
      vertex 7.230000e+00 4.780000e+00 6.990317e-01
      vertex 8.800000e+00 4.600000e+00 6.990317e-01
    endloop
  endfacet
  facet normal 0.000000e+00 0.000000e+00 0.000000e+00
    outer loop
      vertex 8.950000e+00 4.600000e+00 1.124032e+00
      vertex 8.950000e+00 4.600000e+00 6.990317e-01
      vertex 8.950000e+00 4.300000e+00 1.124032e+00
    endloop
  endfacet
  facet normal 0.000000e+00 0.000000e+00 0.000000e+00
    outer loop
      vertex 8.950000e+00 4.300000e+00 1.124032e+00
      vertex 8.950000e+00 4.600000e+00 6.990317e-01
      vertex 8.950000e+00 4.300000e+00 6.990317e-01
    endloop
  endfacet
  facet normal 1.000000e+00 0.000000e+00 0.000000e+00
    outer loop
      vertex 8.950000e+00 4.600000e+00 6.990317e-01
      vertex 8.800000e+00 4.600000e+00 6.990317e-01
      vertex 8.950000e+00 4.300000e+00 6.990317e-01
    endloop
  endfacet
  facet normal 1.000000e+00 0.000000e+00 0.000000e+00
    outer loop
      vertex 8.950000e+00 4.300000e+00 6.990317e-01
      vertex 8.800000e+00 4.600000e+00 6.990317e-01
      vertex 8.800000e+00 4.300000e+00 6.990317e-01
    endloop
  endfacet
  facet normal 1.000000e+00 0.000000e+00 0.000000e+00
    outer loop
      vertex 8.800000e+00 4.300000e+00 6.990317e-01
      vertex 8.800000e+00 4.600000e+00 6.990317e-01
      vertex 7.230000e+00 4.580000e+00 6.990317e-01
    endloop
  endfacet
  facet normal 1.000000e+00 0.000000e+00 0.000000e+00
    outer loop
      vertex 7.230000e+00 4.580000e+00 6.990317e-01
      vertex 8.800000e+00 4.600000e+00 6.990317e-01
      vertex 7.230000e+00 4.780000e+00 6.990317e-01
    endloop
  endfacet
  facet normal 1.000000e+00 0.000000e+00 0.000000e+00
    outer loop
      vertex 7.230000e+00 4.580000e+00 6.990317e-01
      vertex 7.230000e+00 4.780000e+00 6.990317e-01
      vertex 7.130000e+00 4.780000e+00 6.990317e-01
    endloop
  endfacet
  facet normal 1.000000e+00 0.000000e+00 0.000000e+00
    outer loop
      vertex 7.130000e+00 4.780000e+00 6.990317e-01
      vertex 7.130000e+00 4.580000e+00 6.990317e-01
      vertex 7.230000e+00 4.580000e+00 6.990317e-01
    endloop
  endfacet
  facet normal -1.000000e+00 0.000000e+00 0.000000e+00
    outer loop
      vertex 9.050000e+00 4.600000e+00 5.990317e-01
      vertex 8.800000e+00 4.300000e+00 5.990317e-01
      vertex 8.800000e+00 4.600000e+00 5.990317e-01
    endloop
  endfacet
  facet normal -1.000000e+00 0.000000e+00 0.000000e+00
    outer loop
      vertex 8.800000e+00 4.600000e+00 5.990317e-01
      vertex 8.800000e+00 4.300000e+00 5.990317e-01
      vertex 7.230000e+00 4.580000e+00 5.990317e-01
    endloop
  endfacet
  facet normal -1.000000e+00 0.000000e+00 0.000000e+00
    outer loop
      vertex 8.800000e+00 4.600000e+00 5.990317e-01
      vertex 7.230000e+00 4.580000e+00 5.990317e-01
      vertex 7.230000e+00 4.780000e+00 5.990317e-01
    endloop
  endfacet
  facet normal -1.000000e+00 0.000000e+00 0.000000e+00
    outer loop
      vertex 7.230000e+00 4.780000e+00 5.990317e-01
      vertex 7.230000e+00 4.580000e+00 5.990317e-01
      vertex 7.130000e+00 4.580000e+00 5.990317e-01
    endloop
  endfacet
  facet normal -1.000000e+00 0.000000e+00 0.000000e+00
    outer loop
      vertex 7.230000e+00 4.780000e+00 5.990317e-01
      vertex 7.130000e+00 4.580000e+00 5.990317e-01
      vertex 7.130000e+00 4.780000e+00 5.990317e-01
    endloop
  endfacet
  facet normal -1.000000e+00 0.000000e+00 0.000000e+00
    outer loop
      vertex 9.050000e+00 4.600000e+00 5.990317e-01
      vertex 9.050000e+00 4.300000e+00 5.990317e-01
      vertex 8.800000e+00 4.300000e+00 5.990317e-01
    endloop
  endfacet
  facet normal 0.000000e+00 0.000000e+00 0.000000e+00
    outer loop
      vertex 9.050000e+00 4.600000e+00 5.990317e-01
      vertex 9.050000e+00 4.600000e+00 1.024032e+00
      vertex 9.050000e+00 4.300000e+00 5.990317e-01
    endloop
  endfacet
  facet normal 0.000000e+00 0.000000e+00 0.000000e+00
    outer loop
      vertex 9.050000e+00 4.300000e+00 5.990317e-01
      vertex 9.050000e+00 4.600000e+00 1.024032e+00
      vertex 9.050000e+00 4.300000e+00 1.024032e+00
    endloop
  endfacet
  facet normal 1.000000e+00 0.000000e+00 0.000000e+00
    outer loop
      vertex 8.950000e+00 4.300000e+00 1.124032e+00
      vertex 1.030000e+01 4.300000e+00 1.124032e+00
      vertex 8.950000e+00 4.600000e+00 1.124032e+00
    endloop
  endfacet
  facet normal 1.000000e+00 0.000000e+00 0.000000e+00
    outer loop
      vertex 8.950000e+00 4.600000e+00 1.124032e+00
      vertex 1.030000e+01 4.300000e+00 1.124032e+00
      vertex 1.030000e+01 4.600000e+00 1.124032e+00
    endloop
  endfacet
  facet normal 9.486833e-01 0.000000e+00 0.000000e+00
    outer loop
      vertex 1.030000e+01 4.300000e+00 1.124032e+00
      vertex 1.060000e+01 4.300000e+00 1.024032e+00
      vertex 1.030000e+01 4.600000e+00 1.124032e+00
    endloop
  endfacet
  facet normal 9.486833e-01 0.000000e+00 0.000000e+00
    outer loop
      vertex 1.030000e+01 4.600000e+00 1.124032e+00
      vertex 1.060000e+01 4.300000e+00 1.024032e+00
      vertex 1.060000e+01 4.600000e+00 1.024032e+00
    endloop
  endfacet
  facet normal 7.124705e-02 0.000000e+00 0.000000e+00
    outer loop
      vertex 1.060000e+01 4.300000e+00 1.024032e+00
      vertex 1.070000e+01 4.300000e+00 -3.759683e-01
      vertex 1.060000e+01 4.600000e+00 1.024032e+00
    endloop
  endfacet
  facet normal 7.124705e-02 0.000000e+00 0.000000e+00
    outer loop
      vertex 1.060000e+01 4.600000e+00 1.024032e+00
      vertex 1.070000e+01 4.300000e+00 -3.759683e-01
      vertex 1.070000e+01 4.600000e+00 -3.759683e-01
    endloop
  endfacet
  facet normal 1.000000e+00 0.000000e+00 0.000000e+00
    outer loop
      vertex 1.070000e+01 4.300000e+00 -3.759683e-01
      vertex 1.100000e+01 4.300000e+00 -3.759683e-01
      vertex 1.070000e+01 4.600000e+00 -3.759683e-01
    endloop
  endfacet
  facet normal 1.000000e+00 0.000000e+00 0.000000e+00
    outer loop
      vertex 1.070000e+01 4.600000e+00 -3.759683e-01
      vertex 1.100000e+01 4.300000e+00 -3.759683e-01
      vertex 1.100000e+01 4.600000e+00 -3.759683e-01
    endloop
  endfacet
  facet normal 0.000000e+00 0.000000e+00 0.000000e+00
    outer loop
      vertex 1.100000e+01 4.300000e+00 -3.759683e-01
      vertex 1.100000e+01 4.300000e+00 -4.759683e-01
      vertex 1.100000e+01 4.600000e+00 -3.759683e-01
    endloop
  endfacet
  facet normal 0.000000e+00 0.000000e+00 0.000000e+00
    outer loop
      vertex 1.100000e+01 4.600000e+00 -3.759683e-01
      vertex 1.100000e+01 4.300000e+00 -4.759683e-01
      vertex 1.100000e+01 4.600000e+00 -4.759683e-01
    endloop
  endfacet
  facet normal -1.000000e+00 0.000000e+00 0.000000e+00
    outer loop
      vertex 1.100000e+01 4.300000e+00 -4.759683e-01
      vertex 1.060000e+01 4.300000e+00 -4.759683e-01
      vertex 1.100000e+01 4.600000e+00 -4.759683e-01
    endloop
  endfacet
  facet normal -1.000000e+00 0.000000e+00 0.000000e+00
    outer loop
      vertex 1.100000e+01 4.600000e+00 -4.759683e-01
      vertex 1.060000e+01 4.300000e+00 -4.759683e-01
      vertex 1.060000e+01 4.600000e+00 -4.759683e-01
    endloop
  endfacet
  facet normal -7.024856e-02 5.184804e-43 -2.540952e+19
    outer loop
      vertex 1.060000e+01 4.300000e+00 -4.759683e-01
      vertex 1.050000e+01 4.300000e+00 9.440317e-01
      vertex 1.060000e+01 4.600000e+00 -4.759683e-01
    endloop
  endfacet
  facet normal -7.024856e-02 0.000000e+00 0.000000e+00
    outer loop
      vertex 1.060000e+01 4.600000e+00 -4.759683e-01
      vertex 1.050000e+01 4.300000e+00 9.440317e-01
      vertex 1.050000e+01 4.600000e+00 9.440317e-01
    endloop
  endfacet
  facet normal -9.397934e-01 0.000000e+00 0.000000e+00
    outer loop
      vertex 1.050000e+01 4.300000e+00 9.440317e-01
      vertex 1.028000e+01 4.300000e+00 1.024032e+00
      vertex 1.050000e+01 4.600000e+00 9.440317e-01
    endloop
  endfacet
  facet normal -9.397934e-01 0.000000e+00 0.000000e+00
    outer loop
      vertex 1.050000e+01 4.600000e+00 9.440317e-01
      vertex 1.028000e+01 4.300000e+00 1.024032e+00
      vertex 1.028000e+01 4.600000e+00 1.024032e+00
    endloop
  endfacet
  facet normal -1.000000e+00 0.000000e+00 0.000000e+00
    outer loop
      vertex 1.028000e+01 4.300000e+00 1.024032e+00
      vertex 9.050000e+00 4.300000e+00 1.024032e+00
      vertex 1.028000e+01 4.600000e+00 1.024032e+00
    endloop
  endfacet
  facet normal -1.000000e+00 0.000000e+00 0.000000e+00
    outer loop
      vertex 1.028000e+01 4.600000e+00 1.024032e+00
      vertex 9.050000e+00 4.300000e+00 1.024032e+00
      vertex 9.050000e+00 4.600000e+00 1.024032e+00
    endloop
  endfacet
  facet normal 1.502787e-31 0.000000e+00 0.000000e+00
    outer loop
      vertex 8.950000e+00 4.300000e+00 1.124032e+00
      vertex 9.050000e+00 4.300000e+00 1.024032e+00
      vertex 1.030000e+01 4.300000e+00 1.124032e+00
    endloop
  endfacet
  facet normal 1.502787e-31 0.000000e+00 0.000000e+00
    outer loop
      vertex 1.030000e+01 4.300000e+00 1.124032e+00
      vertex 9.050000e+00 4.300000e+00 1.024032e+00
      vertex 1.028000e+01 4.300000e+00 1.024032e+00
    endloop
  endfacet
  facet normal 1.502787e-31 0.000000e+00 0.000000e+00
    outer loop
      vertex 1.030000e+01 4.300000e+00 1.124032e+00
      vertex 1.028000e+01 4.300000e+00 1.024032e+00
      vertex 1.050000e+01 4.300000e+00 9.440317e-01
    endloop
  endfacet
  facet normal 1.502787e-31 0.000000e+00 0.000000e+00
    outer loop
      vertex 8.950000e+00 4.300000e+00 1.124032e+00
      vertex 8.950000e+00 4.300000e+00 6.990317e-01
      vertex 9.050000e+00 4.300000e+00 1.024032e+00
    endloop
  endfacet
  facet normal 1.502787e-31 0.000000e+00 0.000000e+00
    outer loop
      vertex 9.050000e+00 4.300000e+00 1.024032e+00
      vertex 8.950000e+00 4.300000e+00 6.990317e-01
      vertex 9.050000e+00 4.300000e+00 5.990317e-01
    endloop
  endfacet
  facet normal 1.502787e-31 0.000000e+00 0.000000e+00
    outer loop
      vertex 8.800000e+00 4.300000e+00 6.990317e-01
      vertex 8.800000e+00 4.300000e+00 5.990317e-01
      vertex 8.950000e+00 4.300000e+00 6.990317e-01
    endloop
  endfacet
  facet normal 1.502787e-31 0.000000e+00 0.000000e+00
    outer loop
      vertex 8.950000e+00 4.300000e+00 6.990317e-01
      vertex 8.800000e+00 4.300000e+00 5.990317e-01
      vertex 9.050000e+00 4.300000e+00 5.990317e-01
    endloop
  endfacet
  facet normal 1.502787e-31 0.000000e+00 0.000000e+00
    outer loop
      vertex 1.060000e+01 4.300000e+00 -4.759683e-01
      vertex 1.070000e+01 4.300000e+00 -3.759683e-01
      vertex 1.050000e+01 4.300000e+00 9.440317e-01
    endloop
  endfacet
  facet normal 1.502787e-31 0.000000e+00 0.000000e+00
    outer loop
      vertex 1.050000e+01 4.300000e+00 9.440317e-01
      vertex 1.070000e+01 4.300000e+00 -3.759683e-01
      vertex 1.060000e+01 4.300000e+00 1.024032e+00
    endloop
  endfacet
  facet normal 1.502787e-31 0.000000e+00 0.000000e+00
    outer loop
      vertex 1.050000e+01 4.300000e+00 9.440317e-01
      vertex 1.060000e+01 4.300000e+00 1.024032e+00
      vertex 1.030000e+01 4.300000e+00 1.124032e+00
    endloop
  endfacet
  facet normal 1.502787e-31 0.000000e+00 0.000000e+00
    outer loop
      vertex 1.060000e+01 4.300000e+00 -4.759683e-01
      vertex 1.100000e+01 4.300000e+00 -4.759683e-01
      vertex 1.070000e+01 4.300000e+00 -3.759683e-01
    endloop
  endfacet
  facet normal 1.502787e-31 0.000000e+00 0.000000e+00
    outer loop
      vertex 1.070000e+01 4.300000e+00 -3.759683e-01
      vertex 1.100000e+01 4.300000e+00 -4.759683e-01
      vertex 1.100000e+01 4.300000e+00 -3.759683e-01
    endloop
  endfacet
  facet normal -1.502787e-31 0.000000e+00 0.000000e+00
    outer loop
      vertex 8.950000e+00 4.600000e+00 6.990317e-01
      vertex 8.950000e+00 4.600000e+00 1.124032e+00
      vertex 9.050000e+00 4.600000e+00 1.024032e+00
    endloop
  endfacet
  facet normal -1.502787e-31 0.000000e+00 0.000000e+00
    outer loop
      vertex 9.050000e+00 4.600000e+00 1.024032e+00
      vertex 8.950000e+00 4.600000e+00 1.124032e+00
      vertex 1.030000e+01 4.600000e+00 1.124032e+00
    endloop
  endfacet
  facet normal -1.502787e-31 0.000000e+00 0.000000e+00
    outer loop
      vertex 9.050000e+00 4.600000e+00 1.024032e+00
      vertex 1.030000e+01 4.600000e+00 1.124032e+00
      vertex 1.028000e+01 4.600000e+00 1.024032e+00
    endloop
  endfacet
  facet normal -1.502787e-31 0.000000e+00 0.000000e+00
    outer loop
      vertex 1.028000e+01 4.600000e+00 1.024032e+00
      vertex 1.030000e+01 4.600000e+00 1.124032e+00
      vertex 1.050000e+01 4.600000e+00 9.440317e-01
    endloop
  endfacet
  facet normal -1.502787e-31 0.000000e+00 0.000000e+00
    outer loop
      vertex 1.030000e+01 4.600000e+00 1.124032e+00
      vertex 1.060000e+01 4.600000e+00 1.024032e+00
      vertex 1.050000e+01 4.600000e+00 9.440317e-01
    endloop
  endfacet
  facet normal -1.502787e-31 0.000000e+00 0.000000e+00
    outer loop
      vertex 1.050000e+01 4.600000e+00 9.440317e-01
      vertex 1.060000e+01 4.600000e+00 1.024032e+00
      vertex 1.070000e+01 4.600000e+00 -3.759683e-01
    endloop
  endfacet
  facet normal -1.502787e-31 0.000000e+00 0.000000e+00
    outer loop
      vertex 1.050000e+01 4.600000e+00 9.440317e-01
      vertex 1.070000e+01 4.600000e+00 -3.759683e-01
      vertex 1.060000e+01 4.600000e+00 -4.759683e-01
    endloop
  endfacet
  facet normal -1.502787e-31 0.000000e+00 0.000000e+00
    outer loop
      vertex 1.060000e+01 4.600000e+00 -4.759683e-01
      vertex 1.070000e+01 4.600000e+00 -3.759683e-01
      vertex 1.100000e+01 4.600000e+00 -4.759683e-01
    endloop
  endfacet
  facet normal -1.502787e-31 0.000000e+00 0.000000e+00
    outer loop
      vertex 1.070000e+01 4.600000e+00 -3.759683e-01
      vertex 1.100000e+01 4.600000e+00 -3.759683e-01
      vertex 1.100000e+01 4.600000e+00 -4.759683e-01
    endloop
  endfacet
  facet normal -1.502787e-31 0.000000e+00 0.000000e+00
    outer loop
      vertex 9.050000e+00 4.600000e+00 1.024032e+00
      vertex 9.050000e+00 4.600000e+00 5.990317e-01
      vertex 8.950000e+00 4.600000e+00 6.990317e-01
    endloop
  endfacet
  facet normal -1.502787e-31 0.000000e+00 0.000000e+00
    outer loop
      vertex 8.950000e+00 4.600000e+00 6.990317e-01
      vertex 9.050000e+00 4.600000e+00 5.990317e-01
      vertex 8.800000e+00 4.600000e+00 5.990317e-01
    endloop
  endfacet
  facet normal -1.502787e-31 0.000000e+00 0.000000e+00
    outer loop
      vertex 8.950000e+00 4.600000e+00 6.990317e-01
      vertex 8.800000e+00 4.600000e+00 5.990317e-01
      vertex 8.800000e+00 4.600000e+00 6.990317e-01
    endloop
  endfacet
endsolid PEC:Pin_1_3
solid PEC:Pin_2_1
  facet normal 0.000000e+00 0.000000e+00 0.000000e+00
    outer loop
      vertex 2.870000e+00 5.740000e+00 6.990317e-01
      vertex 2.870000e+00 5.540000e+00 6.990317e-01
      vertex 2.870000e+00 5.740000e+00 5.990317e-01
    endloop
  endfacet
  facet normal 0.000000e+00 0.000000e+00 0.000000e+00
    outer loop
      vertex 2.870000e+00 5.740000e+00 5.990317e-01
      vertex 2.870000e+00 5.540000e+00 6.990317e-01
      vertex 2.870000e+00 5.540000e+00 5.990317e-01
    endloop
  endfacet
  facet normal -0.000000e+00 0.000000e+00 0.000000e+00
    outer loop
      vertex 2.870000e+00 5.540000e+00 6.990317e-01
      vertex 2.770000e+00 5.540000e+00 6.990317e-01
      vertex 2.870000e+00 5.540000e+00 5.990317e-01
    endloop
  endfacet
  facet normal -0.000000e+00 0.000000e+00 0.000000e+00
    outer loop
      vertex 2.870000e+00 5.540000e+00 5.990317e-01
      vertex 2.770000e+00 5.540000e+00 6.990317e-01
      vertex 2.770000e+00 5.540000e+00 5.990317e-01
    endloop
  endfacet
  facet normal -0.000000e+00 0.000000e+00 0.000000e+00
    outer loop
      vertex 2.870000e+00 5.740000e+00 5.990317e-01
      vertex 2.770000e+00 5.740000e+00 5.990317e-01
      vertex 2.870000e+00 5.740000e+00 6.990317e-01
    endloop
  endfacet
  facet normal -0.000000e+00 0.000000e+00 0.000000e+00
    outer loop
      vertex 2.870000e+00 5.740000e+00 6.990317e-01
      vertex 2.770000e+00 5.740000e+00 5.990317e-01
      vertex 2.770000e+00 5.740000e+00 6.990317e-01
    endloop
  endfacet
  facet normal 0.000000e+00 0.000000e+00 0.000000e+00
    outer loop
      vertex 2.770000e+00 5.740000e+00 6.990317e-01
      vertex 2.770000e+00 5.740000e+00 5.990317e-01
      vertex 1.200000e+00 6.250000e+00 6.990317e-01
    endloop
  endfacet
  facet normal 0.000000e+00 0.000000e+00 0.000000e+00
    outer loop
      vertex 1.200000e+00 6.250000e+00 6.990317e-01
      vertex 2.770000e+00 5.740000e+00 5.990317e-01
      vertex 1.200000e+00 6.250000e+00 5.990317e-01
    endloop
  endfacet
  facet normal 0.000000e+00 0.000000e+00 0.000000e+00
    outer loop
      vertex 2.770000e+00 5.540000e+00 5.990317e-01
      vertex 2.770000e+00 5.540000e+00 6.990317e-01
      vertex 1.200000e+00 5.950000e+00 5.990317e-01
    endloop
  endfacet
  facet normal 0.000000e+00 0.000000e+00 0.000000e+00
    outer loop
      vertex 1.200000e+00 5.950000e+00 5.990317e-01
      vertex 2.770000e+00 5.540000e+00 6.990317e-01
      vertex 1.200000e+00 5.950000e+00 6.990317e-01
    endloop
  endfacet
  facet normal 0.000000e+00 0.000000e+00 0.000000e+00
    outer loop
      vertex 1.050000e+00 5.950000e+00 1.124032e+00
      vertex 1.050000e+00 5.950000e+00 6.990317e-01
      vertex 1.050000e+00 6.250000e+00 1.124032e+00
    endloop
  endfacet
  facet normal 0.000000e+00 0.000000e+00 0.000000e+00
    outer loop
      vertex 1.050000e+00 6.250000e+00 1.124032e+00
      vertex 1.050000e+00 5.950000e+00 6.990317e-01
      vertex 1.050000e+00 6.250000e+00 6.990317e-01
    endloop
  endfacet
  facet normal 1.000000e+00 0.000000e+00 0.000000e+00
    outer loop
      vertex 1.050000e+00 5.950000e+00 6.990317e-01
      vertex 1.200000e+00 5.950000e+00 6.990317e-01
      vertex 1.050000e+00 6.250000e+00 6.990317e-01
    endloop
  endfacet
  facet normal 1.000000e+00 0.000000e+00 0.000000e+00
    outer loop
      vertex 1.050000e+00 6.250000e+00 6.990317e-01
      vertex 1.200000e+00 5.950000e+00 6.990317e-01
      vertex 1.200000e+00 6.250000e+00 6.990317e-01
    endloop
  endfacet
  facet normal 1.000000e+00 0.000000e+00 0.000000e+00
    outer loop
      vertex 1.200000e+00 6.250000e+00 6.990317e-01
      vertex 1.200000e+00 5.950000e+00 6.990317e-01
      vertex 2.770000e+00 5.740000e+00 6.990317e-01
    endloop
  endfacet
  facet normal 1.000000e+00 0.000000e+00 0.000000e+00
    outer loop
      vertex 2.770000e+00 5.740000e+00 6.990317e-01
      vertex 1.200000e+00 5.950000e+00 6.990317e-01
      vertex 2.770000e+00 5.540000e+00 6.990317e-01
    endloop
  endfacet
  facet normal 1.000000e+00 0.000000e+00 0.000000e+00
    outer loop
      vertex 2.770000e+00 5.740000e+00 6.990317e-01
      vertex 2.770000e+00 5.540000e+00 6.990317e-01
      vertex 2.870000e+00 5.540000e+00 6.990317e-01
    endloop
  endfacet
  facet normal 1.000000e+00 0.000000e+00 0.000000e+00
    outer loop
      vertex 2.870000e+00 5.540000e+00 6.990317e-01
      vertex 2.870000e+00 5.740000e+00 6.990317e-01
      vertex 2.770000e+00 5.740000e+00 6.990317e-01
    endloop
  endfacet
  facet normal -1.000000e+00 0.000000e+00 0.000000e+00
    outer loop
      vertex 9.500000e-01 5.950000e+00 5.990317e-01
      vertex 1.200000e+00 6.250000e+00 5.990317e-01
      vertex 1.200000e+00 5.950000e+00 5.990317e-01
    endloop
  endfacet
  facet normal -1.000000e+00 0.000000e+00 0.000000e+00
    outer loop
      vertex 1.200000e+00 5.950000e+00 5.990317e-01
      vertex 1.200000e+00 6.250000e+00 5.990317e-01
      vertex 2.770000e+00 5.740000e+00 5.990317e-01
    endloop
  endfacet
  facet normal -1.000000e+00 0.000000e+00 0.000000e+00
    outer loop
      vertex 1.200000e+00 5.950000e+00 5.990317e-01
      vertex 2.770000e+00 5.740000e+00 5.990317e-01
      vertex 2.770000e+00 5.540000e+00 5.990317e-01
    endloop
  endfacet
  facet normal -1.000000e+00 0.000000e+00 0.000000e+00
    outer loop
      vertex 2.770000e+00 5.540000e+00 5.990317e-01
      vertex 2.770000e+00 5.740000e+00 5.990317e-01
      vertex 2.870000e+00 5.740000e+00 5.990317e-01
    endloop
  endfacet
  facet normal -1.000000e+00 0.000000e+00 0.000000e+00
    outer loop
      vertex 2.770000e+00 5.540000e+00 5.990317e-01
      vertex 2.870000e+00 5.740000e+00 5.990317e-01
      vertex 2.870000e+00 5.540000e+00 5.990317e-01
    endloop
  endfacet
  facet normal -1.000000e+00 0.000000e+00 0.000000e+00
    outer loop
      vertex 9.500000e-01 5.950000e+00 5.990317e-01
      vertex 9.500000e-01 6.250000e+00 5.990317e-01
      vertex 1.200000e+00 6.250000e+00 5.990317e-01
    endloop
  endfacet
  facet normal 0.000000e+00 0.000000e+00 0.000000e+00
    outer loop
      vertex 9.500000e-01 5.950000e+00 5.990317e-01
      vertex 9.500000e-01 5.950000e+00 1.024032e+00
      vertex 9.500000e-01 6.250000e+00 5.990317e-01
    endloop
  endfacet
  facet normal 0.000000e+00 0.000000e+00 0.000000e+00
    outer loop
      vertex 9.500000e-01 6.250000e+00 5.990317e-01
      vertex 9.500000e-01 5.950000e+00 1.024032e+00
      vertex 9.500000e-01 6.250000e+00 1.024032e+00
    endloop
  endfacet
  facet normal 1.000000e+00 0.000000e+00 0.000000e+00
    outer loop
      vertex 1.050000e+00 6.250000e+00 1.124032e+00
      vertex -3.000000e-01 6.250000e+00 1.124032e+00
      vertex 1.050000e+00 5.950000e+00 1.124032e+00
    endloop
  endfacet
  facet normal 1.000000e+00 0.000000e+00 0.000000e+00
    outer loop
      vertex 1.050000e+00 5.950000e+00 1.124032e+00
      vertex -3.000000e-01 6.250000e+00 1.124032e+00
      vertex -3.000000e-01 5.950000e+00 1.124032e+00
    endloop
  endfacet
  facet normal 9.486833e-01 0.000000e+00 0.000000e+00
    outer loop
      vertex -3.000000e-01 6.250000e+00 1.124032e+00
      vertex -6.000000e-01 6.250000e+00 1.024032e+00
      vertex -3.000000e-01 5.950000e+00 1.124032e+00
    endloop
  endfacet
  facet normal 9.486833e-01 0.000000e+00 0.000000e+00
    outer loop
      vertex -3.000000e-01 5.950000e+00 1.124032e+00
      vertex -6.000000e-01 6.250000e+00 1.024032e+00
      vertex -6.000000e-01 5.950000e+00 1.024032e+00
    endloop
  endfacet
  facet normal 7.124705e-02 0.000000e+00 0.000000e+00
    outer loop
      vertex -6.000000e-01 6.250000e+00 1.024032e+00
      vertex -7.000000e-01 6.250000e+00 -3.759683e-01
      vertex -6.000000e-01 5.950000e+00 1.024032e+00
    endloop
  endfacet
  facet normal 7.124705e-02 0.000000e+00 0.000000e+00
    outer loop
      vertex -6.000000e-01 5.950000e+00 1.024032e+00
      vertex -7.000000e-01 6.250000e+00 -3.759683e-01
      vertex -7.000000e-01 5.950000e+00 -3.759683e-01
    endloop
  endfacet
  facet normal 1.000000e+00 0.000000e+00 0.000000e+00
    outer loop
      vertex -7.000000e-01 6.250000e+00 -3.759683e-01
      vertex -1.000000e+00 6.250000e+00 -3.759683e-01
      vertex -7.000000e-01 5.950000e+00 -3.759683e-01
    endloop
  endfacet
  facet normal 1.000000e+00 0.000000e+00 0.000000e+00
    outer loop
      vertex -7.000000e-01 5.950000e+00 -3.759683e-01
      vertex -1.000000e+00 6.250000e+00 -3.759683e-01
      vertex -1.000000e+00 5.950000e+00 -3.759683e-01
    endloop
  endfacet
  facet normal 0.000000e+00 0.000000e+00 0.000000e+00
    outer loop
      vertex -1.000000e+00 6.250000e+00 -3.759683e-01
      vertex -1.000000e+00 6.250000e+00 -4.759683e-01
      vertex -1.000000e+00 5.950000e+00 -3.759683e-01
    endloop
  endfacet
  facet normal 0.000000e+00 0.000000e+00 0.000000e+00
    outer loop
      vertex -1.000000e+00 5.950000e+00 -3.759683e-01
      vertex -1.000000e+00 6.250000e+00 -4.759683e-01
      vertex -1.000000e+00 5.950000e+00 -4.759683e-01
    endloop
  endfacet
  facet normal -1.000000e+00 0.000000e+00 0.000000e+00
    outer loop
      vertex -1.000000e+00 6.250000e+00 -4.759683e-01
      vertex -6.000000e-01 6.250000e+00 -4.759683e-01
      vertex -1.000000e+00 5.950000e+00 -4.759683e-01
    endloop
  endfacet
  facet normal -1.000000e+00 0.000000e+00 0.000000e+00
    outer loop
      vertex -1.000000e+00 5.950000e+00 -4.759683e-01
      vertex -6.000000e-01 6.250000e+00 -4.759683e-01
      vertex -6.000000e-01 5.950000e+00 -4.759683e-01
    endloop
  endfacet
  facet normal -7.024856e-02 0.000000e+00 0.000000e+00
    outer loop
      vertex -6.000000e-01 6.250000e+00 -4.759683e-01
      vertex -5.000000e-01 6.250000e+00 9.440317e-01
      vertex -6.000000e-01 5.950000e+00 -4.759683e-01
    endloop
  endfacet
  facet normal -7.024856e-02 0.000000e+00 0.000000e+00
    outer loop
      vertex -6.000000e-01 5.950000e+00 -4.759683e-01
      vertex -5.000000e-01 6.250000e+00 9.440317e-01
      vertex -5.000000e-01 5.950000e+00 9.440317e-01
    endloop
  endfacet
  facet normal -9.397934e-01 0.000000e+00 0.000000e+00
    outer loop
      vertex -5.000000e-01 6.250000e+00 9.440317e-01
      vertex -2.800000e-01 6.250000e+00 1.024032e+00
      vertex -5.000000e-01 5.950000e+00 9.440317e-01
    endloop
  endfacet
  facet normal -9.397934e-01 0.000000e+00 0.000000e+00
    outer loop
      vertex -5.000000e-01 5.950000e+00 9.440317e-01
      vertex -2.800000e-01 6.250000e+00 1.024032e+00
      vertex -2.800000e-01 5.950000e+00 1.024032e+00
    endloop
  endfacet
  facet normal -1.000000e+00 0.000000e+00 0.000000e+00
    outer loop
      vertex -2.800000e-01 6.250000e+00 1.024032e+00
      vertex 9.500000e-01 6.250000e+00 1.024032e+00
      vertex -2.800000e-01 5.950000e+00 1.024032e+00
    endloop
  endfacet
  facet normal -1.000000e+00 0.000000e+00 0.000000e+00
    outer loop
      vertex -2.800000e-01 5.950000e+00 1.024032e+00
      vertex 9.500000e-01 6.250000e+00 1.024032e+00
      vertex 9.500000e-01 5.950000e+00 1.024032e+00
    endloop
  endfacet
  facet normal 1.502787e-31 0.000000e+00 0.000000e+00
    outer loop
      vertex 1.050000e+00 6.250000e+00 1.124032e+00
      vertex 9.500000e-01 6.250000e+00 1.024032e+00
      vertex -3.000000e-01 6.250000e+00 1.124032e+00
    endloop
  endfacet
  facet normal 1.502787e-31 0.000000e+00 0.000000e+00
    outer loop
      vertex -3.000000e-01 6.250000e+00 1.124032e+00
      vertex 9.500000e-01 6.250000e+00 1.024032e+00
      vertex -2.800000e-01 6.250000e+00 1.024032e+00
    endloop
  endfacet
  facet normal 1.502787e-31 0.000000e+00 0.000000e+00
    outer loop
      vertex -3.000000e-01 6.250000e+00 1.124032e+00
      vertex -2.800000e-01 6.250000e+00 1.024032e+00
      vertex -5.000000e-01 6.250000e+00 9.440317e-01
    endloop
  endfacet
  facet normal 1.502787e-31 0.000000e+00 0.000000e+00
    outer loop
      vertex 1.050000e+00 6.250000e+00 1.124032e+00
      vertex 1.050000e+00 6.250000e+00 6.990317e-01
      vertex 9.500000e-01 6.250000e+00 1.024032e+00
    endloop
  endfacet
  facet normal 1.502787e-31 0.000000e+00 0.000000e+00
    outer loop
      vertex 9.500000e-01 6.250000e+00 1.024032e+00
      vertex 1.050000e+00 6.250000e+00 6.990317e-01
      vertex 9.500000e-01 6.250000e+00 5.990317e-01
    endloop
  endfacet
  facet normal 1.502787e-31 0.000000e+00 0.000000e+00
    outer loop
      vertex 1.200000e+00 6.250000e+00 6.990317e-01
      vertex 1.200000e+00 6.250000e+00 5.990317e-01
      vertex 1.050000e+00 6.250000e+00 6.990317e-01
    endloop
  endfacet
  facet normal 1.502787e-31 0.000000e+00 0.000000e+00
    outer loop
      vertex 1.050000e+00 6.250000e+00 6.990317e-01
      vertex 1.200000e+00 6.250000e+00 5.990317e-01
      vertex 9.500000e-01 6.250000e+00 5.990317e-01
    endloop
  endfacet
  facet normal 1.502787e-31 0.000000e+00 0.000000e+00
    outer loop
      vertex -6.000000e-01 6.250000e+00 -4.759683e-01
      vertex -7.000000e-01 6.250000e+00 -3.759683e-01
      vertex -5.000000e-01 6.250000e+00 9.440317e-01
    endloop
  endfacet
  facet normal 1.502787e-31 0.000000e+00 0.000000e+00
    outer loop
      vertex -5.000000e-01 6.250000e+00 9.440317e-01
      vertex -7.000000e-01 6.250000e+00 -3.759683e-01
      vertex -6.000000e-01 6.250000e+00 1.024032e+00
    endloop
  endfacet
  facet normal 1.502787e-31 0.000000e+00 0.000000e+00
    outer loop
      vertex -5.000000e-01 6.250000e+00 9.440317e-01
      vertex -6.000000e-01 6.250000e+00 1.024032e+00
      vertex -3.000000e-01 6.250000e+00 1.124032e+00
    endloop
  endfacet
  facet normal 1.502787e-31 0.000000e+00 0.000000e+00
    outer loop
      vertex -6.000000e-01 6.250000e+00 -4.759683e-01
      vertex -1.000000e+00 6.250000e+00 -4.759683e-01
      vertex -7.000000e-01 6.250000e+00 -3.759683e-01
    endloop
  endfacet
  facet normal 1.502787e-31 0.000000e+00 0.000000e+00
    outer loop
      vertex -7.000000e-01 6.250000e+00 -3.759683e-01
      vertex -1.000000e+00 6.250000e+00 -4.759683e-01
      vertex -1.000000e+00 6.250000e+00 -3.759683e-01
    endloop
  endfacet
  facet normal -1.502787e-31 0.000000e+00 0.000000e+00
    outer loop
      vertex 1.050000e+00 5.950000e+00 6.990317e-01
      vertex 1.050000e+00 5.950000e+00 1.124032e+00
      vertex 9.500000e-01 5.950000e+00 1.024032e+00
    endloop
  endfacet
  facet normal -1.502787e-31 0.000000e+00 0.000000e+00
    outer loop
      vertex 9.500000e-01 5.950000e+00 1.024032e+00
      vertex 1.050000e+00 5.950000e+00 1.124032e+00
      vertex -3.000000e-01 5.950000e+00 1.124032e+00
    endloop
  endfacet
  facet normal -1.502787e-31 0.000000e+00 0.000000e+00
    outer loop
      vertex 9.500000e-01 5.950000e+00 1.024032e+00
      vertex -3.000000e-01 5.950000e+00 1.124032e+00
      vertex -2.800000e-01 5.950000e+00 1.024032e+00
    endloop
  endfacet
  facet normal -1.502787e-31 0.000000e+00 0.000000e+00
    outer loop
      vertex -2.800000e-01 5.950000e+00 1.024032e+00
      vertex -3.000000e-01 5.950000e+00 1.124032e+00
      vertex -5.000000e-01 5.950000e+00 9.440317e-01
    endloop
  endfacet
  facet normal -1.502787e-31 0.000000e+00 0.000000e+00
    outer loop
      vertex -3.000000e-01 5.950000e+00 1.124032e+00
      vertex -6.000000e-01 5.950000e+00 1.024032e+00
      vertex -5.000000e-01 5.950000e+00 9.440317e-01
    endloop
  endfacet
  facet normal -1.502787e-31 0.000000e+00 0.000000e+00
    outer loop
      vertex -5.000000e-01 5.950000e+00 9.440317e-01
      vertex -6.000000e-01 5.950000e+00 1.024032e+00
      vertex -7.000000e-01 5.950000e+00 -3.759683e-01
    endloop
  endfacet
  facet normal -1.502787e-31 0.000000e+00 0.000000e+00
    outer loop
      vertex -5.000000e-01 5.950000e+00 9.440317e-01
      vertex -7.000000e-01 5.950000e+00 -3.759683e-01
      vertex -6.000000e-01 5.950000e+00 -4.759683e-01
    endloop
  endfacet
  facet normal -1.502787e-31 0.000000e+00 0.000000e+00
    outer loop
      vertex -6.000000e-01 5.950000e+00 -4.759683e-01
      vertex -7.000000e-01 5.950000e+00 -3.759683e-01
      vertex -1.000000e+00 5.950000e+00 -4.759683e-01
    endloop
  endfacet
  facet normal -1.502787e-31 0.000000e+00 0.000000e+00
    outer loop
      vertex -7.000000e-01 5.950000e+00 -3.759683e-01
      vertex -1.000000e+00 5.950000e+00 -3.759683e-01
      vertex -1.000000e+00 5.950000e+00 -4.759683e-01
    endloop
  endfacet
  facet normal -1.502787e-31 0.000000e+00 0.000000e+00
    outer loop
      vertex 9.500000e-01 5.950000e+00 1.024032e+00
      vertex 9.500000e-01 5.950000e+00 5.990317e-01
      vertex 1.050000e+00 5.950000e+00 6.990317e-01
    endloop
  endfacet
  facet normal -1.502787e-31 0.000000e+00 0.000000e+00
    outer loop
      vertex 1.050000e+00 5.950000e+00 6.990317e-01
      vertex 9.500000e-01 5.950000e+00 5.990317e-01
      vertex 1.200000e+00 5.950000e+00 5.990317e-01
    endloop
  endfacet
  facet normal -1.502787e-31 0.000000e+00 0.000000e+00
    outer loop
      vertex 1.050000e+00 5.950000e+00 6.990317e-01
      vertex 1.200000e+00 5.950000e+00 5.990317e-01
      vertex 1.200000e+00 5.950000e+00 6.990317e-01
    endloop
  endfacet
endsolid PEC:Pin_2_1
solid PEC:Pin_2_2
  facet normal 0.000000e+00 0.000000e+00 0.000000e+00
    outer loop
      vertex 4.260000e+00 2.870000e+00 6.990317e-01
      vertex 4.460000e+00 2.870000e+00 6.990317e-01
      vertex 4.260000e+00 2.870000e+00 5.990317e-01
    endloop
  endfacet
  facet normal 0.000000e+00 0.000000e+00 0.000000e+00
    outer loop
      vertex 4.260000e+00 2.870000e+00 5.990317e-01
      vertex 4.460000e+00 2.870000e+00 6.990317e-01
      vertex 4.460000e+00 2.870000e+00 5.990317e-01
    endloop
  endfacet
  facet normal -0.000000e+00 0.000000e+00 0.000000e+00
    outer loop
      vertex 4.460000e+00 2.870000e+00 6.990317e-01
      vertex 4.460000e+00 2.770000e+00 6.990317e-01
      vertex 4.460000e+00 2.870000e+00 5.990317e-01
    endloop
  endfacet
  facet normal -0.000000e+00 0.000000e+00 0.000000e+00
    outer loop
      vertex 4.460000e+00 2.870000e+00 5.990317e-01
      vertex 4.460000e+00 2.770000e+00 6.990317e-01
      vertex 4.460000e+00 2.770000e+00 5.990317e-01
    endloop
  endfacet
  facet normal -0.000000e+00 0.000000e+00 0.000000e+00
    outer loop
      vertex 4.260000e+00 2.870000e+00 5.990317e-01
      vertex 4.260000e+00 2.770000e+00 5.990317e-01
      vertex 4.260000e+00 2.870000e+00 6.990317e-01
    endloop
  endfacet
  facet normal -0.000000e+00 0.000000e+00 0.000000e+00
    outer loop
      vertex 4.260000e+00 2.870000e+00 6.990317e-01
      vertex 4.260000e+00 2.770000e+00 5.990317e-01
      vertex 4.260000e+00 2.770000e+00 6.990317e-01
    endloop
  endfacet
  facet normal 0.000000e+00 0.000000e+00 0.000000e+00
    outer loop
      vertex 4.260000e+00 2.770000e+00 6.990317e-01
      vertex 4.260000e+00 2.770000e+00 5.990317e-01
      vertex 3.750000e+00 1.200000e+00 6.990317e-01
    endloop
  endfacet
  facet normal 0.000000e+00 0.000000e+00 0.000000e+00
    outer loop
      vertex 3.750000e+00 1.200000e+00 6.990317e-01
      vertex 4.260000e+00 2.770000e+00 5.990317e-01
      vertex 3.750000e+00 1.200000e+00 5.990317e-01
    endloop
  endfacet
  facet normal 0.000000e+00 0.000000e+00 0.000000e+00
    outer loop
      vertex 4.460000e+00 2.770000e+00 5.990317e-01
      vertex 4.460000e+00 2.770000e+00 6.990317e-01
      vertex 4.050000e+00 1.200000e+00 5.990317e-01
    endloop
  endfacet
  facet normal 0.000000e+00 0.000000e+00 0.000000e+00
    outer loop
      vertex 4.050000e+00 1.200000e+00 5.990317e-01
      vertex 4.460000e+00 2.770000e+00 6.990317e-01
      vertex 4.050000e+00 1.200000e+00 6.990317e-01
    endloop
  endfacet
  facet normal 0.000000e+00 0.000000e+00 0.000000e+00
    outer loop
      vertex 4.050000e+00 1.050000e+00 1.124032e+00
      vertex 4.050000e+00 1.050000e+00 6.990317e-01
      vertex 3.750000e+00 1.050000e+00 1.124032e+00
    endloop
  endfacet
  facet normal 0.000000e+00 0.000000e+00 0.000000e+00
    outer loop
      vertex 3.750000e+00 1.050000e+00 1.124032e+00
      vertex 4.050000e+00 1.050000e+00 6.990317e-01
      vertex 3.750000e+00 1.050000e+00 6.990317e-01
    endloop
  endfacet
  facet normal 1.000000e+00 0.000000e+00 0.000000e+00
    outer loop
      vertex 4.050000e+00 1.050000e+00 6.990317e-01
      vertex 4.050000e+00 1.200000e+00 6.990317e-01
      vertex 3.750000e+00 1.050000e+00 6.990317e-01
    endloop
  endfacet
  facet normal 1.000000e+00 0.000000e+00 0.000000e+00
    outer loop
      vertex 3.750000e+00 1.050000e+00 6.990317e-01
      vertex 4.050000e+00 1.200000e+00 6.990317e-01
      vertex 3.750000e+00 1.200000e+00 6.990317e-01
    endloop
  endfacet
  facet normal 1.000000e+00 0.000000e+00 0.000000e+00
    outer loop
      vertex 3.750000e+00 1.200000e+00 6.990317e-01
      vertex 4.050000e+00 1.200000e+00 6.990317e-01
      vertex 4.260000e+00 2.770000e+00 6.990317e-01
    endloop
  endfacet
  facet normal 1.000000e+00 0.000000e+00 0.000000e+00
    outer loop
      vertex 4.260000e+00 2.770000e+00 6.990317e-01
      vertex 4.050000e+00 1.200000e+00 6.990317e-01
      vertex 4.460000e+00 2.770000e+00 6.990317e-01
    endloop
  endfacet
  facet normal 1.000000e+00 0.000000e+00 0.000000e+00
    outer loop
      vertex 4.260000e+00 2.770000e+00 6.990317e-01
      vertex 4.460000e+00 2.770000e+00 6.990317e-01
      vertex 4.460000e+00 2.870000e+00 6.990317e-01
    endloop
  endfacet
  facet normal 1.000000e+00 0.000000e+00 0.000000e+00
    outer loop
      vertex 4.460000e+00 2.870000e+00 6.990317e-01
      vertex 4.260000e+00 2.870000e+00 6.990317e-01
      vertex 4.260000e+00 2.770000e+00 6.990317e-01
    endloop
  endfacet
  facet normal -1.000000e+00 0.000000e+00 0.000000e+00
    outer loop
      vertex 4.050000e+00 9.500000e-01 5.990317e-01
      vertex 3.750000e+00 1.200000e+00 5.990317e-01
      vertex 4.050000e+00 1.200000e+00 5.990317e-01
    endloop
  endfacet
  facet normal -1.000000e+00 0.000000e+00 0.000000e+00
    outer loop
      vertex 4.050000e+00 1.200000e+00 5.990317e-01
      vertex 3.750000e+00 1.200000e+00 5.990317e-01
      vertex 4.260000e+00 2.770000e+00 5.990317e-01
    endloop
  endfacet
  facet normal -1.000000e+00 0.000000e+00 0.000000e+00
    outer loop
      vertex 4.050000e+00 1.200000e+00 5.990317e-01
      vertex 4.260000e+00 2.770000e+00 5.990317e-01
      vertex 4.460000e+00 2.770000e+00 5.990317e-01
    endloop
  endfacet
  facet normal -1.000000e+00 0.000000e+00 0.000000e+00
    outer loop
      vertex 4.460000e+00 2.770000e+00 5.990317e-01
      vertex 4.260000e+00 2.770000e+00 5.990317e-01
      vertex 4.260000e+00 2.870000e+00 5.990317e-01
    endloop
  endfacet
  facet normal -1.000000e+00 0.000000e+00 0.000000e+00
    outer loop
      vertex 4.460000e+00 2.770000e+00 5.990317e-01
      vertex 4.260000e+00 2.870000e+00 5.990317e-01
      vertex 4.460000e+00 2.870000e+00 5.990317e-01
    endloop
  endfacet
  facet normal -1.000000e+00 0.000000e+00 0.000000e+00
    outer loop
      vertex 4.050000e+00 9.500000e-01 5.990317e-01
      vertex 3.750000e+00 9.500000e-01 5.990317e-01
      vertex 3.750000e+00 1.200000e+00 5.990317e-01
    endloop
  endfacet
  facet normal 0.000000e+00 0.000000e+00 0.000000e+00
    outer loop
      vertex 4.050000e+00 9.500000e-01 5.990317e-01
      vertex 4.050000e+00 9.500000e-01 1.024032e+00
      vertex 3.750000e+00 9.500000e-01 5.990317e-01
    endloop
  endfacet
  facet normal 0.000000e+00 0.000000e+00 0.000000e+00
    outer loop
      vertex 3.750000e+00 9.500000e-01 5.990317e-01
      vertex 4.050000e+00 9.500000e-01 1.024032e+00
      vertex 3.750000e+00 9.500000e-01 1.024032e+00
    endloop
  endfacet
  facet normal 1.000000e+00 0.000000e+00 0.000000e+00
    outer loop
      vertex 3.750000e+00 1.050000e+00 1.124032e+00
      vertex 3.750000e+00 -3.000000e-01 1.124032e+00
      vertex 4.050000e+00 1.050000e+00 1.124032e+00
    endloop
  endfacet
  facet normal 1.000000e+00 0.000000e+00 0.000000e+00
    outer loop
      vertex 4.050000e+00 1.050000e+00 1.124032e+00
      vertex 3.750000e+00 -3.000000e-01 1.124032e+00
      vertex 4.050000e+00 -3.000000e-01 1.124032e+00
    endloop
  endfacet
  facet normal 9.486833e-01 0.000000e+00 0.000000e+00
    outer loop
      vertex 3.750000e+00 -3.000000e-01 1.124032e+00
      vertex 3.750000e+00 -6.000000e-01 1.024032e+00
      vertex 4.050000e+00 -3.000000e-01 1.124032e+00
    endloop
  endfacet
  facet normal 9.486833e-01 0.000000e+00 0.000000e+00
    outer loop
      vertex 4.050000e+00 -3.000000e-01 1.124032e+00
      vertex 3.750000e+00 -6.000000e-01 1.024032e+00
      vertex 4.050000e+00 -6.000000e-01 1.024032e+00
    endloop
  endfacet
  facet normal 7.124705e-02 0.000000e+00 0.000000e+00
    outer loop
      vertex 3.750000e+00 -6.000000e-01 1.024032e+00
      vertex 3.750000e+00 -7.000000e-01 -3.759683e-01
      vertex 4.050000e+00 -6.000000e-01 1.024032e+00
    endloop
  endfacet
  facet normal 7.124705e-02 0.000000e+00 0.000000e+00
    outer loop
      vertex 4.050000e+00 -6.000000e-01 1.024032e+00
      vertex 3.750000e+00 -7.000000e-01 -3.759683e-01
      vertex 4.050000e+00 -7.000000e-01 -3.759683e-01
    endloop
  endfacet
  facet normal 1.000000e+00 0.000000e+00 0.000000e+00
    outer loop
      vertex 3.750000e+00 -7.000000e-01 -3.759683e-01
      vertex 3.750000e+00 -1.000000e+00 -3.759683e-01
      vertex 4.050000e+00 -7.000000e-01 -3.759683e-01
    endloop
  endfacet
  facet normal 1.000000e+00 0.000000e+00 0.000000e+00
    outer loop
      vertex 4.050000e+00 -7.000000e-01 -3.759683e-01
      vertex 3.750000e+00 -1.000000e+00 -3.759683e-01
      vertex 4.050000e+00 -1.000000e+00 -3.759683e-01
    endloop
  endfacet
  facet normal 0.000000e+00 0.000000e+00 0.000000e+00
    outer loop
      vertex 3.750000e+00 -1.000000e+00 -3.759683e-01
      vertex 3.750000e+00 -1.000000e+00 -4.759683e-01
      vertex 4.050000e+00 -1.000000e+00 -3.759683e-01
    endloop
  endfacet
  facet normal 0.000000e+00 0.000000e+00 0.000000e+00
    outer loop
      vertex 4.050000e+00 -1.000000e+00 -3.759683e-01
      vertex 3.750000e+00 -1.000000e+00 -4.759683e-01
      vertex 4.050000e+00 -1.000000e+00 -4.759683e-01
    endloop
  endfacet
  facet normal -1.000000e+00 0.000000e+00 0.000000e+00
    outer loop
      vertex 3.750000e+00 -1.000000e+00 -4.759683e-01
      vertex 3.750000e+00 -6.000000e-01 -4.759683e-01
      vertex 4.050000e+00 -1.000000e+00 -4.759683e-01
    endloop
  endfacet
  facet normal -1.000000e+00 0.000000e+00 0.000000e+00
    outer loop
      vertex 4.050000e+00 -1.000000e+00 -4.759683e-01
      vertex 3.750000e+00 -6.000000e-01 -4.759683e-01
      vertex 4.050000e+00 -6.000000e-01 -4.759683e-01
    endloop
  endfacet
  facet normal -7.024856e-02 0.000000e+00 0.000000e+00
    outer loop
      vertex 3.750000e+00 -6.000000e-01 -4.759683e-01
      vertex 3.750000e+00 -5.000000e-01 9.440317e-01
      vertex 4.050000e+00 -6.000000e-01 -4.759683e-01
    endloop
  endfacet
  facet normal -7.024856e-02 0.000000e+00 0.000000e+00
    outer loop
      vertex 4.050000e+00 -6.000000e-01 -4.759683e-01
      vertex 3.750000e+00 -5.000000e-01 9.440317e-01
      vertex 4.050000e+00 -5.000000e-01 9.440317e-01
    endloop
  endfacet
  facet normal -9.397934e-01 0.000000e+00 0.000000e+00
    outer loop
      vertex 3.750000e+00 -5.000000e-01 9.440317e-01
      vertex 3.750000e+00 -2.800000e-01 1.024032e+00
      vertex 4.050000e+00 -5.000000e-01 9.440317e-01
    endloop
  endfacet
  facet normal -9.397934e-01 0.000000e+00 0.000000e+00
    outer loop
      vertex 4.050000e+00 -5.000000e-01 9.440317e-01
      vertex 3.750000e+00 -2.800000e-01 1.024032e+00
      vertex 4.050000e+00 -2.800000e-01 1.024032e+00
    endloop
  endfacet
  facet normal -1.000000e+00 0.000000e+00 0.000000e+00
    outer loop
      vertex 3.750000e+00 -2.800000e-01 1.024032e+00
      vertex 3.750000e+00 9.500000e-01 1.024032e+00
      vertex 4.050000e+00 -2.800000e-01 1.024032e+00
    endloop
  endfacet
  facet normal -1.000000e+00 0.000000e+00 0.000000e+00
    outer loop
      vertex 4.050000e+00 -2.800000e-01 1.024032e+00
      vertex 3.750000e+00 9.500000e-01 1.024032e+00
      vertex 4.050000e+00 9.500000e-01 1.024032e+00
    endloop
  endfacet
  facet normal 1.502787e-31 0.000000e+00 0.000000e+00
    outer loop
      vertex 3.750000e+00 1.050000e+00 1.124032e+00
      vertex 3.750000e+00 9.500000e-01 1.024032e+00
      vertex 3.750000e+00 -3.000000e-01 1.124032e+00
    endloop
  endfacet
  facet normal 1.502787e-31 0.000000e+00 0.000000e+00
    outer loop
      vertex 3.750000e+00 -3.000000e-01 1.124032e+00
      vertex 3.750000e+00 9.500000e-01 1.024032e+00
      vertex 3.750000e+00 -2.800000e-01 1.024032e+00
    endloop
  endfacet
  facet normal 1.502787e-31 0.000000e+00 0.000000e+00
    outer loop
      vertex 3.750000e+00 -3.000000e-01 1.124032e+00
      vertex 3.750000e+00 -2.800000e-01 1.024032e+00
      vertex 3.750000e+00 -5.000000e-01 9.440317e-01
    endloop
  endfacet
  facet normal 1.502787e-31 0.000000e+00 0.000000e+00
    outer loop
      vertex 3.750000e+00 1.050000e+00 1.124032e+00
      vertex 3.750000e+00 1.050000e+00 6.990317e-01
      vertex 3.750000e+00 9.500000e-01 1.024032e+00
    endloop
  endfacet
  facet normal 1.502787e-31 0.000000e+00 0.000000e+00
    outer loop
      vertex 3.750000e+00 9.500000e-01 1.024032e+00
      vertex 3.750000e+00 1.050000e+00 6.990317e-01
      vertex 3.750000e+00 9.500000e-01 5.990317e-01
    endloop
  endfacet
  facet normal 1.502787e-31 0.000000e+00 0.000000e+00
    outer loop
      vertex 3.750000e+00 1.200000e+00 6.990317e-01
      vertex 3.750000e+00 1.200000e+00 5.990317e-01
      vertex 3.750000e+00 1.050000e+00 6.990317e-01
    endloop
  endfacet
  facet normal 1.502787e-31 0.000000e+00 0.000000e+00
    outer loop
      vertex 3.750000e+00 1.050000e+00 6.990317e-01
      vertex 3.750000e+00 1.200000e+00 5.990317e-01
      vertex 3.750000e+00 9.500000e-01 5.990317e-01
    endloop
  endfacet
  facet normal 1.502787e-31 0.000000e+00 0.000000e+00
    outer loop
      vertex 3.750000e+00 -6.000000e-01 -4.759683e-01
      vertex 3.750000e+00 -7.000000e-01 -3.759683e-01
      vertex 3.750000e+00 -5.000000e-01 9.440317e-01
    endloop
  endfacet
  facet normal 1.502787e-31 0.000000e+00 0.000000e+00
    outer loop
      vertex 3.750000e+00 -5.000000e-01 9.440317e-01
      vertex 3.750000e+00 -7.000000e-01 -3.759683e-01
      vertex 3.750000e+00 -6.000000e-01 1.024032e+00
    endloop
  endfacet
  facet normal 1.502787e-31 0.000000e+00 0.000000e+00
    outer loop
      vertex 3.750000e+00 -5.000000e-01 9.440317e-01
      vertex 3.750000e+00 -6.000000e-01 1.024032e+00
      vertex 3.750000e+00 -3.000000e-01 1.124032e+00
    endloop
  endfacet
  facet normal 1.502787e-31 0.000000e+00 0.000000e+00
    outer loop
      vertex 3.750000e+00 -6.000000e-01 -4.759683e-01
      vertex 3.750000e+00 -1.000000e+00 -4.759683e-01
      vertex 3.750000e+00 -7.000000e-01 -3.759683e-01
    endloop
  endfacet
  facet normal 1.502787e-31 0.000000e+00 0.000000e+00
    outer loop
      vertex 3.750000e+00 -7.000000e-01 -3.759683e-01
      vertex 3.750000e+00 -1.000000e+00 -4.759683e-01
      vertex 3.750000e+00 -1.000000e+00 -3.759683e-01
    endloop
  endfacet
  facet normal -1.502787e-31 0.000000e+00 0.000000e+00
    outer loop
      vertex 4.050000e+00 1.050000e+00 6.990317e-01
      vertex 4.050000e+00 1.050000e+00 1.124032e+00
      vertex 4.050000e+00 9.500000e-01 1.024032e+00
    endloop
  endfacet
  facet normal -1.502787e-31 0.000000e+00 0.000000e+00
    outer loop
      vertex 4.050000e+00 9.500000e-01 1.024032e+00
      vertex 4.050000e+00 1.050000e+00 1.124032e+00
      vertex 4.050000e+00 -3.000000e-01 1.124032e+00
    endloop
  endfacet
  facet normal -1.502787e-31 0.000000e+00 0.000000e+00
    outer loop
      vertex 4.050000e+00 9.500000e-01 1.024032e+00
      vertex 4.050000e+00 -3.000000e-01 1.124032e+00
      vertex 4.050000e+00 -2.800000e-01 1.024032e+00
    endloop
  endfacet
  facet normal -1.502787e-31 0.000000e+00 0.000000e+00
    outer loop
      vertex 4.050000e+00 -2.800000e-01 1.024032e+00
      vertex 4.050000e+00 -3.000000e-01 1.124032e+00
      vertex 4.050000e+00 -5.000000e-01 9.440317e-01
    endloop
  endfacet
  facet normal -1.502787e-31 0.000000e+00 0.000000e+00
    outer loop
      vertex 4.050000e+00 -3.000000e-01 1.124032e+00
      vertex 4.050000e+00 -6.000000e-01 1.024032e+00
      vertex 4.050000e+00 -5.000000e-01 9.440317e-01
    endloop
  endfacet
  facet normal -1.502787e-31 0.000000e+00 0.000000e+00
    outer loop
      vertex 4.050000e+00 -5.000000e-01 9.440317e-01
      vertex 4.050000e+00 -6.000000e-01 1.024032e+00
      vertex 4.050000e+00 -7.000000e-01 -3.759683e-01
    endloop
  endfacet
  facet normal -1.502787e-31 0.000000e+00 0.000000e+00
    outer loop
      vertex 4.050000e+00 -5.000000e-01 9.440317e-01
      vertex 4.050000e+00 -7.000000e-01 -3.759683e-01
      vertex 4.050000e+00 -6.000000e-01 -4.759683e-01
    endloop
  endfacet
  facet normal -1.502787e-31 0.000000e+00 0.000000e+00
    outer loop
      vertex 4.050000e+00 -6.000000e-01 -4.759683e-01
      vertex 4.050000e+00 -7.000000e-01 -3.759683e-01
      vertex 4.050000e+00 -1.000000e+00 -4.759683e-01
    endloop
  endfacet
  facet normal -1.502787e-31 0.000000e+00 0.000000e+00
    outer loop
      vertex 4.050000e+00 -7.000000e-01 -3.759683e-01
      vertex 4.050000e+00 -1.000000e+00 -3.759683e-01
      vertex 4.050000e+00 -1.000000e+00 -4.759683e-01
    endloop
  endfacet
  facet normal -1.502787e-31 0.000000e+00 0.000000e+00
    outer loop
      vertex 4.050000e+00 9.500000e-01 1.024032e+00
      vertex 4.050000e+00 9.500000e-01 5.990317e-01
      vertex 4.050000e+00 1.050000e+00 6.990317e-01
    endloop
  endfacet
  facet normal -1.502787e-31 0.000000e+00 0.000000e+00
    outer loop
      vertex 4.050000e+00 1.050000e+00 6.990317e-01
      vertex 4.050000e+00 9.500000e-01 5.990317e-01
      vertex 4.050000e+00 1.200000e+00 5.990317e-01
    endloop
  endfacet
  facet normal -1.502787e-31 0.000000e+00 0.000000e+00
    outer loop
      vertex 4.050000e+00 1.050000e+00 6.990317e-01
      vertex 4.050000e+00 1.200000e+00 5.990317e-01
      vertex 4.050000e+00 1.200000e+00 6.990317e-01
    endloop
  endfacet
endsolid PEC:Pin_2_2
solid PEC:Pin_2_3
  facet normal 0.000000e+00 0.000000e+00 0.000000e+00
    outer loop
      vertex 7.130000e+00 4.260000e+00 6.990317e-01
      vertex 7.130000e+00 4.460000e+00 6.990317e-01
      vertex 7.130000e+00 4.260000e+00 5.990317e-01
    endloop
  endfacet
  facet normal 0.000000e+00 0.000000e+00 0.000000e+00
    outer loop
      vertex 7.130000e+00 4.260000e+00 5.990317e-01
      vertex 7.130000e+00 4.460000e+00 6.990317e-01
      vertex 7.130000e+00 4.460000e+00 5.990317e-01
    endloop
  endfacet
  facet normal -0.000000e+00 0.000000e+00 0.000000e+00
    outer loop
      vertex 7.130000e+00 4.460000e+00 6.990317e-01
      vertex 7.230000e+00 4.460000e+00 6.990317e-01
      vertex 7.130000e+00 4.460000e+00 5.990317e-01
    endloop
  endfacet
  facet normal -0.000000e+00 0.000000e+00 0.000000e+00
    outer loop
      vertex 7.130000e+00 4.460000e+00 5.990317e-01
      vertex 7.230000e+00 4.460000e+00 6.990317e-01
      vertex 7.230000e+00 4.460000e+00 5.990317e-01
    endloop
  endfacet
  facet normal -0.000000e+00 0.000000e+00 0.000000e+00
    outer loop
      vertex 7.130000e+00 4.260000e+00 5.990317e-01
      vertex 7.230000e+00 4.260000e+00 5.990317e-01
      vertex 7.130000e+00 4.260000e+00 6.990317e-01
    endloop
  endfacet
  facet normal -0.000000e+00 0.000000e+00 0.000000e+00
    outer loop
      vertex 7.130000e+00 4.260000e+00 6.990317e-01
      vertex 7.230000e+00 4.260000e+00 5.990317e-01
      vertex 7.230000e+00 4.260000e+00 6.990317e-01
    endloop
  endfacet
  facet normal 0.000000e+00 0.000000e+00 0.000000e+00
    outer loop
      vertex 7.230000e+00 4.260000e+00 6.990317e-01
      vertex 7.230000e+00 4.260000e+00 5.990317e-01
      vertex 8.800000e+00 3.750000e+00 6.990317e-01
    endloop
  endfacet
  facet normal 0.000000e+00 0.000000e+00 0.000000e+00
    outer loop
      vertex 8.800000e+00 3.750000e+00 6.990317e-01
      vertex 7.230000e+00 4.260000e+00 5.990317e-01
      vertex 8.800000e+00 3.750000e+00 5.990317e-01
    endloop
  endfacet
  facet normal 0.000000e+00 0.000000e+00 0.000000e+00
    outer loop
      vertex 7.230000e+00 4.460000e+00 5.990317e-01
      vertex 7.230000e+00 4.460000e+00 6.990317e-01
      vertex 8.800000e+00 4.050000e+00 5.990317e-01
    endloop
  endfacet
  facet normal 0.000000e+00 0.000000e+00 0.000000e+00
    outer loop
      vertex 8.800000e+00 4.050000e+00 5.990317e-01
      vertex 7.230000e+00 4.460000e+00 6.990317e-01
      vertex 8.800000e+00 4.050000e+00 6.990317e-01
    endloop
  endfacet
  facet normal 0.000000e+00 0.000000e+00 0.000000e+00
    outer loop
      vertex 8.950000e+00 4.050000e+00 1.124032e+00
      vertex 8.950000e+00 4.050000e+00 6.990317e-01
      vertex 8.950000e+00 3.750000e+00 1.124032e+00
    endloop
  endfacet
  facet normal 0.000000e+00 0.000000e+00 0.000000e+00
    outer loop
      vertex 8.950000e+00 3.750000e+00 1.124032e+00
      vertex 8.950000e+00 4.050000e+00 6.990317e-01
      vertex 8.950000e+00 3.750000e+00 6.990317e-01
    endloop
  endfacet
  facet normal 1.000000e+00 0.000000e+00 0.000000e+00
    outer loop
      vertex 8.950000e+00 4.050000e+00 6.990317e-01
      vertex 8.800000e+00 4.050000e+00 6.990317e-01
      vertex 8.950000e+00 3.750000e+00 6.990317e-01
    endloop
  endfacet
  facet normal 1.000000e+00 0.000000e+00 0.000000e+00
    outer loop
      vertex 8.950000e+00 3.750000e+00 6.990317e-01
      vertex 8.800000e+00 4.050000e+00 6.990317e-01
      vertex 8.800000e+00 3.750000e+00 6.990317e-01
    endloop
  endfacet
  facet normal 1.000000e+00 0.000000e+00 0.000000e+00
    outer loop
      vertex 8.800000e+00 3.750000e+00 6.990317e-01
      vertex 8.800000e+00 4.050000e+00 6.990317e-01
      vertex 7.230000e+00 4.260000e+00 6.990317e-01
    endloop
  endfacet
  facet normal 1.000000e+00 0.000000e+00 0.000000e+00
    outer loop
      vertex 7.230000e+00 4.260000e+00 6.990317e-01
      vertex 8.800000e+00 4.050000e+00 6.990317e-01
      vertex 7.230000e+00 4.460000e+00 6.990317e-01
    endloop
  endfacet
  facet normal 1.000000e+00 0.000000e+00 0.000000e+00
    outer loop
      vertex 7.230000e+00 4.260000e+00 6.990317e-01
      vertex 7.230000e+00 4.460000e+00 6.990317e-01
      vertex 7.130000e+00 4.460000e+00 6.990317e-01
    endloop
  endfacet
  facet normal 1.000000e+00 0.000000e+00 0.000000e+00
    outer loop
      vertex 7.130000e+00 4.460000e+00 6.990317e-01
      vertex 7.130000e+00 4.260000e+00 6.990317e-01
      vertex 7.230000e+00 4.260000e+00 6.990317e-01
    endloop
  endfacet
  facet normal -1.000000e+00 0.000000e+00 0.000000e+00
    outer loop
      vertex 9.050000e+00 4.050000e+00 5.990317e-01
      vertex 8.800000e+00 3.750000e+00 5.990317e-01
      vertex 8.800000e+00 4.050000e+00 5.990317e-01
    endloop
  endfacet
  facet normal -1.000000e+00 0.000000e+00 0.000000e+00
    outer loop
      vertex 8.800000e+00 4.050000e+00 5.990317e-01
      vertex 8.800000e+00 3.750000e+00 5.990317e-01
      vertex 7.230000e+00 4.260000e+00 5.990317e-01
    endloop
  endfacet
  facet normal -1.000000e+00 0.000000e+00 0.000000e+00
    outer loop
      vertex 8.800000e+00 4.050000e+00 5.990317e-01
      vertex 7.230000e+00 4.260000e+00 5.990317e-01
      vertex 7.230000e+00 4.460000e+00 5.990317e-01
    endloop
  endfacet
  facet normal -1.000000e+00 0.000000e+00 0.000000e+00
    outer loop
      vertex 7.230000e+00 4.460000e+00 5.990317e-01
      vertex 7.230000e+00 4.260000e+00 5.990317e-01
      vertex 7.130000e+00 4.260000e+00 5.990317e-01
    endloop
  endfacet
  facet normal -1.000000e+00 0.000000e+00 0.000000e+00
    outer loop
      vertex 7.230000e+00 4.460000e+00 5.990317e-01
      vertex 7.130000e+00 4.260000e+00 5.990317e-01
      vertex 7.130000e+00 4.460000e+00 5.990317e-01
    endloop
  endfacet
  facet normal -1.000000e+00 0.000000e+00 0.000000e+00
    outer loop
      vertex 9.050000e+00 4.050000e+00 5.990317e-01
      vertex 9.050000e+00 3.750000e+00 5.990317e-01
      vertex 8.800000e+00 3.750000e+00 5.990317e-01
    endloop
  endfacet
  facet normal 0.000000e+00 0.000000e+00 0.000000e+00
    outer loop
      vertex 9.050000e+00 4.050000e+00 5.990317e-01
      vertex 9.050000e+00 4.050000e+00 1.024032e+00
      vertex 9.050000e+00 3.750000e+00 5.990317e-01
    endloop
  endfacet
  facet normal 0.000000e+00 0.000000e+00 0.000000e+00
    outer loop
      vertex 9.050000e+00 3.750000e+00 5.990317e-01
      vertex 9.050000e+00 4.050000e+00 1.024032e+00
      vertex 9.050000e+00 3.750000e+00 1.024032e+00
    endloop
  endfacet
  facet normal 1.000000e+00 0.000000e+00 0.000000e+00
    outer loop
      vertex 8.950000e+00 3.750000e+00 1.124032e+00
      vertex 1.030000e+01 3.750000e+00 1.124032e+00
      vertex 8.950000e+00 4.050000e+00 1.124032e+00
    endloop
  endfacet
  facet normal 1.000000e+00 0.000000e+00 0.000000e+00
    outer loop
      vertex 8.950000e+00 4.050000e+00 1.124032e+00
      vertex 1.030000e+01 3.750000e+00 1.124032e+00
      vertex 1.030000e+01 4.050000e+00 1.124032e+00
    endloop
  endfacet
  facet normal 9.486833e-01 0.000000e+00 0.000000e+00
    outer loop
      vertex 1.030000e+01 3.750000e+00 1.124032e+00
      vertex 1.060000e+01 3.750000e+00 1.024032e+00
      vertex 1.030000e+01 4.050000e+00 1.124032e+00
    endloop
  endfacet
  facet normal 9.486833e-01 0.000000e+00 0.000000e+00
    outer loop
      vertex 1.030000e+01 4.050000e+00 1.124032e+00
      vertex 1.060000e+01 3.750000e+00 1.024032e+00
      vertex 1.060000e+01 4.050000e+00 1.024032e+00
    endloop
  endfacet
  facet normal 7.124705e-02 0.000000e+00 0.000000e+00
    outer loop
      vertex 1.060000e+01 3.750000e+00 1.024032e+00
      vertex 1.070000e+01 3.750000e+00 -3.759683e-01
      vertex 1.060000e+01 4.050000e+00 1.024032e+00
    endloop
  endfacet
  facet normal 7.124705e-02 0.000000e+00 0.000000e+00
    outer loop
      vertex 1.060000e+01 4.050000e+00 1.024032e+00
      vertex 1.070000e+01 3.750000e+00 -3.759683e-01
      vertex 1.070000e+01 4.050000e+00 -3.759683e-01
    endloop
  endfacet
  facet normal 1.000000e+00 0.000000e+00 0.000000e+00
    outer loop
      vertex 1.070000e+01 3.750000e+00 -3.759683e-01
      vertex 1.100000e+01 3.750000e+00 -3.759683e-01
      vertex 1.070000e+01 4.050000e+00 -3.759683e-01
    endloop
  endfacet
  facet normal 1.000000e+00 0.000000e+00 0.000000e+00
    outer loop
      vertex 1.070000e+01 4.050000e+00 -3.759683e-01
      vertex 1.100000e+01 3.750000e+00 -3.759683e-01
      vertex 1.100000e+01 4.050000e+00 -3.759683e-01
    endloop
  endfacet
  facet normal 0.000000e+00 0.000000e+00 0.000000e+00
    outer loop
      vertex 1.100000e+01 3.750000e+00 -3.759683e-01
      vertex 1.100000e+01 3.750000e+00 -4.759683e-01
      vertex 1.100000e+01 4.050000e+00 -3.759683e-01
    endloop
  endfacet
  facet normal 0.000000e+00 0.000000e+00 0.000000e+00
    outer loop
      vertex 1.100000e+01 4.050000e+00 -3.759683e-01
      vertex 1.100000e+01 3.750000e+00 -4.759683e-01
      vertex 1.100000e+01 4.050000e+00 -4.759683e-01
    endloop
  endfacet
  facet normal -1.000000e+00 0.000000e+00 0.000000e+00
    outer loop
      vertex 1.100000e+01 3.750000e+00 -4.759683e-01
      vertex 1.060000e+01 3.750000e+00 -4.759683e-01
      vertex 1.100000e+01 4.050000e+00 -4.759683e-01
    endloop
  endfacet
  facet normal -1.000000e+00 0.000000e+00 0.000000e+00
    outer loop
      vertex 1.100000e+01 4.050000e+00 -4.759683e-01
      vertex 1.060000e+01 3.750000e+00 -4.759683e-01
      vertex 1.060000e+01 4.050000e+00 -4.759683e-01
    endloop
  endfacet
  facet normal -7.024856e-02 0.000000e+00 0.000000e+00
    outer loop
      vertex 1.060000e+01 3.750000e+00 -4.759683e-01
      vertex 1.050000e+01 3.750000e+00 9.440317e-01
      vertex 1.060000e+01 4.050000e+00 -4.759683e-01
    endloop
  endfacet
  facet normal -7.024856e-02 0.000000e+00 0.000000e+00
    outer loop
      vertex 1.060000e+01 4.050000e+00 -4.759683e-01
      vertex 1.050000e+01 3.750000e+00 9.440317e-01
      vertex 1.050000e+01 4.050000e+00 9.440317e-01
    endloop
  endfacet
  facet normal -9.397934e-01 0.000000e+00 0.000000e+00
    outer loop
      vertex 1.050000e+01 3.750000e+00 9.440317e-01
      vertex 1.028000e+01 3.750000e+00 1.024032e+00
      vertex 1.050000e+01 4.050000e+00 9.440317e-01
    endloop
  endfacet
  facet normal -9.397934e-01 0.000000e+00 0.000000e+00
    outer loop
      vertex 1.050000e+01 4.050000e+00 9.440317e-01
      vertex 1.028000e+01 3.750000e+00 1.024032e+00
      vertex 1.028000e+01 4.050000e+00 1.024032e+00
    endloop
  endfacet
  facet normal -1.000000e+00 0.000000e+00 0.000000e+00
    outer loop
      vertex 1.028000e+01 3.750000e+00 1.024032e+00
      vertex 9.050000e+00 3.750000e+00 1.024032e+00
      vertex 1.028000e+01 4.050000e+00 1.024032e+00
    endloop
  endfacet
  facet normal -1.000000e+00 0.000000e+00 0.000000e+00
    outer loop
      vertex 1.028000e+01 4.050000e+00 1.024032e+00
      vertex 9.050000e+00 3.750000e+00 1.024032e+00
      vertex 9.050000e+00 4.050000e+00 1.024032e+00
    endloop
  endfacet
  facet normal 1.502787e-31 0.000000e+00 0.000000e+00
    outer loop
      vertex 8.950000e+00 3.750000e+00 1.124032e+00
      vertex 9.050000e+00 3.750000e+00 1.024032e+00
      vertex 1.030000e+01 3.750000e+00 1.124032e+00
    endloop
  endfacet
  facet normal 1.502787e-31 0.000000e+00 0.000000e+00
    outer loop
      vertex 1.030000e+01 3.750000e+00 1.124032e+00
      vertex 9.050000e+00 3.750000e+00 1.024032e+00
      vertex 1.028000e+01 3.750000e+00 1.024032e+00
    endloop
  endfacet
  facet normal 1.502787e-31 0.000000e+00 0.000000e+00
    outer loop
      vertex 1.030000e+01 3.750000e+00 1.124032e+00
      vertex 1.028000e+01 3.750000e+00 1.024032e+00
      vertex 1.050000e+01 3.750000e+00 9.440317e-01
    endloop
  endfacet
  facet normal 1.502787e-31 0.000000e+00 0.000000e+00
    outer loop
      vertex 8.950000e+00 3.750000e+00 1.124032e+00
      vertex 8.950000e+00 3.750000e+00 6.990317e-01
      vertex 9.050000e+00 3.750000e+00 1.024032e+00
    endloop
  endfacet
  facet normal 1.502787e-31 0.000000e+00 0.000000e+00
    outer loop
      vertex 9.050000e+00 3.750000e+00 1.024032e+00
      vertex 8.950000e+00 3.750000e+00 6.990317e-01
      vertex 9.050000e+00 3.750000e+00 5.990317e-01
    endloop
  endfacet
  facet normal 1.502787e-31 0.000000e+00 0.000000e+00
    outer loop
      vertex 8.800000e+00 3.750000e+00 6.990317e-01
      vertex 8.800000e+00 3.750000e+00 5.990317e-01
      vertex 8.950000e+00 3.750000e+00 6.990317e-01
    endloop
  endfacet
  facet normal 1.502787e-31 0.000000e+00 0.000000e+00
    outer loop
      vertex 8.950000e+00 3.750000e+00 6.990317e-01
      vertex 8.800000e+00 3.750000e+00 5.990317e-01
      vertex 9.050000e+00 3.750000e+00 5.990317e-01
    endloop
  endfacet
  facet normal 1.502787e-31 0.000000e+00 0.000000e+00
    outer loop
      vertex 1.060000e+01 3.750000e+00 -4.759683e-01
      vertex 1.070000e+01 3.750000e+00 -3.759683e-01
      vertex 1.050000e+01 3.750000e+00 9.440317e-01
    endloop
  endfacet
  facet normal 1.502787e-31 0.000000e+00 0.000000e+00
    outer loop
      vertex 1.050000e+01 3.750000e+00 9.440317e-01
      vertex 1.070000e+01 3.750000e+00 -3.759683e-01
      vertex 1.060000e+01 3.750000e+00 1.024032e+00
    endloop
  endfacet
  facet normal 1.502787e-31 0.000000e+00 0.000000e+00
    outer loop
      vertex 1.050000e+01 3.750000e+00 9.440317e-01
      vertex 1.060000e+01 3.750000e+00 1.024032e+00
      vertex 1.030000e+01 3.750000e+00 1.124032e+00
    endloop
  endfacet
  facet normal 1.502787e-31 0.000000e+00 0.000000e+00
    outer loop
      vertex 1.060000e+01 3.750000e+00 -4.759683e-01
      vertex 1.100000e+01 3.750000e+00 -4.759683e-01
      vertex 1.070000e+01 3.750000e+00 -3.759683e-01
    endloop
  endfacet
  facet normal 1.502787e-31 0.000000e+00 0.000000e+00
    outer loop
      vertex 1.070000e+01 3.750000e+00 -3.759683e-01
      vertex 1.100000e+01 3.750000e+00 -4.759683e-01
      vertex 1.100000e+01 3.750000e+00 -3.759683e-01
    endloop
  endfacet
  facet normal -1.502787e-31 0.000000e+00 0.000000e+00
    outer loop
      vertex 8.950000e+00 4.050000e+00 6.990317e-01
      vertex 8.950000e+00 4.050000e+00 1.124032e+00
      vertex 9.050000e+00 4.050000e+00 1.024032e+00
    endloop
  endfacet
  facet normal -1.502787e-31 0.000000e+00 0.000000e+00
    outer loop
      vertex 9.050000e+00 4.050000e+00 1.024032e+00
      vertex 8.950000e+00 4.050000e+00 1.124032e+00
      vertex 1.030000e+01 4.050000e+00 1.124032e+00
    endloop
  endfacet
  facet normal -1.502787e-31 0.000000e+00 0.000000e+00
    outer loop
      vertex 9.050000e+00 4.050000e+00 1.024032e+00
      vertex 1.030000e+01 4.050000e+00 1.124032e+00
      vertex 1.028000e+01 4.050000e+00 1.024032e+00
    endloop
  endfacet
  facet normal -1.502787e-31 0.000000e+00 0.000000e+00
    outer loop
      vertex 1.028000e+01 4.050000e+00 1.024032e+00
      vertex 1.030000e+01 4.050000e+00 1.124032e+00
      vertex 1.050000e+01 4.050000e+00 9.440317e-01
    endloop
  endfacet
  facet normal -1.502787e-31 5.184804e-43 -1.297047e+19
    outer loop
      vertex 1.030000e+01 4.050000e+00 1.124032e+00
      vertex 1.060000e+01 4.050000e+00 1.024032e+00
      vertex 1.050000e+01 4.050000e+00 9.440317e-01
    endloop
  endfacet
  facet normal -1.502787e-31 0.000000e+00 0.000000e+00
    outer loop
      vertex 1.050000e+01 4.050000e+00 9.440317e-01
      vertex 1.060000e+01 4.050000e+00 1.024032e+00
      vertex 1.070000e+01 4.050000e+00 -3.759683e-01
    endloop
  endfacet
  facet normal -1.502787e-31 0.000000e+00 0.000000e+00
    outer loop
      vertex 1.050000e+01 4.050000e+00 9.440317e-01
      vertex 1.070000e+01 4.050000e+00 -3.759683e-01
      vertex 1.060000e+01 4.050000e+00 -4.759683e-01
    endloop
  endfacet
  facet normal -1.502787e-31 0.000000e+00 0.000000e+00
    outer loop
      vertex 1.060000e+01 4.050000e+00 -4.759683e-01
      vertex 1.070000e+01 4.050000e+00 -3.759683e-01
      vertex 1.100000e+01 4.050000e+00 -4.759683e-01
    endloop
  endfacet
  facet normal -1.502787e-31 0.000000e+00 0.000000e+00
    outer loop
      vertex 1.070000e+01 4.050000e+00 -3.759683e-01
      vertex 1.100000e+01 4.050000e+00 -3.759683e-01
      vertex 1.100000e+01 4.050000e+00 -4.759683e-01
    endloop
  endfacet
  facet normal -1.502787e-31 0.000000e+00 0.000000e+00
    outer loop
      vertex 9.050000e+00 4.050000e+00 1.024032e+00
      vertex 9.050000e+00 4.050000e+00 5.990317e-01
      vertex 8.950000e+00 4.050000e+00 6.990317e-01
    endloop
  endfacet
  facet normal -1.502787e-31 0.000000e+00 0.000000e+00
    outer loop
      vertex 8.950000e+00 4.050000e+00 6.990317e-01
      vertex 9.050000e+00 4.050000e+00 5.990317e-01
      vertex 8.800000e+00 4.050000e+00 5.990317e-01
    endloop
  endfacet
  facet normal -1.502787e-31 0.000000e+00 0.000000e+00
    outer loop
      vertex 8.950000e+00 4.050000e+00 6.990317e-01
      vertex 8.800000e+00 4.050000e+00 5.990317e-01
      vertex 8.800000e+00 4.050000e+00 6.990317e-01
    endloop
  endfacet
endsolid PEC:Pin_2_3
solid PEC:Pin_3_1
  facet normal 0.000000e+00 0.000000e+00 0.000000e+00
    outer loop
      vertex 2.870000e+00 6.060000e+00 6.990317e-01
      vertex 2.870000e+00 5.860000e+00 6.990317e-01
      vertex 2.870000e+00 6.060000e+00 5.990317e-01
    endloop
  endfacet
  facet normal 0.000000e+00 0.000000e+00 0.000000e+00
    outer loop
      vertex 2.870000e+00 6.060000e+00 5.990317e-01
      vertex 2.870000e+00 5.860000e+00 6.990317e-01
      vertex 2.870000e+00 5.860000e+00 5.990317e-01
    endloop
  endfacet
  facet normal -0.000000e+00 0.000000e+00 0.000000e+00
    outer loop
      vertex 2.870000e+00 5.860000e+00 6.990317e-01
      vertex 2.770000e+00 5.860000e+00 6.990317e-01
      vertex 2.870000e+00 5.860000e+00 5.990317e-01
    endloop
  endfacet
  facet normal -0.000000e+00 0.000000e+00 0.000000e+00
    outer loop
      vertex 2.870000e+00 5.860000e+00 5.990317e-01
      vertex 2.770000e+00 5.860000e+00 6.990317e-01
      vertex 2.770000e+00 5.860000e+00 5.990317e-01
    endloop
  endfacet
  facet normal -0.000000e+00 0.000000e+00 0.000000e+00
    outer loop
      vertex 2.870000e+00 6.060000e+00 5.990317e-01
      vertex 2.770000e+00 6.060000e+00 5.990317e-01
      vertex 2.870000e+00 6.060000e+00 6.990317e-01
    endloop
  endfacet
  facet normal -0.000000e+00 0.000000e+00 0.000000e+00
    outer loop
      vertex 2.870000e+00 6.060000e+00 6.990317e-01
      vertex 2.770000e+00 6.060000e+00 5.990317e-01
      vertex 2.770000e+00 6.060000e+00 6.990317e-01
    endloop
  endfacet
  facet normal 0.000000e+00 0.000000e+00 0.000000e+00
    outer loop
      vertex 2.770000e+00 6.060000e+00 6.990317e-01
      vertex 2.770000e+00 6.060000e+00 5.990317e-01
      vertex 1.200000e+00 6.800000e+00 6.990317e-01
    endloop
  endfacet
  facet normal 0.000000e+00 0.000000e+00 0.000000e+00
    outer loop
      vertex 1.200000e+00 6.800000e+00 6.990317e-01
      vertex 2.770000e+00 6.060000e+00 5.990317e-01
      vertex 1.200000e+00 6.800000e+00 5.990317e-01
    endloop
  endfacet
  facet normal 0.000000e+00 0.000000e+00 0.000000e+00
    outer loop
      vertex 2.770000e+00 5.860000e+00 5.990317e-01
      vertex 2.770000e+00 5.860000e+00 6.990317e-01
      vertex 1.200000e+00 6.500000e+00 5.990317e-01
    endloop
  endfacet
  facet normal 0.000000e+00 0.000000e+00 0.000000e+00
    outer loop
      vertex 1.200000e+00 6.500000e+00 5.990317e-01
      vertex 2.770000e+00 5.860000e+00 6.990317e-01
      vertex 1.200000e+00 6.500000e+00 6.990317e-01
    endloop
  endfacet
  facet normal 0.000000e+00 0.000000e+00 0.000000e+00
    outer loop
      vertex 1.050000e+00 6.500000e+00 1.124032e+00
      vertex 1.050000e+00 6.500000e+00 6.990317e-01
      vertex 1.050000e+00 6.800000e+00 1.124032e+00
    endloop
  endfacet
  facet normal 0.000000e+00 0.000000e+00 0.000000e+00
    outer loop
      vertex 1.050000e+00 6.800000e+00 1.124032e+00
      vertex 1.050000e+00 6.500000e+00 6.990317e-01
      vertex 1.050000e+00 6.800000e+00 6.990317e-01
    endloop
  endfacet
  facet normal 1.000000e+00 0.000000e+00 0.000000e+00
    outer loop
      vertex 1.050000e+00 6.500000e+00 6.990317e-01
      vertex 1.200000e+00 6.500000e+00 6.990317e-01
      vertex 1.050000e+00 6.800000e+00 6.990317e-01
    endloop
  endfacet
  facet normal 1.000000e+00 0.000000e+00 0.000000e+00
    outer loop
      vertex 1.050000e+00 6.800000e+00 6.990317e-01
      vertex 1.200000e+00 6.500000e+00 6.990317e-01
      vertex 1.200000e+00 6.800000e+00 6.990317e-01
    endloop
  endfacet
  facet normal 1.000000e+00 0.000000e+00 0.000000e+00
    outer loop
      vertex 1.200000e+00 6.800000e+00 6.990317e-01
      vertex 1.200000e+00 6.500000e+00 6.990317e-01
      vertex 2.770000e+00 6.060000e+00 6.990317e-01
    endloop
  endfacet
  facet normal 1.000000e+00 0.000000e+00 0.000000e+00
    outer loop
      vertex 2.770000e+00 6.060000e+00 6.990317e-01
      vertex 1.200000e+00 6.500000e+00 6.990317e-01
      vertex 2.770000e+00 5.860000e+00 6.990317e-01
    endloop
  endfacet
  facet normal 1.000000e+00 0.000000e+00 0.000000e+00
    outer loop
      vertex 2.770000e+00 6.060000e+00 6.990317e-01
      vertex 2.770000e+00 5.860000e+00 6.990317e-01
      vertex 2.870000e+00 5.860000e+00 6.990317e-01
    endloop
  endfacet
  facet normal 1.000000e+00 0.000000e+00 0.000000e+00
    outer loop
      vertex 2.870000e+00 5.860000e+00 6.990317e-01
      vertex 2.870000e+00 6.060000e+00 6.990317e-01
      vertex 2.770000e+00 6.060000e+00 6.990317e-01
    endloop
  endfacet
  facet normal -1.000000e+00 0.000000e+00 0.000000e+00
    outer loop
      vertex 9.500000e-01 6.500000e+00 5.990317e-01
      vertex 1.200000e+00 6.800000e+00 5.990317e-01
      vertex 1.200000e+00 6.500000e+00 5.990317e-01
    endloop
  endfacet
  facet normal -1.000000e+00 0.000000e+00 0.000000e+00
    outer loop
      vertex 1.200000e+00 6.500000e+00 5.990317e-01
      vertex 1.200000e+00 6.800000e+00 5.990317e-01
      vertex 2.770000e+00 6.060000e+00 5.990317e-01
    endloop
  endfacet
  facet normal -1.000000e+00 0.000000e+00 0.000000e+00
    outer loop
      vertex 1.200000e+00 6.500000e+00 5.990317e-01
      vertex 2.770000e+00 6.060000e+00 5.990317e-01
      vertex 2.770000e+00 5.860000e+00 5.990317e-01
    endloop
  endfacet
  facet normal -1.000000e+00 0.000000e+00 0.000000e+00
    outer loop
      vertex 2.770000e+00 5.860000e+00 5.990317e-01
      vertex 2.770000e+00 6.060000e+00 5.990317e-01
      vertex 2.870000e+00 6.060000e+00 5.990317e-01
    endloop
  endfacet
  facet normal -1.000000e+00 0.000000e+00 0.000000e+00
    outer loop
      vertex 2.770000e+00 5.860000e+00 5.990317e-01
      vertex 2.870000e+00 6.060000e+00 5.990317e-01
      vertex 2.870000e+00 5.860000e+00 5.990317e-01
    endloop
  endfacet
  facet normal -1.000000e+00 0.000000e+00 0.000000e+00
    outer loop
      vertex 9.500000e-01 6.500000e+00 5.990317e-01
      vertex 9.500000e-01 6.800000e+00 5.990317e-01
      vertex 1.200000e+00 6.800000e+00 5.990317e-01
    endloop
  endfacet
  facet normal 0.000000e+00 0.000000e+00 0.000000e+00
    outer loop
      vertex 9.500000e-01 6.500000e+00 5.990317e-01
      vertex 9.500000e-01 6.500000e+00 1.024032e+00
      vertex 9.500000e-01 6.800000e+00 5.990317e-01
    endloop
  endfacet
  facet normal 0.000000e+00 0.000000e+00 0.000000e+00
    outer loop
      vertex 9.500000e-01 6.800000e+00 5.990317e-01
      vertex 9.500000e-01 6.500000e+00 1.024032e+00
      vertex 9.500000e-01 6.800000e+00 1.024032e+00
    endloop
  endfacet
  facet normal 1.000000e+00 0.000000e+00 0.000000e+00
    outer loop
      vertex 1.050000e+00 6.800000e+00 1.124032e+00
      vertex -3.000000e-01 6.800000e+00 1.124032e+00
      vertex 1.050000e+00 6.500000e+00 1.124032e+00
    endloop
  endfacet
  facet normal 1.000000e+00 0.000000e+00 0.000000e+00
    outer loop
      vertex 1.050000e+00 6.500000e+00 1.124032e+00
      vertex -3.000000e-01 6.800000e+00 1.124032e+00
      vertex -3.000000e-01 6.500000e+00 1.124032e+00
    endloop
  endfacet
  facet normal 9.486833e-01 0.000000e+00 0.000000e+00
    outer loop
      vertex -3.000000e-01 6.800000e+00 1.124032e+00
      vertex -6.000000e-01 6.800000e+00 1.024032e+00
      vertex -3.000000e-01 6.500000e+00 1.124032e+00
    endloop
  endfacet
  facet normal 9.486833e-01 0.000000e+00 0.000000e+00
    outer loop
      vertex -3.000000e-01 6.500000e+00 1.124032e+00
      vertex -6.000000e-01 6.800000e+00 1.024032e+00
      vertex -6.000000e-01 6.500000e+00 1.024032e+00
    endloop
  endfacet
  facet normal 7.124705e-02 0.000000e+00 0.000000e+00
    outer loop
      vertex -6.000000e-01 6.800000e+00 1.024032e+00
      vertex -7.000000e-01 6.800000e+00 -3.759683e-01
      vertex -6.000000e-01 6.500000e+00 1.024032e+00
    endloop
  endfacet
  facet normal 7.124705e-02 0.000000e+00 0.000000e+00
    outer loop
      vertex -6.000000e-01 6.500000e+00 1.024032e+00
      vertex -7.000000e-01 6.800000e+00 -3.759683e-01
      vertex -7.000000e-01 6.500000e+00 -3.759683e-01
    endloop
  endfacet
  facet normal 1.000000e+00 0.000000e+00 0.000000e+00
    outer loop
      vertex -7.000000e-01 6.800000e+00 -3.759683e-01
      vertex -1.000000e+00 6.800000e+00 -3.759683e-01
      vertex -7.000000e-01 6.500000e+00 -3.759683e-01
    endloop
  endfacet
  facet normal 1.000000e+00 0.000000e+00 0.000000e+00
    outer loop
      vertex -7.000000e-01 6.500000e+00 -3.759683e-01
      vertex -1.000000e+00 6.800000e+00 -3.759683e-01
      vertex -1.000000e+00 6.500000e+00 -3.759683e-01
    endloop
  endfacet
  facet normal 0.000000e+00 0.000000e+00 0.000000e+00
    outer loop
      vertex -1.000000e+00 6.800000e+00 -3.759683e-01
      vertex -1.000000e+00 6.800000e+00 -4.759683e-01
      vertex -1.000000e+00 6.500000e+00 -3.759683e-01
    endloop
  endfacet
  facet normal 0.000000e+00 0.000000e+00 0.000000e+00
    outer loop
      vertex -1.000000e+00 6.500000e+00 -3.759683e-01
      vertex -1.000000e+00 6.800000e+00 -4.759683e-01
      vertex -1.000000e+00 6.500000e+00 -4.759683e-01
    endloop
  endfacet
  facet normal -1.000000e+00 0.000000e+00 0.000000e+00
    outer loop
      vertex -1.000000e+00 6.800000e+00 -4.759683e-01
      vertex -6.000000e-01 6.800000e+00 -4.759683e-01
      vertex -1.000000e+00 6.500000e+00 -4.759683e-01
    endloop
  endfacet
  facet normal -1.000000e+00 0.000000e+00 0.000000e+00
    outer loop
      vertex -1.000000e+00 6.500000e+00 -4.759683e-01
      vertex -6.000000e-01 6.800000e+00 -4.759683e-01
      vertex -6.000000e-01 6.500000e+00 -4.759683e-01
    endloop
  endfacet
  facet normal -7.024856e-02 0.000000e+00 0.000000e+00
    outer loop
      vertex -6.000000e-01 6.800000e+00 -4.759683e-01
      vertex -5.000000e-01 6.800000e+00 9.440317e-01
      vertex -6.000000e-01 6.500000e+00 -4.759683e-01
    endloop
  endfacet
  facet normal -7.024856e-02 0.000000e+00 0.000000e+00
    outer loop
      vertex -6.000000e-01 6.500000e+00 -4.759683e-01
      vertex -5.000000e-01 6.800000e+00 9.440317e-01
      vertex -5.000000e-01 6.500000e+00 9.440317e-01
    endloop
  endfacet
  facet normal -9.397934e-01 0.000000e+00 0.000000e+00
    outer loop
      vertex -5.000000e-01 6.800000e+00 9.440317e-01
      vertex -2.800000e-01 6.800000e+00 1.024032e+00
      vertex -5.000000e-01 6.500000e+00 9.440317e-01
    endloop
  endfacet
  facet normal -9.397934e-01 0.000000e+00 0.000000e+00
    outer loop
      vertex -5.000000e-01 6.500000e+00 9.440317e-01
      vertex -2.800000e-01 6.800000e+00 1.024032e+00
      vertex -2.800000e-01 6.500000e+00 1.024032e+00
    endloop
  endfacet
  facet normal -1.000000e+00 0.000000e+00 0.000000e+00
    outer loop
      vertex -2.800000e-01 6.800000e+00 1.024032e+00
      vertex 9.500000e-01 6.800000e+00 1.024032e+00
      vertex -2.800000e-01 6.500000e+00 1.024032e+00
    endloop
  endfacet
  facet normal -1.000000e+00 0.000000e+00 0.000000e+00
    outer loop
      vertex -2.800000e-01 6.500000e+00 1.024032e+00
      vertex 9.500000e-01 6.800000e+00 1.024032e+00
      vertex 9.500000e-01 6.500000e+00 1.024032e+00
    endloop
  endfacet
  facet normal 1.502787e-31 0.000000e+00 0.000000e+00
    outer loop
      vertex 1.050000e+00 6.800000e+00 1.124032e+00
      vertex 9.500000e-01 6.800000e+00 1.024032e+00
      vertex -3.000000e-01 6.800000e+00 1.124032e+00
    endloop
  endfacet
  facet normal 1.502787e-31 0.000000e+00 0.000000e+00
    outer loop
      vertex -3.000000e-01 6.800000e+00 1.124032e+00
      vertex 9.500000e-01 6.800000e+00 1.024032e+00
      vertex -2.800000e-01 6.800000e+00 1.024032e+00
    endloop
  endfacet
  facet normal 1.502787e-31 0.000000e+00 0.000000e+00
    outer loop
      vertex -3.000000e-01 6.800000e+00 1.124032e+00
      vertex -2.800000e-01 6.800000e+00 1.024032e+00
      vertex -5.000000e-01 6.800000e+00 9.440317e-01
    endloop
  endfacet
  facet normal 1.502787e-31 0.000000e+00 0.000000e+00
    outer loop
      vertex 1.050000e+00 6.800000e+00 1.124032e+00
      vertex 1.050000e+00 6.800000e+00 6.990317e-01
      vertex 9.500000e-01 6.800000e+00 1.024032e+00
    endloop
  endfacet
  facet normal 1.502787e-31 0.000000e+00 0.000000e+00
    outer loop
      vertex 9.500000e-01 6.800000e+00 1.024032e+00
      vertex 1.050000e+00 6.800000e+00 6.990317e-01
      vertex 9.500000e-01 6.800000e+00 5.990317e-01
    endloop
  endfacet
  facet normal 1.502787e-31 0.000000e+00 0.000000e+00
    outer loop
      vertex 1.200000e+00 6.800000e+00 6.990317e-01
      vertex 1.200000e+00 6.800000e+00 5.990317e-01
      vertex 1.050000e+00 6.800000e+00 6.990317e-01
    endloop
  endfacet
  facet normal 1.502787e-31 0.000000e+00 0.000000e+00
    outer loop
      vertex 1.050000e+00 6.800000e+00 6.990317e-01
      vertex 1.200000e+00 6.800000e+00 5.990317e-01
      vertex 9.500000e-01 6.800000e+00 5.990317e-01
    endloop
  endfacet
  facet normal 1.502787e-31 0.000000e+00 0.000000e+00
    outer loop
      vertex -6.000000e-01 6.800000e+00 -4.759683e-01
      vertex -7.000000e-01 6.800000e+00 -3.759683e-01
      vertex -5.000000e-01 6.800000e+00 9.440317e-01
    endloop
  endfacet
  facet normal 1.502787e-31 0.000000e+00 0.000000e+00
    outer loop
      vertex -5.000000e-01 6.800000e+00 9.440317e-01
      vertex -7.000000e-01 6.800000e+00 -3.759683e-01
      vertex -6.000000e-01 6.800000e+00 1.024032e+00
    endloop
  endfacet
  facet normal 1.502787e-31 0.000000e+00 0.000000e+00
    outer loop
      vertex -5.000000e-01 6.800000e+00 9.440317e-01
      vertex -6.000000e-01 6.800000e+00 1.024032e+00
      vertex -3.000000e-01 6.800000e+00 1.124032e+00
    endloop
  endfacet
  facet normal 1.502787e-31 0.000000e+00 0.000000e+00
    outer loop
      vertex -6.000000e-01 6.800000e+00 -4.759683e-01
      vertex -1.000000e+00 6.800000e+00 -4.759683e-01
      vertex -7.000000e-01 6.800000e+00 -3.759683e-01
    endloop
  endfacet
  facet normal 1.502787e-31 0.000000e+00 0.000000e+00
    outer loop
      vertex -7.000000e-01 6.800000e+00 -3.759683e-01
      vertex -1.000000e+00 6.800000e+00 -4.759683e-01
      vertex -1.000000e+00 6.800000e+00 -3.759683e-01
    endloop
  endfacet
  facet normal -1.502787e-31 0.000000e+00 0.000000e+00
    outer loop
      vertex 1.050000e+00 6.500000e+00 6.990317e-01
      vertex 1.050000e+00 6.500000e+00 1.124032e+00
      vertex 9.500000e-01 6.500000e+00 1.024032e+00
    endloop
  endfacet
  facet normal -1.502787e-31 0.000000e+00 0.000000e+00
    outer loop
      vertex 9.500000e-01 6.500000e+00 1.024032e+00
      vertex 1.050000e+00 6.500000e+00 1.124032e+00
      vertex -3.000000e-01 6.500000e+00 1.124032e+00
    endloop
  endfacet
  facet normal -1.502787e-31 0.000000e+00 0.000000e+00
    outer loop
      vertex 9.500000e-01 6.500000e+00 1.024032e+00
      vertex -3.000000e-01 6.500000e+00 1.124032e+00
      vertex -2.800000e-01 6.500000e+00 1.024032e+00
    endloop
  endfacet
  facet normal -1.502787e-31 0.000000e+00 0.000000e+00
    outer loop
      vertex -2.800000e-01 6.500000e+00 1.024032e+00
      vertex -3.000000e-01 6.500000e+00 1.124032e+00
      vertex -5.000000e-01 6.500000e+00 9.440317e-01
    endloop
  endfacet
  facet normal -1.502787e-31 0.000000e+00 0.000000e+00
    outer loop
      vertex -3.000000e-01 6.500000e+00 1.124032e+00
      vertex -6.000000e-01 6.500000e+00 1.024032e+00
      vertex -5.000000e-01 6.500000e+00 9.440317e-01
    endloop
  endfacet
  facet normal -1.502787e-31 0.000000e+00 0.000000e+00
    outer loop
      vertex -5.000000e-01 6.500000e+00 9.440317e-01
      vertex -6.000000e-01 6.500000e+00 1.024032e+00
      vertex -7.000000e-01 6.500000e+00 -3.759683e-01
    endloop
  endfacet
  facet normal -1.502787e-31 0.000000e+00 0.000000e+00
    outer loop
      vertex -5.000000e-01 6.500000e+00 9.440317e-01
      vertex -7.000000e-01 6.500000e+00 -3.759683e-01
      vertex -6.000000e-01 6.500000e+00 -4.759683e-01
    endloop
  endfacet
  facet normal -1.502787e-31 0.000000e+00 0.000000e+00
    outer loop
      vertex -6.000000e-01 6.500000e+00 -4.759683e-01
      vertex -7.000000e-01 6.500000e+00 -3.759683e-01
      vertex -1.000000e+00 6.500000e+00 -4.759683e-01
    endloop
  endfacet
  facet normal -1.502787e-31 0.000000e+00 0.000000e+00
    outer loop
      vertex -7.000000e-01 6.500000e+00 -3.759683e-01
      vertex -1.000000e+00 6.500000e+00 -3.759683e-01
      vertex -1.000000e+00 6.500000e+00 -4.759683e-01
    endloop
  endfacet
  facet normal -1.502787e-31 0.000000e+00 0.000000e+00
    outer loop
      vertex 9.500000e-01 6.500000e+00 1.024032e+00
      vertex 9.500000e-01 6.500000e+00 5.990317e-01
      vertex 1.050000e+00 6.500000e+00 6.990317e-01
    endloop
  endfacet
  facet normal -1.502787e-31 0.000000e+00 0.000000e+00
    outer loop
      vertex 1.050000e+00 6.500000e+00 6.990317e-01
      vertex 9.500000e-01 6.500000e+00 5.990317e-01
      vertex 1.200000e+00 6.500000e+00 5.990317e-01
    endloop
  endfacet
  facet normal -1.502787e-31 0.000000e+00 0.000000e+00
    outer loop
      vertex 1.050000e+00 6.500000e+00 6.990317e-01
      vertex 1.200000e+00 6.500000e+00 5.990317e-01
      vertex 1.200000e+00 6.500000e+00 6.990317e-01
    endloop
  endfacet
endsolid PEC:Pin_3_1
solid PEC:Pin_3_2
  facet normal 0.000000e+00 0.000000e+00 0.000000e+00
    outer loop
      vertex 3.940000e+00 2.870000e+00 6.990317e-01
      vertex 4.140000e+00 2.870000e+00 6.990317e-01
      vertex 3.940000e+00 2.870000e+00 5.990317e-01
    endloop
  endfacet
  facet normal 0.000000e+00 0.000000e+00 0.000000e+00
    outer loop
      vertex 3.940000e+00 2.870000e+00 5.990317e-01
      vertex 4.140000e+00 2.870000e+00 6.990317e-01
      vertex 4.140000e+00 2.870000e+00 5.990317e-01
    endloop
  endfacet
  facet normal -0.000000e+00 0.000000e+00 0.000000e+00
    outer loop
      vertex 4.140000e+00 2.870000e+00 6.990317e-01
      vertex 4.140000e+00 2.770000e+00 6.990317e-01
      vertex 4.140000e+00 2.870000e+00 5.990317e-01
    endloop
  endfacet
  facet normal -0.000000e+00 0.000000e+00 0.000000e+00
    outer loop
      vertex 4.140000e+00 2.870000e+00 5.990317e-01
      vertex 4.140000e+00 2.770000e+00 6.990317e-01
      vertex 4.140000e+00 2.770000e+00 5.990317e-01
    endloop
  endfacet
  facet normal -0.000000e+00 0.000000e+00 0.000000e+00
    outer loop
      vertex 3.940000e+00 2.870000e+00 5.990317e-01
      vertex 3.940000e+00 2.770000e+00 5.990317e-01
      vertex 3.940000e+00 2.870000e+00 6.990317e-01
    endloop
  endfacet
  facet normal -0.000000e+00 0.000000e+00 0.000000e+00
    outer loop
      vertex 3.940000e+00 2.870000e+00 6.990317e-01
      vertex 3.940000e+00 2.770000e+00 5.990317e-01
      vertex 3.940000e+00 2.770000e+00 6.990317e-01
    endloop
  endfacet
  facet normal 0.000000e+00 0.000000e+00 0.000000e+00
    outer loop
      vertex 3.940000e+00 2.770000e+00 6.990317e-01
      vertex 3.940000e+00 2.770000e+00 5.990317e-01
      vertex 3.200000e+00 1.200000e+00 6.990317e-01
    endloop
  endfacet
  facet normal 0.000000e+00 0.000000e+00 0.000000e+00
    outer loop
      vertex 3.200000e+00 1.200000e+00 6.990317e-01
      vertex 3.940000e+00 2.770000e+00 5.990317e-01
      vertex 3.200000e+00 1.200000e+00 5.990317e-01
    endloop
  endfacet
  facet normal 0.000000e+00 0.000000e+00 0.000000e+00
    outer loop
      vertex 4.140000e+00 2.770000e+00 5.990317e-01
      vertex 4.140000e+00 2.770000e+00 6.990317e-01
      vertex 3.500000e+00 1.200000e+00 5.990317e-01
    endloop
  endfacet
  facet normal 0.000000e+00 0.000000e+00 0.000000e+00
    outer loop
      vertex 3.500000e+00 1.200000e+00 5.990317e-01
      vertex 4.140000e+00 2.770000e+00 6.990317e-01
      vertex 3.500000e+00 1.200000e+00 6.990317e-01
    endloop
  endfacet
  facet normal 0.000000e+00 0.000000e+00 0.000000e+00
    outer loop
      vertex 3.500000e+00 1.050000e+00 1.124032e+00
      vertex 3.500000e+00 1.050000e+00 6.990317e-01
      vertex 3.200000e+00 1.050000e+00 1.124032e+00
    endloop
  endfacet
  facet normal 0.000000e+00 0.000000e+00 0.000000e+00
    outer loop
      vertex 3.200000e+00 1.050000e+00 1.124032e+00
      vertex 3.500000e+00 1.050000e+00 6.990317e-01
      vertex 3.200000e+00 1.050000e+00 6.990317e-01
    endloop
  endfacet
  facet normal 1.000000e+00 0.000000e+00 0.000000e+00
    outer loop
      vertex 3.500000e+00 1.050000e+00 6.990317e-01
      vertex 3.500000e+00 1.200000e+00 6.990317e-01
      vertex 3.200000e+00 1.050000e+00 6.990317e-01
    endloop
  endfacet
  facet normal 1.000000e+00 0.000000e+00 0.000000e+00
    outer loop
      vertex 3.200000e+00 1.050000e+00 6.990317e-01
      vertex 3.500000e+00 1.200000e+00 6.990317e-01
      vertex 3.200000e+00 1.200000e+00 6.990317e-01
    endloop
  endfacet
  facet normal 1.000000e+00 0.000000e+00 0.000000e+00
    outer loop
      vertex 3.200000e+00 1.200000e+00 6.990317e-01
      vertex 3.500000e+00 1.200000e+00 6.990317e-01
      vertex 3.940000e+00 2.770000e+00 6.990317e-01
    endloop
  endfacet
  facet normal 1.000000e+00 0.000000e+00 0.000000e+00
    outer loop
      vertex 3.940000e+00 2.770000e+00 6.990317e-01
      vertex 3.500000e+00 1.200000e+00 6.990317e-01
      vertex 4.140000e+00 2.770000e+00 6.990317e-01
    endloop
  endfacet
  facet normal 1.000000e+00 0.000000e+00 0.000000e+00
    outer loop
      vertex 3.940000e+00 2.770000e+00 6.990317e-01
      vertex 4.140000e+00 2.770000e+00 6.990317e-01
      vertex 4.140000e+00 2.870000e+00 6.990317e-01
    endloop
  endfacet
  facet normal 1.000000e+00 0.000000e+00 0.000000e+00
    outer loop
      vertex 4.140000e+00 2.870000e+00 6.990317e-01
      vertex 3.940000e+00 2.870000e+00 6.990317e-01
      vertex 3.940000e+00 2.770000e+00 6.990317e-01
    endloop
  endfacet
  facet normal -1.000000e+00 0.000000e+00 0.000000e+00
    outer loop
      vertex 3.500000e+00 9.500000e-01 5.990317e-01
      vertex 3.200000e+00 1.200000e+00 5.990317e-01
      vertex 3.500000e+00 1.200000e+00 5.990317e-01
    endloop
  endfacet
  facet normal -1.000000e+00 0.000000e+00 0.000000e+00
    outer loop
      vertex 3.500000e+00 1.200000e+00 5.990317e-01
      vertex 3.200000e+00 1.200000e+00 5.990317e-01
      vertex 3.940000e+00 2.770000e+00 5.990317e-01
    endloop
  endfacet
  facet normal -1.000000e+00 0.000000e+00 0.000000e+00
    outer loop
      vertex 3.500000e+00 1.200000e+00 5.990317e-01
      vertex 3.940000e+00 2.770000e+00 5.990317e-01
      vertex 4.140000e+00 2.770000e+00 5.990317e-01
    endloop
  endfacet
  facet normal -1.000000e+00 0.000000e+00 0.000000e+00
    outer loop
      vertex 4.140000e+00 2.770000e+00 5.990317e-01
      vertex 3.940000e+00 2.770000e+00 5.990317e-01
      vertex 3.940000e+00 2.870000e+00 5.990317e-01
    endloop
  endfacet
  facet normal -1.000000e+00 0.000000e+00 0.000000e+00
    outer loop
      vertex 4.140000e+00 2.770000e+00 5.990317e-01
      vertex 3.940000e+00 2.870000e+00 5.990317e-01
      vertex 4.140000e+00 2.870000e+00 5.990317e-01
    endloop
  endfacet
  facet normal -1.000000e+00 0.000000e+00 0.000000e+00
    outer loop
      vertex 3.500000e+00 9.500000e-01 5.990317e-01
      vertex 3.200000e+00 9.500000e-01 5.990317e-01
      vertex 3.200000e+00 1.200000e+00 5.990317e-01
    endloop
  endfacet
  facet normal 0.000000e+00 0.000000e+00 0.000000e+00
    outer loop
      vertex 3.500000e+00 9.500000e-01 5.990317e-01
      vertex 3.500000e+00 9.500000e-01 1.024032e+00
      vertex 3.200000e+00 9.500000e-01 5.990317e-01
    endloop
  endfacet
  facet normal 0.000000e+00 0.000000e+00 0.000000e+00
    outer loop
      vertex 3.200000e+00 9.500000e-01 5.990317e-01
      vertex 3.500000e+00 9.500000e-01 1.024032e+00
      vertex 3.200000e+00 9.500000e-01 1.024032e+00
    endloop
  endfacet
  facet normal 1.000000e+00 0.000000e+00 0.000000e+00
    outer loop
      vertex 3.200000e+00 1.050000e+00 1.124032e+00
      vertex 3.200000e+00 -3.000000e-01 1.124032e+00
      vertex 3.500000e+00 1.050000e+00 1.124032e+00
    endloop
  endfacet
  facet normal 1.000000e+00 0.000000e+00 0.000000e+00
    outer loop
      vertex 3.500000e+00 1.050000e+00 1.124032e+00
      vertex 3.200000e+00 -3.000000e-01 1.124032e+00
      vertex 3.500000e+00 -3.000000e-01 1.124032e+00
    endloop
  endfacet
  facet normal 9.486833e-01 0.000000e+00 0.000000e+00
    outer loop
      vertex 3.200000e+00 -3.000000e-01 1.124032e+00
      vertex 3.200000e+00 -6.000000e-01 1.024032e+00
      vertex 3.500000e+00 -3.000000e-01 1.124032e+00
    endloop
  endfacet
  facet normal 9.486833e-01 0.000000e+00 0.000000e+00
    outer loop
      vertex 3.500000e+00 -3.000000e-01 1.124032e+00
      vertex 3.200000e+00 -6.000000e-01 1.024032e+00
      vertex 3.500000e+00 -6.000000e-01 1.024032e+00
    endloop
  endfacet
  facet normal 7.124705e-02 0.000000e+00 0.000000e+00
    outer loop
      vertex 3.200000e+00 -6.000000e-01 1.024032e+00
      vertex 3.200000e+00 -7.000000e-01 -3.759683e-01
      vertex 3.500000e+00 -6.000000e-01 1.024032e+00
    endloop
  endfacet
  facet normal 7.124705e-02 0.000000e+00 0.000000e+00
    outer loop
      vertex 3.500000e+00 -6.000000e-01 1.024032e+00
      vertex 3.200000e+00 -7.000000e-01 -3.759683e-01
      vertex 3.500000e+00 -7.000000e-01 -3.759683e-01
    endloop
  endfacet
  facet normal 1.000000e+00 0.000000e+00 0.000000e+00
    outer loop
      vertex 3.200000e+00 -7.000000e-01 -3.759683e-01
      vertex 3.200000e+00 -1.000000e+00 -3.759683e-01
      vertex 3.500000e+00 -7.000000e-01 -3.759683e-01
    endloop
  endfacet
  facet normal 1.000000e+00 0.000000e+00 0.000000e+00
    outer loop
      vertex 3.500000e+00 -7.000000e-01 -3.759683e-01
      vertex 3.200000e+00 -1.000000e+00 -3.759683e-01
      vertex 3.500000e+00 -1.000000e+00 -3.759683e-01
    endloop
  endfacet
  facet normal 0.000000e+00 0.000000e+00 0.000000e+00
    outer loop
      vertex 3.200000e+00 -1.000000e+00 -3.759683e-01
      vertex 3.200000e+00 -1.000000e+00 -4.759683e-01
      vertex 3.500000e+00 -1.000000e+00 -3.759683e-01
    endloop
  endfacet
  facet normal 0.000000e+00 0.000000e+00 0.000000e+00
    outer loop
      vertex 3.500000e+00 -1.000000e+00 -3.759683e-01
      vertex 3.200000e+00 -1.000000e+00 -4.759683e-01
      vertex 3.500000e+00 -1.000000e+00 -4.759683e-01
    endloop
  endfacet
  facet normal -1.000000e+00 0.000000e+00 0.000000e+00
    outer loop
      vertex 3.200000e+00 -1.000000e+00 -4.759683e-01
      vertex 3.200000e+00 -6.000000e-01 -4.759683e-01
      vertex 3.500000e+00 -1.000000e+00 -4.759683e-01
    endloop
  endfacet
  facet normal -1.000000e+00 0.000000e+00 0.000000e+00
    outer loop
      vertex 3.500000e+00 -1.000000e+00 -4.759683e-01
      vertex 3.200000e+00 -6.000000e-01 -4.759683e-01
      vertex 3.500000e+00 -6.000000e-01 -4.759683e-01
    endloop
  endfacet
  facet normal -7.024856e-02 0.000000e+00 0.000000e+00
    outer loop
      vertex 3.200000e+00 -6.000000e-01 -4.759683e-01
      vertex 3.200000e+00 -5.000000e-01 9.440317e-01
      vertex 3.500000e+00 -6.000000e-01 -4.759683e-01
    endloop
  endfacet
  facet normal -7.024856e-02 0.000000e+00 0.000000e+00
    outer loop
      vertex 3.500000e+00 -6.000000e-01 -4.759683e-01
      vertex 3.200000e+00 -5.000000e-01 9.440317e-01
      vertex 3.500000e+00 -5.000000e-01 9.440317e-01
    endloop
  endfacet
  facet normal -9.397934e-01 0.000000e+00 0.000000e+00
    outer loop
      vertex 3.200000e+00 -5.000000e-01 9.440317e-01
      vertex 3.200000e+00 -2.800000e-01 1.024032e+00
      vertex 3.500000e+00 -5.000000e-01 9.440317e-01
    endloop
  endfacet
  facet normal -9.397934e-01 0.000000e+00 0.000000e+00
    outer loop
      vertex 3.500000e+00 -5.000000e-01 9.440317e-01
      vertex 3.200000e+00 -2.800000e-01 1.024032e+00
      vertex 3.500000e+00 -2.800000e-01 1.024032e+00
    endloop
  endfacet
  facet normal -1.000000e+00 0.000000e+00 0.000000e+00
    outer loop
      vertex 3.200000e+00 -2.800000e-01 1.024032e+00
      vertex 3.200000e+00 9.500000e-01 1.024032e+00
      vertex 3.500000e+00 -2.800000e-01 1.024032e+00
    endloop
  endfacet
  facet normal -1.000000e+00 0.000000e+00 0.000000e+00
    outer loop
      vertex 3.500000e+00 -2.800000e-01 1.024032e+00
      vertex 3.200000e+00 9.500000e-01 1.024032e+00
      vertex 3.500000e+00 9.500000e-01 1.024032e+00
    endloop
  endfacet
  facet normal 1.502787e-31 0.000000e+00 0.000000e+00
    outer loop
      vertex 3.200000e+00 1.050000e+00 1.124032e+00
      vertex 3.200000e+00 9.500000e-01 1.024032e+00
      vertex 3.200000e+00 -3.000000e-01 1.124032e+00
    endloop
  endfacet
  facet normal 1.502787e-31 0.000000e+00 0.000000e+00
    outer loop
      vertex 3.200000e+00 -3.000000e-01 1.124032e+00
      vertex 3.200000e+00 9.500000e-01 1.024032e+00
      vertex 3.200000e+00 -2.800000e-01 1.024032e+00
    endloop
  endfacet
  facet normal 1.502787e-31 0.000000e+00 0.000000e+00
    outer loop
      vertex 3.200000e+00 -3.000000e-01 1.124032e+00
      vertex 3.200000e+00 -2.800000e-01 1.024032e+00
      vertex 3.200000e+00 -5.000000e-01 9.440317e-01
    endloop
  endfacet
  facet normal 1.502787e-31 0.000000e+00 0.000000e+00
    outer loop
      vertex 3.200000e+00 1.050000e+00 1.124032e+00
      vertex 3.200000e+00 1.050000e+00 6.990317e-01
      vertex 3.200000e+00 9.500000e-01 1.024032e+00
    endloop
  endfacet
  facet normal 1.502787e-31 0.000000e+00 0.000000e+00
    outer loop
      vertex 3.200000e+00 9.500000e-01 1.024032e+00
      vertex 3.200000e+00 1.050000e+00 6.990317e-01
      vertex 3.200000e+00 9.500000e-01 5.990317e-01
    endloop
  endfacet
  facet normal 1.502787e-31 0.000000e+00 0.000000e+00
    outer loop
      vertex 3.200000e+00 1.200000e+00 6.990317e-01
      vertex 3.200000e+00 1.200000e+00 5.990317e-01
      vertex 3.200000e+00 1.050000e+00 6.990317e-01
    endloop
  endfacet
  facet normal 1.502787e-31 0.000000e+00 0.000000e+00
    outer loop
      vertex 3.200000e+00 1.050000e+00 6.990317e-01
      vertex 3.200000e+00 1.200000e+00 5.990317e-01
      vertex 3.200000e+00 9.500000e-01 5.990317e-01
    endloop
  endfacet
  facet normal 1.502787e-31 0.000000e+00 0.000000e+00
    outer loop
      vertex 3.200000e+00 -6.000000e-01 -4.759683e-01
      vertex 3.200000e+00 -7.000000e-01 -3.759683e-01
      vertex 3.200000e+00 -5.000000e-01 9.440317e-01
    endloop
  endfacet
  facet normal 1.502787e-31 0.000000e+00 0.000000e+00
    outer loop
      vertex 3.200000e+00 -5.000000e-01 9.440317e-01
      vertex 3.200000e+00 -7.000000e-01 -3.759683e-01
      vertex 3.200000e+00 -6.000000e-01 1.024032e+00
    endloop
  endfacet
  facet normal 1.502787e-31 0.000000e+00 0.000000e+00
    outer loop
      vertex 3.200000e+00 -5.000000e-01 9.440317e-01
      vertex 3.200000e+00 -6.000000e-01 1.024032e+00
      vertex 3.200000e+00 -3.000000e-01 1.124032e+00
    endloop
  endfacet
  facet normal 1.502787e-31 0.000000e+00 0.000000e+00
    outer loop
      vertex 3.200000e+00 -6.000000e-01 -4.759683e-01
      vertex 3.200000e+00 -1.000000e+00 -4.759683e-01
      vertex 3.200000e+00 -7.000000e-01 -3.759683e-01
    endloop
  endfacet
  facet normal 1.502787e-31 0.000000e+00 0.000000e+00
    outer loop
      vertex 3.200000e+00 -7.000000e-01 -3.759683e-01
      vertex 3.200000e+00 -1.000000e+00 -4.759683e-01
      vertex 3.200000e+00 -1.000000e+00 -3.759683e-01
    endloop
  endfacet
  facet normal -1.502787e-31 0.000000e+00 0.000000e+00
    outer loop
      vertex 3.500000e+00 1.050000e+00 6.990317e-01
      vertex 3.500000e+00 1.050000e+00 1.124032e+00
      vertex 3.500000e+00 9.500000e-01 1.024032e+00
    endloop
  endfacet
  facet normal -1.502787e-31 0.000000e+00 0.000000e+00
    outer loop
      vertex 3.500000e+00 9.500000e-01 1.024032e+00
      vertex 3.500000e+00 1.050000e+00 1.124032e+00
      vertex 3.500000e+00 -3.000000e-01 1.124032e+00
    endloop
  endfacet
  facet normal -1.502787e-31 0.000000e+00 0.000000e+00
    outer loop
      vertex 3.500000e+00 9.500000e-01 1.024032e+00
      vertex 3.500000e+00 -3.000000e-01 1.124032e+00
      vertex 3.500000e+00 -2.800000e-01 1.024032e+00
    endloop
  endfacet
  facet normal -1.502787e-31 0.000000e+00 0.000000e+00
    outer loop
      vertex 3.500000e+00 -2.800000e-01 1.024032e+00
      vertex 3.500000e+00 -3.000000e-01 1.124032e+00
      vertex 3.500000e+00 -5.000000e-01 9.440317e-01
    endloop
  endfacet
  facet normal -1.502787e-31 0.000000e+00 0.000000e+00
    outer loop
      vertex 3.500000e+00 -3.000000e-01 1.124032e+00
      vertex 3.500000e+00 -6.000000e-01 1.024032e+00
      vertex 3.500000e+00 -5.000000e-01 9.440317e-01
    endloop
  endfacet
  facet normal -1.502787e-31 0.000000e+00 0.000000e+00
    outer loop
      vertex 3.500000e+00 -5.000000e-01 9.440317e-01
      vertex 3.500000e+00 -6.000000e-01 1.024032e+00
      vertex 3.500000e+00 -7.000000e-01 -3.759683e-01
    endloop
  endfacet
  facet normal -1.502787e-31 0.000000e+00 0.000000e+00
    outer loop
      vertex 3.500000e+00 -5.000000e-01 9.440317e-01
      vertex 3.500000e+00 -7.000000e-01 -3.759683e-01
      vertex 3.500000e+00 -6.000000e-01 -4.759683e-01
    endloop
  endfacet
  facet normal -1.502787e-31 0.000000e+00 0.000000e+00
    outer loop
      vertex 3.500000e+00 -6.000000e-01 -4.759683e-01
      vertex 3.500000e+00 -7.000000e-01 -3.759683e-01
      vertex 3.500000e+00 -1.000000e+00 -4.759683e-01
    endloop
  endfacet
  facet normal -1.502787e-31 0.000000e+00 0.000000e+00
    outer loop
      vertex 3.500000e+00 -7.000000e-01 -3.759683e-01
      vertex 3.500000e+00 -1.000000e+00 -3.759683e-01
      vertex 3.500000e+00 -1.000000e+00 -4.759683e-01
    endloop
  endfacet
  facet normal -1.502787e-31 0.000000e+00 0.000000e+00
    outer loop
      vertex 3.500000e+00 9.500000e-01 1.024032e+00
      vertex 3.500000e+00 9.500000e-01 5.990317e-01
      vertex 3.500000e+00 1.050000e+00 6.990317e-01
    endloop
  endfacet
  facet normal -1.502787e-31 0.000000e+00 0.000000e+00
    outer loop
      vertex 3.500000e+00 1.050000e+00 6.990317e-01
      vertex 3.500000e+00 9.500000e-01 5.990317e-01
      vertex 3.500000e+00 1.200000e+00 5.990317e-01
    endloop
  endfacet
  facet normal -1.502787e-31 0.000000e+00 0.000000e+00
    outer loop
      vertex 3.500000e+00 1.050000e+00 6.990317e-01
      vertex 3.500000e+00 1.200000e+00 5.990317e-01
      vertex 3.500000e+00 1.200000e+00 6.990317e-01
    endloop
  endfacet
endsolid PEC:Pin_3_2
solid PEC:Pin_3_3
  facet normal 0.000000e+00 0.000000e+00 0.000000e+00
    outer loop
      vertex 7.130000e+00 3.940000e+00 6.990317e-01
      vertex 7.130000e+00 4.140000e+00 6.990317e-01
      vertex 7.130000e+00 3.940000e+00 5.990317e-01
    endloop
  endfacet
  facet normal 0.000000e+00 0.000000e+00 0.000000e+00
    outer loop
      vertex 7.130000e+00 3.940000e+00 5.990317e-01
      vertex 7.130000e+00 4.140000e+00 6.990317e-01
      vertex 7.130000e+00 4.140000e+00 5.990317e-01
    endloop
  endfacet
  facet normal -0.000000e+00 0.000000e+00 0.000000e+00
    outer loop
      vertex 7.130000e+00 4.140000e+00 6.990317e-01
      vertex 7.230000e+00 4.140000e+00 6.990317e-01
      vertex 7.130000e+00 4.140000e+00 5.990317e-01
    endloop
  endfacet
  facet normal -0.000000e+00 0.000000e+00 0.000000e+00
    outer loop
      vertex 7.130000e+00 4.140000e+00 5.990317e-01
      vertex 7.230000e+00 4.140000e+00 6.990317e-01
      vertex 7.230000e+00 4.140000e+00 5.990317e-01
    endloop
  endfacet
  facet normal -0.000000e+00 0.000000e+00 0.000000e+00
    outer loop
      vertex 7.130000e+00 3.940000e+00 5.990317e-01
      vertex 7.230000e+00 3.940000e+00 5.990317e-01
      vertex 7.130000e+00 3.940000e+00 6.990317e-01
    endloop
  endfacet
  facet normal -0.000000e+00 0.000000e+00 0.000000e+00
    outer loop
      vertex 7.130000e+00 3.940000e+00 6.990317e-01
      vertex 7.230000e+00 3.940000e+00 5.990317e-01
      vertex 7.230000e+00 3.940000e+00 6.990317e-01
    endloop
  endfacet
  facet normal 0.000000e+00 0.000000e+00 0.000000e+00
    outer loop
      vertex 7.230000e+00 3.940000e+00 6.990317e-01
      vertex 7.230000e+00 3.940000e+00 5.990317e-01
      vertex 8.800000e+00 3.200000e+00 6.990317e-01
    endloop
  endfacet
  facet normal 0.000000e+00 0.000000e+00 0.000000e+00
    outer loop
      vertex 8.800000e+00 3.200000e+00 6.990317e-01
      vertex 7.230000e+00 3.940000e+00 5.990317e-01
      vertex 8.800000e+00 3.200000e+00 5.990317e-01
    endloop
  endfacet
  facet normal 0.000000e+00 0.000000e+00 0.000000e+00
    outer loop
      vertex 7.230000e+00 4.140000e+00 5.990317e-01
      vertex 7.230000e+00 4.140000e+00 6.990317e-01
      vertex 8.800000e+00 3.500000e+00 5.990317e-01
    endloop
  endfacet
  facet normal 0.000000e+00 0.000000e+00 0.000000e+00
    outer loop
      vertex 8.800000e+00 3.500000e+00 5.990317e-01
      vertex 7.230000e+00 4.140000e+00 6.990317e-01
      vertex 8.800000e+00 3.500000e+00 6.990317e-01
    endloop
  endfacet
  facet normal 0.000000e+00 0.000000e+00 0.000000e+00
    outer loop
      vertex 8.950000e+00 3.500000e+00 1.124032e+00
      vertex 8.950000e+00 3.500000e+00 6.990317e-01
      vertex 8.950000e+00 3.200000e+00 1.124032e+00
    endloop
  endfacet
  facet normal 0.000000e+00 0.000000e+00 0.000000e+00
    outer loop
      vertex 8.950000e+00 3.200000e+00 1.124032e+00
      vertex 8.950000e+00 3.500000e+00 6.990317e-01
      vertex 8.950000e+00 3.200000e+00 6.990317e-01
    endloop
  endfacet
  facet normal 1.000000e+00 0.000000e+00 0.000000e+00
    outer loop
      vertex 8.950000e+00 3.500000e+00 6.990317e-01
      vertex 8.800000e+00 3.500000e+00 6.990317e-01
      vertex 8.950000e+00 3.200000e+00 6.990317e-01
    endloop
  endfacet
  facet normal 1.000000e+00 0.000000e+00 0.000000e+00
    outer loop
      vertex 8.950000e+00 3.200000e+00 6.990317e-01
      vertex 8.800000e+00 3.500000e+00 6.990317e-01
      vertex 8.800000e+00 3.200000e+00 6.990317e-01
    endloop
  endfacet
  facet normal 1.000000e+00 0.000000e+00 0.000000e+00
    outer loop
      vertex 8.800000e+00 3.200000e+00 6.990317e-01
      vertex 8.800000e+00 3.500000e+00 6.990317e-01
      vertex 7.230000e+00 3.940000e+00 6.990317e-01
    endloop
  endfacet
  facet normal 1.000000e+00 0.000000e+00 0.000000e+00
    outer loop
      vertex 7.230000e+00 3.940000e+00 6.990317e-01
      vertex 8.800000e+00 3.500000e+00 6.990317e-01
      vertex 7.230000e+00 4.140000e+00 6.990317e-01
    endloop
  endfacet
  facet normal 1.000000e+00 0.000000e+00 0.000000e+00
    outer loop
      vertex 7.230000e+00 3.940000e+00 6.990317e-01
      vertex 7.230000e+00 4.140000e+00 6.990317e-01
      vertex 7.130000e+00 4.140000e+00 6.990317e-01
    endloop
  endfacet
  facet normal 1.000000e+00 0.000000e+00 0.000000e+00
    outer loop
      vertex 7.130000e+00 4.140000e+00 6.990317e-01
      vertex 7.130000e+00 3.940000e+00 6.990317e-01
      vertex 7.230000e+00 3.940000e+00 6.990317e-01
    endloop
  endfacet
  facet normal -1.000000e+00 0.000000e+00 0.000000e+00
    outer loop
      vertex 9.050000e+00 3.500000e+00 5.990317e-01
      vertex 8.800000e+00 3.200000e+00 5.990317e-01
      vertex 8.800000e+00 3.500000e+00 5.990317e-01
    endloop
  endfacet
  facet normal -1.000000e+00 0.000000e+00 0.000000e+00
    outer loop
      vertex 8.800000e+00 3.500000e+00 5.990317e-01
      vertex 8.800000e+00 3.200000e+00 5.990317e-01
      vertex 7.230000e+00 3.940000e+00 5.990317e-01
    endloop
  endfacet
  facet normal -1.000000e+00 0.000000e+00 0.000000e+00
    outer loop
      vertex 8.800000e+00 3.500000e+00 5.990317e-01
      vertex 7.230000e+00 3.940000e+00 5.990317e-01
      vertex 7.230000e+00 4.140000e+00 5.990317e-01
    endloop
  endfacet
  facet normal -1.000000e+00 0.000000e+00 0.000000e+00
    outer loop
      vertex 7.230000e+00 4.140000e+00 5.990317e-01
      vertex 7.230000e+00 3.940000e+00 5.990317e-01
      vertex 7.130000e+00 3.940000e+00 5.990317e-01
    endloop
  endfacet
  facet normal -1.000000e+00 0.000000e+00 0.000000e+00
    outer loop
      vertex 7.230000e+00 4.140000e+00 5.990317e-01
      vertex 7.130000e+00 3.940000e+00 5.990317e-01
      vertex 7.130000e+00 4.140000e+00 5.990317e-01
    endloop
  endfacet
  facet normal -1.000000e+00 0.000000e+00 0.000000e+00
    outer loop
      vertex 9.050000e+00 3.500000e+00 5.990317e-01
      vertex 9.050000e+00 3.200000e+00 5.990317e-01
      vertex 8.800000e+00 3.200000e+00 5.990317e-01
    endloop
  endfacet
  facet normal 0.000000e+00 0.000000e+00 0.000000e+00
    outer loop
      vertex 9.050000e+00 3.500000e+00 5.990317e-01
      vertex 9.050000e+00 3.500000e+00 1.024032e+00
      vertex 9.050000e+00 3.200000e+00 5.990317e-01
    endloop
  endfacet
  facet normal 0.000000e+00 0.000000e+00 0.000000e+00
    outer loop
      vertex 9.050000e+00 3.200000e+00 5.990317e-01
      vertex 9.050000e+00 3.500000e+00 1.024032e+00
      vertex 9.050000e+00 3.200000e+00 1.024032e+00
    endloop
  endfacet
  facet normal 1.000000e+00 0.000000e+00 0.000000e+00
    outer loop
      vertex 8.950000e+00 3.200000e+00 1.124032e+00
      vertex 1.030000e+01 3.200000e+00 1.124032e+00
      vertex 8.950000e+00 3.500000e+00 1.124032e+00
    endloop
  endfacet
  facet normal 1.000000e+00 0.000000e+00 0.000000e+00
    outer loop
      vertex 8.950000e+00 3.500000e+00 1.124032e+00
      vertex 1.030000e+01 3.200000e+00 1.124032e+00
      vertex 1.030000e+01 3.500000e+00 1.124032e+00
    endloop
  endfacet
  facet normal 9.486833e-01 0.000000e+00 0.000000e+00
    outer loop
      vertex 1.030000e+01 3.200000e+00 1.124032e+00
      vertex 1.060000e+01 3.200000e+00 1.024032e+00
      vertex 1.030000e+01 3.500000e+00 1.124032e+00
    endloop
  endfacet
  facet normal 9.486833e-01 0.000000e+00 0.000000e+00
    outer loop
      vertex 1.030000e+01 3.500000e+00 1.124032e+00
      vertex 1.060000e+01 3.200000e+00 1.024032e+00
      vertex 1.060000e+01 3.500000e+00 1.024032e+00
    endloop
  endfacet
  facet normal 7.124705e-02 0.000000e+00 0.000000e+00
    outer loop
      vertex 1.060000e+01 3.200000e+00 1.024032e+00
      vertex 1.070000e+01 3.200000e+00 -3.759683e-01
      vertex 1.060000e+01 3.500000e+00 1.024032e+00
    endloop
  endfacet
  facet normal 7.124705e-02 0.000000e+00 0.000000e+00
    outer loop
      vertex 1.060000e+01 3.500000e+00 1.024032e+00
      vertex 1.070000e+01 3.200000e+00 -3.759683e-01
      vertex 1.070000e+01 3.500000e+00 -3.759683e-01
    endloop
  endfacet
  facet normal 1.000000e+00 0.000000e+00 0.000000e+00
    outer loop
      vertex 1.070000e+01 3.200000e+00 -3.759683e-01
      vertex 1.100000e+01 3.200000e+00 -3.759683e-01
      vertex 1.070000e+01 3.500000e+00 -3.759683e-01
    endloop
  endfacet
  facet normal 1.000000e+00 0.000000e+00 0.000000e+00
    outer loop
      vertex 1.070000e+01 3.500000e+00 -3.759683e-01
      vertex 1.100000e+01 3.200000e+00 -3.759683e-01
      vertex 1.100000e+01 3.500000e+00 -3.759683e-01
    endloop
  endfacet
  facet normal 0.000000e+00 0.000000e+00 0.000000e+00
    outer loop
      vertex 1.100000e+01 3.200000e+00 -3.759683e-01
      vertex 1.100000e+01 3.200000e+00 -4.759683e-01
      vertex 1.100000e+01 3.500000e+00 -3.759683e-01
    endloop
  endfacet
  facet normal 0.000000e+00 0.000000e+00 0.000000e+00
    outer loop
      vertex 1.100000e+01 3.500000e+00 -3.759683e-01
      vertex 1.100000e+01 3.200000e+00 -4.759683e-01
      vertex 1.100000e+01 3.500000e+00 -4.759683e-01
    endloop
  endfacet
  facet normal -1.000000e+00 0.000000e+00 0.000000e+00
    outer loop
      vertex 1.100000e+01 3.200000e+00 -4.759683e-01
      vertex 1.060000e+01 3.200000e+00 -4.759683e-01
      vertex 1.100000e+01 3.500000e+00 -4.759683e-01
    endloop
  endfacet
  facet normal -1.000000e+00 0.000000e+00 0.000000e+00
    outer loop
      vertex 1.100000e+01 3.500000e+00 -4.759683e-01
      vertex 1.060000e+01 3.200000e+00 -4.759683e-01
      vertex 1.060000e+01 3.500000e+00 -4.759683e-01
    endloop
  endfacet
  facet normal -7.024856e-02 0.000000e+00 0.000000e+00
    outer loop
      vertex 1.060000e+01 3.200000e+00 -4.759683e-01
      vertex 1.050000e+01 3.200000e+00 9.440317e-01
      vertex 1.060000e+01 3.500000e+00 -4.759683e-01
    endloop
  endfacet
  facet normal -7.024856e-02 0.000000e+00 0.000000e+00
    outer loop
      vertex 1.060000e+01 3.500000e+00 -4.759683e-01
      vertex 1.050000e+01 3.200000e+00 9.440317e-01
      vertex 1.050000e+01 3.500000e+00 9.440317e-01
    endloop
  endfacet
  facet normal -9.397934e-01 0.000000e+00 0.000000e+00
    outer loop
      vertex 1.050000e+01 3.200000e+00 9.440317e-01
      vertex 1.028000e+01 3.200000e+00 1.024032e+00
      vertex 1.050000e+01 3.500000e+00 9.440317e-01
    endloop
  endfacet
  facet normal -9.397934e-01 0.000000e+00 0.000000e+00
    outer loop
      vertex 1.050000e+01 3.500000e+00 9.440317e-01
      vertex 1.028000e+01 3.200000e+00 1.024032e+00
      vertex 1.028000e+01 3.500000e+00 1.024032e+00
    endloop
  endfacet
  facet normal -1.000000e+00 0.000000e+00 0.000000e+00
    outer loop
      vertex 1.028000e+01 3.200000e+00 1.024032e+00
      vertex 9.050000e+00 3.200000e+00 1.024032e+00
      vertex 1.028000e+01 3.500000e+00 1.024032e+00
    endloop
  endfacet
  facet normal -1.000000e+00 0.000000e+00 0.000000e+00
    outer loop
      vertex 1.028000e+01 3.500000e+00 1.024032e+00
      vertex 9.050000e+00 3.200000e+00 1.024032e+00
      vertex 9.050000e+00 3.500000e+00 1.024032e+00
    endloop
  endfacet
  facet normal 1.502787e-31 0.000000e+00 0.000000e+00
    outer loop
      vertex 8.950000e+00 3.200000e+00 1.124032e+00
      vertex 9.050000e+00 3.200000e+00 1.024032e+00
      vertex 1.030000e+01 3.200000e+00 1.124032e+00
    endloop
  endfacet
  facet normal 1.502787e-31 0.000000e+00 0.000000e+00
    outer loop
      vertex 1.030000e+01 3.200000e+00 1.124032e+00
      vertex 9.050000e+00 3.200000e+00 1.024032e+00
      vertex 1.028000e+01 3.200000e+00 1.024032e+00
    endloop
  endfacet
  facet normal 1.502787e-31 0.000000e+00 0.000000e+00
    outer loop
      vertex 1.030000e+01 3.200000e+00 1.124032e+00
      vertex 1.028000e+01 3.200000e+00 1.024032e+00
      vertex 1.050000e+01 3.200000e+00 9.440317e-01
    endloop
  endfacet
  facet normal 1.502787e-31 0.000000e+00 0.000000e+00
    outer loop
      vertex 8.950000e+00 3.200000e+00 1.124032e+00
      vertex 8.950000e+00 3.200000e+00 6.990317e-01
      vertex 9.050000e+00 3.200000e+00 1.024032e+00
    endloop
  endfacet
  facet normal 1.502787e-31 0.000000e+00 0.000000e+00
    outer loop
      vertex 9.050000e+00 3.200000e+00 1.024032e+00
      vertex 8.950000e+00 3.200000e+00 6.990317e-01
      vertex 9.050000e+00 3.200000e+00 5.990317e-01
    endloop
  endfacet
  facet normal 1.502787e-31 0.000000e+00 0.000000e+00
    outer loop
      vertex 8.800000e+00 3.200000e+00 6.990317e-01
      vertex 8.800000e+00 3.200000e+00 5.990317e-01
      vertex 8.950000e+00 3.200000e+00 6.990317e-01
    endloop
  endfacet
  facet normal 1.502787e-31 0.000000e+00 0.000000e+00
    outer loop
      vertex 8.950000e+00 3.200000e+00 6.990317e-01
      vertex 8.800000e+00 3.200000e+00 5.990317e-01
      vertex 9.050000e+00 3.200000e+00 5.990317e-01
    endloop
  endfacet
  facet normal 1.502787e-31 0.000000e+00 0.000000e+00
    outer loop
      vertex 1.060000e+01 3.200000e+00 -4.759683e-01
      vertex 1.070000e+01 3.200000e+00 -3.759683e-01
      vertex 1.050000e+01 3.200000e+00 9.440317e-01
    endloop
  endfacet
  facet normal 1.502787e-31 0.000000e+00 0.000000e+00
    outer loop
      vertex 1.050000e+01 3.200000e+00 9.440317e-01
      vertex 1.070000e+01 3.200000e+00 -3.759683e-01
      vertex 1.060000e+01 3.200000e+00 1.024032e+00
    endloop
  endfacet
  facet normal 1.502787e-31 0.000000e+00 0.000000e+00
    outer loop
      vertex 1.050000e+01 3.200000e+00 9.440317e-01
      vertex 1.060000e+01 3.200000e+00 1.024032e+00
      vertex 1.030000e+01 3.200000e+00 1.124032e+00
    endloop
  endfacet
  facet normal 1.502787e-31 0.000000e+00 0.000000e+00
    outer loop
      vertex 1.060000e+01 3.200000e+00 -4.759683e-01
      vertex 1.100000e+01 3.200000e+00 -4.759683e-01
      vertex 1.070000e+01 3.200000e+00 -3.759683e-01
    endloop
  endfacet
  facet normal 1.502787e-31 0.000000e+00 0.000000e+00
    outer loop
      vertex 1.070000e+01 3.200000e+00 -3.759683e-01
      vertex 1.100000e+01 3.200000e+00 -4.759683e-01
      vertex 1.100000e+01 3.200000e+00 -3.759683e-01
    endloop
  endfacet
  facet normal -1.502787e-31 0.000000e+00 0.000000e+00
    outer loop
      vertex 8.950000e+00 3.500000e+00 6.990317e-01
      vertex 8.950000e+00 3.500000e+00 1.124032e+00
      vertex 9.050000e+00 3.500000e+00 1.024032e+00
    endloop
  endfacet
  facet normal -1.502787e-31 0.000000e+00 0.000000e+00
    outer loop
      vertex 9.050000e+00 3.500000e+00 1.024032e+00
      vertex 8.950000e+00 3.500000e+00 1.124032e+00
      vertex 1.030000e+01 3.500000e+00 1.124032e+00
    endloop
  endfacet
  facet normal -1.502787e-31 0.000000e+00 0.000000e+00
    outer loop
      vertex 9.050000e+00 3.500000e+00 1.024032e+00
      vertex 1.030000e+01 3.500000e+00 1.124032e+00
      vertex 1.028000e+01 3.500000e+00 1.024032e+00
    endloop
  endfacet
  facet normal -1.502787e-31 0.000000e+00 0.000000e+00
    outer loop
      vertex 1.028000e+01 3.500000e+00 1.024032e+00
      vertex 1.030000e+01 3.500000e+00 1.124032e+00
      vertex 1.050000e+01 3.500000e+00 9.440317e-01
    endloop
  endfacet
  facet normal -1.502787e-31 0.000000e+00 0.000000e+00
    outer loop
      vertex 1.030000e+01 3.500000e+00 1.124032e+00
      vertex 1.060000e+01 3.500000e+00 1.024032e+00
      vertex 1.050000e+01 3.500000e+00 9.440317e-01
    endloop
  endfacet
  facet normal -1.502787e-31 0.000000e+00 0.000000e+00
    outer loop
      vertex 1.050000e+01 3.500000e+00 9.440317e-01
      vertex 1.060000e+01 3.500000e+00 1.024032e+00
      vertex 1.070000e+01 3.500000e+00 -3.759683e-01
    endloop
  endfacet
  facet normal -1.502787e-31 0.000000e+00 0.000000e+00
    outer loop
      vertex 1.050000e+01 3.500000e+00 9.440317e-01
      vertex 1.070000e+01 3.500000e+00 -3.759683e-01
      vertex 1.060000e+01 3.500000e+00 -4.759683e-01
    endloop
  endfacet
  facet normal -1.502787e-31 0.000000e+00 0.000000e+00
    outer loop
      vertex 1.060000e+01 3.500000e+00 -4.759683e-01
      vertex 1.070000e+01 3.500000e+00 -3.759683e-01
      vertex 1.100000e+01 3.500000e+00 -4.759683e-01
    endloop
  endfacet
  facet normal -1.502787e-31 0.000000e+00 0.000000e+00
    outer loop
      vertex 1.070000e+01 3.500000e+00 -3.759683e-01
      vertex 1.100000e+01 3.500000e+00 -3.759683e-01
      vertex 1.100000e+01 3.500000e+00 -4.759683e-01
    endloop
  endfacet
  facet normal -1.502787e-31 0.000000e+00 0.000000e+00
    outer loop
      vertex 9.050000e+00 3.500000e+00 1.024032e+00
      vertex 9.050000e+00 3.500000e+00 5.990317e-01
      vertex 8.950000e+00 3.500000e+00 6.990317e-01
    endloop
  endfacet
  facet normal -1.502787e-31 0.000000e+00 0.000000e+00
    outer loop
      vertex 8.950000e+00 3.500000e+00 6.990317e-01
      vertex 9.050000e+00 3.500000e+00 5.990317e-01
      vertex 8.800000e+00 3.500000e+00 5.990317e-01
    endloop
  endfacet
  facet normal -1.502787e-31 0.000000e+00 0.000000e+00
    outer loop
      vertex 8.950000e+00 3.500000e+00 6.990317e-01
      vertex 8.800000e+00 3.500000e+00 5.990317e-01
      vertex 8.800000e+00 3.500000e+00 6.990317e-01
    endloop
  endfacet
endsolid PEC:Pin_3_3
solid PEC:Pin_4_1
  facet normal 0.000000e+00 0.000000e+00 0.000000e+00
    outer loop
      vertex 2.870000e+00 6.380000e+00 6.990317e-01
      vertex 2.870000e+00 6.180000e+00 6.990317e-01
      vertex 2.870000e+00 6.380000e+00 5.990317e-01
    endloop
  endfacet
  facet normal 0.000000e+00 0.000000e+00 0.000000e+00
    outer loop
      vertex 2.870000e+00 6.380000e+00 5.990317e-01
      vertex 2.870000e+00 6.180000e+00 6.990317e-01
      vertex 2.870000e+00 6.180000e+00 5.990317e-01
    endloop
  endfacet
  facet normal -0.000000e+00 0.000000e+00 0.000000e+00
    outer loop
      vertex 2.870000e+00 6.180000e+00 6.990317e-01
      vertex 2.770000e+00 6.180000e+00 6.990317e-01
      vertex 2.870000e+00 6.180000e+00 5.990317e-01
    endloop
  endfacet
  facet normal -0.000000e+00 0.000000e+00 0.000000e+00
    outer loop
      vertex 2.870000e+00 6.180000e+00 5.990317e-01
      vertex 2.770000e+00 6.180000e+00 6.990317e-01
      vertex 2.770000e+00 6.180000e+00 5.990317e-01
    endloop
  endfacet
  facet normal -0.000000e+00 0.000000e+00 0.000000e+00
    outer loop
      vertex 2.870000e+00 6.380000e+00 5.990317e-01
      vertex 2.770000e+00 6.380000e+00 5.990317e-01
      vertex 2.870000e+00 6.380000e+00 6.990317e-01
    endloop
  endfacet
  facet normal -0.000000e+00 0.000000e+00 0.000000e+00
    outer loop
      vertex 2.870000e+00 6.380000e+00 6.990317e-01
      vertex 2.770000e+00 6.380000e+00 5.990317e-01
      vertex 2.770000e+00 6.380000e+00 6.990317e-01
    endloop
  endfacet
  facet normal 0.000000e+00 0.000000e+00 0.000000e+00
    outer loop
      vertex 2.770000e+00 6.380000e+00 6.990317e-01
      vertex 2.770000e+00 6.380000e+00 5.990317e-01
      vertex 1.200000e+00 7.350000e+00 6.990317e-01
    endloop
  endfacet
  facet normal 0.000000e+00 0.000000e+00 0.000000e+00
    outer loop
      vertex 1.200000e+00 7.350000e+00 6.990317e-01
      vertex 2.770000e+00 6.380000e+00 5.990317e-01
      vertex 1.200000e+00 7.350000e+00 5.990317e-01
    endloop
  endfacet
  facet normal 0.000000e+00 0.000000e+00 0.000000e+00
    outer loop
      vertex 2.770000e+00 6.180000e+00 5.990317e-01
      vertex 2.770000e+00 6.180000e+00 6.990317e-01
      vertex 1.200000e+00 7.050000e+00 5.990317e-01
    endloop
  endfacet
  facet normal 0.000000e+00 0.000000e+00 0.000000e+00
    outer loop
      vertex 1.200000e+00 7.050000e+00 5.990317e-01
      vertex 2.770000e+00 6.180000e+00 6.990317e-01
      vertex 1.200000e+00 7.050000e+00 6.990317e-01
    endloop
  endfacet
  facet normal 0.000000e+00 0.000000e+00 0.000000e+00
    outer loop
      vertex 1.050000e+00 7.050000e+00 1.124032e+00
      vertex 1.050000e+00 7.050000e+00 6.990317e-01
      vertex 1.050000e+00 7.350000e+00 1.124032e+00
    endloop
  endfacet
  facet normal 0.000000e+00 0.000000e+00 0.000000e+00
    outer loop
      vertex 1.050000e+00 7.350000e+00 1.124032e+00
      vertex 1.050000e+00 7.050000e+00 6.990317e-01
      vertex 1.050000e+00 7.350000e+00 6.990317e-01
    endloop
  endfacet
  facet normal 1.000000e+00 0.000000e+00 0.000000e+00
    outer loop
      vertex 1.050000e+00 7.050000e+00 6.990317e-01
      vertex 1.200000e+00 7.050000e+00 6.990317e-01
      vertex 1.050000e+00 7.350000e+00 6.990317e-01
    endloop
  endfacet
  facet normal 1.000000e+00 0.000000e+00 0.000000e+00
    outer loop
      vertex 1.050000e+00 7.350000e+00 6.990317e-01
      vertex 1.200000e+00 7.050000e+00 6.990317e-01
      vertex 1.200000e+00 7.350000e+00 6.990317e-01
    endloop
  endfacet
  facet normal 1.000000e+00 0.000000e+00 0.000000e+00
    outer loop
      vertex 1.200000e+00 7.350000e+00 6.990317e-01
      vertex 1.200000e+00 7.050000e+00 6.990317e-01
      vertex 2.770000e+00 6.380000e+00 6.990317e-01
    endloop
  endfacet
  facet normal 1.000000e+00 0.000000e+00 0.000000e+00
    outer loop
      vertex 2.770000e+00 6.380000e+00 6.990317e-01
      vertex 1.200000e+00 7.050000e+00 6.990317e-01
      vertex 2.770000e+00 6.180000e+00 6.990317e-01
    endloop
  endfacet
  facet normal 1.000000e+00 0.000000e+00 0.000000e+00
    outer loop
      vertex 2.770000e+00 6.380000e+00 6.990317e-01
      vertex 2.770000e+00 6.180000e+00 6.990317e-01
      vertex 2.870000e+00 6.180000e+00 6.990317e-01
    endloop
  endfacet
  facet normal 1.000000e+00 0.000000e+00 0.000000e+00
    outer loop
      vertex 2.870000e+00 6.180000e+00 6.990317e-01
      vertex 2.870000e+00 6.380000e+00 6.990317e-01
      vertex 2.770000e+00 6.380000e+00 6.990317e-01
    endloop
  endfacet
  facet normal -1.000000e+00 0.000000e+00 0.000000e+00
    outer loop
      vertex 9.500000e-01 7.050000e+00 5.990317e-01
      vertex 1.200000e+00 7.350000e+00 5.990317e-01
      vertex 1.200000e+00 7.050000e+00 5.990317e-01
    endloop
  endfacet
  facet normal -1.000000e+00 0.000000e+00 0.000000e+00
    outer loop
      vertex 1.200000e+00 7.050000e+00 5.990317e-01
      vertex 1.200000e+00 7.350000e+00 5.990317e-01
      vertex 2.770000e+00 6.380000e+00 5.990317e-01
    endloop
  endfacet
  facet normal -1.000000e+00 0.000000e+00 0.000000e+00
    outer loop
      vertex 1.200000e+00 7.050000e+00 5.990317e-01
      vertex 2.770000e+00 6.380000e+00 5.990317e-01
      vertex 2.770000e+00 6.180000e+00 5.990317e-01
    endloop
  endfacet
  facet normal -1.000000e+00 0.000000e+00 0.000000e+00
    outer loop
      vertex 2.770000e+00 6.180000e+00 5.990317e-01
      vertex 2.770000e+00 6.380000e+00 5.990317e-01
      vertex 2.870000e+00 6.380000e+00 5.990317e-01
    endloop
  endfacet
  facet normal -1.000000e+00 0.000000e+00 0.000000e+00
    outer loop
      vertex 2.770000e+00 6.180000e+00 5.990317e-01
      vertex 2.870000e+00 6.380000e+00 5.990317e-01
      vertex 2.870000e+00 6.180000e+00 5.990317e-01
    endloop
  endfacet
  facet normal -1.000000e+00 0.000000e+00 0.000000e+00
    outer loop
      vertex 9.500000e-01 7.050000e+00 5.990317e-01
      vertex 9.500000e-01 7.350000e+00 5.990317e-01
      vertex 1.200000e+00 7.350000e+00 5.990317e-01
    endloop
  endfacet
  facet normal 0.000000e+00 0.000000e+00 0.000000e+00
    outer loop
      vertex 9.500000e-01 7.050000e+00 5.990317e-01
      vertex 9.500000e-01 7.050000e+00 1.024032e+00
      vertex 9.500000e-01 7.350000e+00 5.990317e-01
    endloop
  endfacet
  facet normal 0.000000e+00 0.000000e+00 0.000000e+00
    outer loop
      vertex 9.500000e-01 7.350000e+00 5.990317e-01
      vertex 9.500000e-01 7.050000e+00 1.024032e+00
      vertex 9.500000e-01 7.350000e+00 1.024032e+00
    endloop
  endfacet
  facet normal 1.000000e+00 0.000000e+00 0.000000e+00
    outer loop
      vertex 1.050000e+00 7.350000e+00 1.124032e+00
      vertex -3.000000e-01 7.350000e+00 1.124032e+00
      vertex 1.050000e+00 7.050000e+00 1.124032e+00
    endloop
  endfacet
  facet normal 1.000000e+00 0.000000e+00 0.000000e+00
    outer loop
      vertex 1.050000e+00 7.050000e+00 1.124032e+00
      vertex -3.000000e-01 7.350000e+00 1.124032e+00
      vertex -3.000000e-01 7.050000e+00 1.124032e+00
    endloop
  endfacet
  facet normal 9.486833e-01 0.000000e+00 0.000000e+00
    outer loop
      vertex -3.000000e-01 7.350000e+00 1.124032e+00
      vertex -6.000000e-01 7.350000e+00 1.024032e+00
      vertex -3.000000e-01 7.050000e+00 1.124032e+00
    endloop
  endfacet
  facet normal 9.486833e-01 0.000000e+00 0.000000e+00
    outer loop
      vertex -3.000000e-01 7.050000e+00 1.124032e+00
      vertex -6.000000e-01 7.350000e+00 1.024032e+00
      vertex -6.000000e-01 7.050000e+00 1.024032e+00
    endloop
  endfacet
  facet normal 7.124705e-02 0.000000e+00 0.000000e+00
    outer loop
      vertex -6.000000e-01 7.350000e+00 1.024032e+00
      vertex -7.000000e-01 7.350000e+00 -3.759683e-01
      vertex -6.000000e-01 7.050000e+00 1.024032e+00
    endloop
  endfacet
  facet normal 7.124705e-02 0.000000e+00 0.000000e+00
    outer loop
      vertex -6.000000e-01 7.050000e+00 1.024032e+00
      vertex -7.000000e-01 7.350000e+00 -3.759683e-01
      vertex -7.000000e-01 7.050000e+00 -3.759683e-01
    endloop
  endfacet
  facet normal 1.000000e+00 0.000000e+00 0.000000e+00
    outer loop
      vertex -7.000000e-01 7.350000e+00 -3.759683e-01
      vertex -1.000000e+00 7.350000e+00 -3.759683e-01
      vertex -7.000000e-01 7.050000e+00 -3.759683e-01
    endloop
  endfacet
  facet normal 1.000000e+00 0.000000e+00 0.000000e+00
    outer loop
      vertex -7.000000e-01 7.050000e+00 -3.759683e-01
      vertex -1.000000e+00 7.350000e+00 -3.759683e-01
      vertex -1.000000e+00 7.050000e+00 -3.759683e-01
    endloop
  endfacet
  facet normal 0.000000e+00 0.000000e+00 0.000000e+00
    outer loop
      vertex -1.000000e+00 7.350000e+00 -3.759683e-01
      vertex -1.000000e+00 7.350000e+00 -4.759683e-01
      vertex -1.000000e+00 7.050000e+00 -3.759683e-01
    endloop
  endfacet
  facet normal 0.000000e+00 0.000000e+00 0.000000e+00
    outer loop
      vertex -1.000000e+00 7.050000e+00 -3.759683e-01
      vertex -1.000000e+00 7.350000e+00 -4.759683e-01
      vertex -1.000000e+00 7.050000e+00 -4.759683e-01
    endloop
  endfacet
  facet normal -1.000000e+00 0.000000e+00 0.000000e+00
    outer loop
      vertex -1.000000e+00 7.350000e+00 -4.759683e-01
      vertex -6.000000e-01 7.350000e+00 -4.759683e-01
      vertex -1.000000e+00 7.050000e+00 -4.759683e-01
    endloop
  endfacet
  facet normal -1.000000e+00 0.000000e+00 0.000000e+00
    outer loop
      vertex -1.000000e+00 7.050000e+00 -4.759683e-01
      vertex -6.000000e-01 7.350000e+00 -4.759683e-01
      vertex -6.000000e-01 7.050000e+00 -4.759683e-01
    endloop
  endfacet
  facet normal -7.024856e-02 0.000000e+00 0.000000e+00
    outer loop
      vertex -6.000000e-01 7.350000e+00 -4.759683e-01
      vertex -5.000000e-01 7.350000e+00 9.440317e-01
      vertex -6.000000e-01 7.050000e+00 -4.759683e-01
    endloop
  endfacet
  facet normal -7.024856e-02 0.000000e+00 0.000000e+00
    outer loop
      vertex -6.000000e-01 7.050000e+00 -4.759683e-01
      vertex -5.000000e-01 7.350000e+00 9.440317e-01
      vertex -5.000000e-01 7.050000e+00 9.440317e-01
    endloop
  endfacet
  facet normal -9.397934e-01 0.000000e+00 0.000000e+00
    outer loop
      vertex -5.000000e-01 7.350000e+00 9.440317e-01
      vertex -2.800000e-01 7.350000e+00 1.024032e+00
      vertex -5.000000e-01 7.050000e+00 9.440317e-01
    endloop
  endfacet
  facet normal -9.397934e-01 0.000000e+00 0.000000e+00
    outer loop
      vertex -5.000000e-01 7.050000e+00 9.440317e-01
      vertex -2.800000e-01 7.350000e+00 1.024032e+00
      vertex -2.800000e-01 7.050000e+00 1.024032e+00
    endloop
  endfacet
  facet normal -1.000000e+00 0.000000e+00 0.000000e+00
    outer loop
      vertex -2.800000e-01 7.350000e+00 1.024032e+00
      vertex 9.500000e-01 7.350000e+00 1.024032e+00
      vertex -2.800000e-01 7.050000e+00 1.024032e+00
    endloop
  endfacet
  facet normal -1.000000e+00 0.000000e+00 0.000000e+00
    outer loop
      vertex -2.800000e-01 7.050000e+00 1.024032e+00
      vertex 9.500000e-01 7.350000e+00 1.024032e+00
      vertex 9.500000e-01 7.050000e+00 1.024032e+00
    endloop
  endfacet
  facet normal 1.502787e-31 0.000000e+00 0.000000e+00
    outer loop
      vertex 1.050000e+00 7.350000e+00 1.124032e+00
      vertex 9.500000e-01 7.350000e+00 1.024032e+00
      vertex -3.000000e-01 7.350000e+00 1.124032e+00
    endloop
  endfacet
  facet normal 1.502787e-31 0.000000e+00 0.000000e+00
    outer loop
      vertex -3.000000e-01 7.350000e+00 1.124032e+00
      vertex 9.500000e-01 7.350000e+00 1.024032e+00
      vertex -2.800000e-01 7.350000e+00 1.024032e+00
    endloop
  endfacet
  facet normal 1.502787e-31 0.000000e+00 0.000000e+00
    outer loop
      vertex -3.000000e-01 7.350000e+00 1.124032e+00
      vertex -2.800000e-01 7.350000e+00 1.024032e+00
      vertex -5.000000e-01 7.350000e+00 9.440317e-01
    endloop
  endfacet
  facet normal 1.502787e-31 0.000000e+00 0.000000e+00
    outer loop
      vertex 1.050000e+00 7.350000e+00 1.124032e+00
      vertex 1.050000e+00 7.350000e+00 6.990317e-01
      vertex 9.500000e-01 7.350000e+00 1.024032e+00
    endloop
  endfacet
  facet normal 1.502787e-31 0.000000e+00 0.000000e+00
    outer loop
      vertex 9.500000e-01 7.350000e+00 1.024032e+00
      vertex 1.050000e+00 7.350000e+00 6.990317e-01
      vertex 9.500000e-01 7.350000e+00 5.990317e-01
    endloop
  endfacet
  facet normal 1.502787e-31 0.000000e+00 0.000000e+00
    outer loop
      vertex 1.200000e+00 7.350000e+00 6.990317e-01
      vertex 1.200000e+00 7.350000e+00 5.990317e-01
      vertex 1.050000e+00 7.350000e+00 6.990317e-01
    endloop
  endfacet
  facet normal 1.502787e-31 0.000000e+00 0.000000e+00
    outer loop
      vertex 1.050000e+00 7.350000e+00 6.990317e-01
      vertex 1.200000e+00 7.350000e+00 5.990317e-01
      vertex 9.500000e-01 7.350000e+00 5.990317e-01
    endloop
  endfacet
  facet normal 1.502787e-31 0.000000e+00 0.000000e+00
    outer loop
      vertex -6.000000e-01 7.350000e+00 -4.759683e-01
      vertex -7.000000e-01 7.350000e+00 -3.759683e-01
      vertex -5.000000e-01 7.350000e+00 9.440317e-01
    endloop
  endfacet
  facet normal 1.502787e-31 0.000000e+00 0.000000e+00
    outer loop
      vertex -5.000000e-01 7.350000e+00 9.440317e-01
      vertex -7.000000e-01 7.350000e+00 -3.759683e-01
      vertex -6.000000e-01 7.350000e+00 1.024032e+00
    endloop
  endfacet
  facet normal 1.502787e-31 0.000000e+00 0.000000e+00
    outer loop
      vertex -5.000000e-01 7.350000e+00 9.440317e-01
      vertex -6.000000e-01 7.350000e+00 1.024032e+00
      vertex -3.000000e-01 7.350000e+00 1.124032e+00
    endloop
  endfacet
  facet normal 1.502787e-31 0.000000e+00 0.000000e+00
    outer loop
      vertex -6.000000e-01 7.350000e+00 -4.759683e-01
      vertex -1.000000e+00 7.350000e+00 -4.759683e-01
      vertex -7.000000e-01 7.350000e+00 -3.759683e-01
    endloop
  endfacet
  facet normal 1.502787e-31 0.000000e+00 0.000000e+00
    outer loop
      vertex -7.000000e-01 7.350000e+00 -3.759683e-01
      vertex -1.000000e+00 7.350000e+00 -4.759683e-01
      vertex -1.000000e+00 7.350000e+00 -3.759683e-01
    endloop
  endfacet
  facet normal -1.502787e-31 0.000000e+00 0.000000e+00
    outer loop
      vertex 1.050000e+00 7.050000e+00 6.990317e-01
      vertex 1.050000e+00 7.050000e+00 1.124032e+00
      vertex 9.500000e-01 7.050000e+00 1.024032e+00
    endloop
  endfacet
  facet normal -1.502787e-31 0.000000e+00 0.000000e+00
    outer loop
      vertex 9.500000e-01 7.050000e+00 1.024032e+00
      vertex 1.050000e+00 7.050000e+00 1.124032e+00
      vertex -3.000000e-01 7.050000e+00 1.124032e+00
    endloop
  endfacet
  facet normal -1.502787e-31 0.000000e+00 0.000000e+00
    outer loop
      vertex 9.500000e-01 7.050000e+00 1.024032e+00
      vertex -3.000000e-01 7.050000e+00 1.124032e+00
      vertex -2.800000e-01 7.050000e+00 1.024032e+00
    endloop
  endfacet
  facet normal -1.502787e-31 0.000000e+00 0.000000e+00
    outer loop
      vertex -2.800000e-01 7.050000e+00 1.024032e+00
      vertex -3.000000e-01 7.050000e+00 1.124032e+00
      vertex -5.000000e-01 7.050000e+00 9.440317e-01
    endloop
  endfacet
  facet normal -1.502787e-31 0.000000e+00 0.000000e+00
    outer loop
      vertex -3.000000e-01 7.050000e+00 1.124032e+00
      vertex -6.000000e-01 7.050000e+00 1.024032e+00
      vertex -5.000000e-01 7.050000e+00 9.440317e-01
    endloop
  endfacet
  facet normal -1.502787e-31 0.000000e+00 0.000000e+00
    outer loop
      vertex -5.000000e-01 7.050000e+00 9.440317e-01
      vertex -6.000000e-01 7.050000e+00 1.024032e+00
      vertex -7.000000e-01 7.050000e+00 -3.759683e-01
    endloop
  endfacet
  facet normal -1.502787e-31 0.000000e+00 0.000000e+00
    outer loop
      vertex -5.000000e-01 7.050000e+00 9.440317e-01
      vertex -7.000000e-01 7.050000e+00 -3.759683e-01
      vertex -6.000000e-01 7.050000e+00 -4.759683e-01
    endloop
  endfacet
  facet normal -1.502787e-31 0.000000e+00 0.000000e+00
    outer loop
      vertex -6.000000e-01 7.050000e+00 -4.759683e-01
      vertex -7.000000e-01 7.050000e+00 -3.759683e-01
      vertex -1.000000e+00 7.050000e+00 -4.759683e-01
    endloop
  endfacet
  facet normal -1.502787e-31 0.000000e+00 0.000000e+00
    outer loop
      vertex -7.000000e-01 7.050000e+00 -3.759683e-01
      vertex -1.000000e+00 7.050000e+00 -3.759683e-01
      vertex -1.000000e+00 7.050000e+00 -4.759683e-01
    endloop
  endfacet
  facet normal -1.502787e-31 0.000000e+00 0.000000e+00
    outer loop
      vertex 9.500000e-01 7.050000e+00 1.024032e+00
      vertex 9.500000e-01 7.050000e+00 5.990317e-01
      vertex 1.050000e+00 7.050000e+00 6.990317e-01
    endloop
  endfacet
  facet normal -1.502787e-31 0.000000e+00 0.000000e+00
    outer loop
      vertex 1.050000e+00 7.050000e+00 6.990317e-01
      vertex 9.500000e-01 7.050000e+00 5.990317e-01
      vertex 1.200000e+00 7.050000e+00 5.990317e-01
    endloop
  endfacet
  facet normal -1.502787e-31 0.000000e+00 0.000000e+00
    outer loop
      vertex 1.050000e+00 7.050000e+00 6.990317e-01
      vertex 1.200000e+00 7.050000e+00 5.990317e-01
      vertex 1.200000e+00 7.050000e+00 6.990317e-01
    endloop
  endfacet
endsolid PEC:Pin_4_1
solid PEC:Pin_4_2
  facet normal 0.000000e+00 0.000000e+00 0.000000e+00
    outer loop
      vertex 3.620000e+00 2.870000e+00 6.990317e-01
      vertex 3.820000e+00 2.870000e+00 6.990317e-01
      vertex 3.620000e+00 2.870000e+00 5.990317e-01
    endloop
  endfacet
  facet normal 0.000000e+00 0.000000e+00 0.000000e+00
    outer loop
      vertex 3.620000e+00 2.870000e+00 5.990317e-01
      vertex 3.820000e+00 2.870000e+00 6.990317e-01
      vertex 3.820000e+00 2.870000e+00 5.990317e-01
    endloop
  endfacet
  facet normal -0.000000e+00 0.000000e+00 0.000000e+00
    outer loop
      vertex 3.820000e+00 2.870000e+00 6.990317e-01
      vertex 3.820000e+00 2.770000e+00 6.990317e-01
      vertex 3.820000e+00 2.870000e+00 5.990317e-01
    endloop
  endfacet
  facet normal -0.000000e+00 0.000000e+00 0.000000e+00
    outer loop
      vertex 3.820000e+00 2.870000e+00 5.990317e-01
      vertex 3.820000e+00 2.770000e+00 6.990317e-01
      vertex 3.820000e+00 2.770000e+00 5.990317e-01
    endloop
  endfacet
  facet normal -0.000000e+00 0.000000e+00 0.000000e+00
    outer loop
      vertex 3.620000e+00 2.870000e+00 5.990317e-01
      vertex 3.620000e+00 2.770000e+00 5.990317e-01
      vertex 3.620000e+00 2.870000e+00 6.990317e-01
    endloop
  endfacet
  facet normal -0.000000e+00 0.000000e+00 0.000000e+00
    outer loop
      vertex 3.620000e+00 2.870000e+00 6.990317e-01
      vertex 3.620000e+00 2.770000e+00 5.990317e-01
      vertex 3.620000e+00 2.770000e+00 6.990317e-01
    endloop
  endfacet
  facet normal 0.000000e+00 0.000000e+00 0.000000e+00
    outer loop
      vertex 3.620000e+00 2.770000e+00 6.990317e-01
      vertex 3.620000e+00 2.770000e+00 5.990317e-01
      vertex 2.650000e+00 1.200000e+00 6.990317e-01
    endloop
  endfacet
  facet normal 0.000000e+00 0.000000e+00 0.000000e+00
    outer loop
      vertex 2.650000e+00 1.200000e+00 6.990317e-01
      vertex 3.620000e+00 2.770000e+00 5.990317e-01
      vertex 2.650000e+00 1.200000e+00 5.990317e-01
    endloop
  endfacet
  facet normal 0.000000e+00 0.000000e+00 0.000000e+00
    outer loop
      vertex 3.820000e+00 2.770000e+00 5.990317e-01
      vertex 3.820000e+00 2.770000e+00 6.990317e-01
      vertex 2.950000e+00 1.200000e+00 5.990317e-01
    endloop
  endfacet
  facet normal 0.000000e+00 0.000000e+00 0.000000e+00
    outer loop
      vertex 2.950000e+00 1.200000e+00 5.990317e-01
      vertex 3.820000e+00 2.770000e+00 6.990317e-01
      vertex 2.950000e+00 1.200000e+00 6.990317e-01
    endloop
  endfacet
  facet normal 0.000000e+00 0.000000e+00 0.000000e+00
    outer loop
      vertex 2.950000e+00 1.050000e+00 1.124032e+00
      vertex 2.950000e+00 1.050000e+00 6.990317e-01
      vertex 2.650000e+00 1.050000e+00 1.124032e+00
    endloop
  endfacet
  facet normal 0.000000e+00 0.000000e+00 0.000000e+00
    outer loop
      vertex 2.650000e+00 1.050000e+00 1.124032e+00
      vertex 2.950000e+00 1.050000e+00 6.990317e-01
      vertex 2.650000e+00 1.050000e+00 6.990317e-01
    endloop
  endfacet
  facet normal 1.000000e+00 0.000000e+00 0.000000e+00
    outer loop
      vertex 2.950000e+00 1.050000e+00 6.990317e-01
      vertex 2.950000e+00 1.200000e+00 6.990317e-01
      vertex 2.650000e+00 1.050000e+00 6.990317e-01
    endloop
  endfacet
  facet normal 1.000000e+00 0.000000e+00 0.000000e+00
    outer loop
      vertex 2.650000e+00 1.050000e+00 6.990317e-01
      vertex 2.950000e+00 1.200000e+00 6.990317e-01
      vertex 2.650000e+00 1.200000e+00 6.990317e-01
    endloop
  endfacet
  facet normal 1.000000e+00 0.000000e+00 0.000000e+00
    outer loop
      vertex 2.650000e+00 1.200000e+00 6.990317e-01
      vertex 2.950000e+00 1.200000e+00 6.990317e-01
      vertex 3.620000e+00 2.770000e+00 6.990317e-01
    endloop
  endfacet
  facet normal 1.000000e+00 0.000000e+00 0.000000e+00
    outer loop
      vertex 3.620000e+00 2.770000e+00 6.990317e-01
      vertex 2.950000e+00 1.200000e+00 6.990317e-01
      vertex 3.820000e+00 2.770000e+00 6.990317e-01
    endloop
  endfacet
  facet normal 1.000000e+00 0.000000e+00 0.000000e+00
    outer loop
      vertex 3.620000e+00 2.770000e+00 6.990317e-01
      vertex 3.820000e+00 2.770000e+00 6.990317e-01
      vertex 3.820000e+00 2.870000e+00 6.990317e-01
    endloop
  endfacet
  facet normal 1.000000e+00 0.000000e+00 0.000000e+00
    outer loop
      vertex 3.820000e+00 2.870000e+00 6.990317e-01
      vertex 3.620000e+00 2.870000e+00 6.990317e-01
      vertex 3.620000e+00 2.770000e+00 6.990317e-01
    endloop
  endfacet
  facet normal -1.000000e+00 0.000000e+00 0.000000e+00
    outer loop
      vertex 2.950000e+00 9.500000e-01 5.990317e-01
      vertex 2.650000e+00 1.200000e+00 5.990317e-01
      vertex 2.950000e+00 1.200000e+00 5.990317e-01
    endloop
  endfacet
  facet normal -1.000000e+00 0.000000e+00 0.000000e+00
    outer loop
      vertex 2.950000e+00 1.200000e+00 5.990317e-01
      vertex 2.650000e+00 1.200000e+00 5.990317e-01
      vertex 3.620000e+00 2.770000e+00 5.990317e-01
    endloop
  endfacet
  facet normal -1.000000e+00 0.000000e+00 0.000000e+00
    outer loop
      vertex 2.950000e+00 1.200000e+00 5.990317e-01
      vertex 3.620000e+00 2.770000e+00 5.990317e-01
      vertex 3.820000e+00 2.770000e+00 5.990317e-01
    endloop
  endfacet
  facet normal -1.000000e+00 0.000000e+00 0.000000e+00
    outer loop
      vertex 3.820000e+00 2.770000e+00 5.990317e-01
      vertex 3.620000e+00 2.770000e+00 5.990317e-01
      vertex 3.620000e+00 2.870000e+00 5.990317e-01
    endloop
  endfacet
  facet normal -1.000000e+00 0.000000e+00 0.000000e+00
    outer loop
      vertex 3.820000e+00 2.770000e+00 5.990317e-01
      vertex 3.620000e+00 2.870000e+00 5.990317e-01
      vertex 3.820000e+00 2.870000e+00 5.990317e-01
    endloop
  endfacet
  facet normal -1.000000e+00 0.000000e+00 0.000000e+00
    outer loop
      vertex 2.950000e+00 9.500000e-01 5.990317e-01
      vertex 2.650000e+00 9.500000e-01 5.990317e-01
      vertex 2.650000e+00 1.200000e+00 5.990317e-01
    endloop
  endfacet
  facet normal 0.000000e+00 0.000000e+00 0.000000e+00
    outer loop
      vertex 2.950000e+00 9.500000e-01 5.990317e-01
      vertex 2.950000e+00 9.500000e-01 1.024032e+00
      vertex 2.650000e+00 9.500000e-01 5.990317e-01
    endloop
  endfacet
  facet normal 0.000000e+00 0.000000e+00 0.000000e+00
    outer loop
      vertex 2.650000e+00 9.500000e-01 5.990317e-01
      vertex 2.950000e+00 9.500000e-01 1.024032e+00
      vertex 2.650000e+00 9.500000e-01 1.024032e+00
    endloop
  endfacet
  facet normal 1.000000e+00 0.000000e+00 0.000000e+00
    outer loop
      vertex 2.650000e+00 1.050000e+00 1.124032e+00
      vertex 2.650000e+00 -3.000000e-01 1.124032e+00
      vertex 2.950000e+00 1.050000e+00 1.124032e+00
    endloop
  endfacet
  facet normal 1.000000e+00 0.000000e+00 0.000000e+00
    outer loop
      vertex 2.950000e+00 1.050000e+00 1.124032e+00
      vertex 2.650000e+00 -3.000000e-01 1.124032e+00
      vertex 2.950000e+00 -3.000000e-01 1.124032e+00
    endloop
  endfacet
  facet normal 9.486833e-01 0.000000e+00 0.000000e+00
    outer loop
      vertex 2.650000e+00 -3.000000e-01 1.124032e+00
      vertex 2.650000e+00 -6.000000e-01 1.024032e+00
      vertex 2.950000e+00 -3.000000e-01 1.124032e+00
    endloop
  endfacet
  facet normal 9.486833e-01 0.000000e+00 0.000000e+00
    outer loop
      vertex 2.950000e+00 -3.000000e-01 1.124032e+00
      vertex 2.650000e+00 -6.000000e-01 1.024032e+00
      vertex 2.950000e+00 -6.000000e-01 1.024032e+00
    endloop
  endfacet
  facet normal 7.124705e-02 0.000000e+00 0.000000e+00
    outer loop
      vertex 2.650000e+00 -6.000000e-01 1.024032e+00
      vertex 2.650000e+00 -7.000000e-01 -3.759683e-01
      vertex 2.950000e+00 -6.000000e-01 1.024032e+00
    endloop
  endfacet
  facet normal 7.124705e-02 0.000000e+00 0.000000e+00
    outer loop
      vertex 2.950000e+00 -6.000000e-01 1.024032e+00
      vertex 2.650000e+00 -7.000000e-01 -3.759683e-01
      vertex 2.950000e+00 -7.000000e-01 -3.759683e-01
    endloop
  endfacet
  facet normal 1.000000e+00 0.000000e+00 0.000000e+00
    outer loop
      vertex 2.650000e+00 -7.000000e-01 -3.759683e-01
      vertex 2.650000e+00 -1.000000e+00 -3.759683e-01
      vertex 2.950000e+00 -7.000000e-01 -3.759683e-01
    endloop
  endfacet
  facet normal 1.000000e+00 0.000000e+00 0.000000e+00
    outer loop
      vertex 2.950000e+00 -7.000000e-01 -3.759683e-01
      vertex 2.650000e+00 -1.000000e+00 -3.759683e-01
      vertex 2.950000e+00 -1.000000e+00 -3.759683e-01
    endloop
  endfacet
  facet normal 0.000000e+00 0.000000e+00 0.000000e+00
    outer loop
      vertex 2.650000e+00 -1.000000e+00 -3.759683e-01
      vertex 2.650000e+00 -1.000000e+00 -4.759683e-01
      vertex 2.950000e+00 -1.000000e+00 -3.759683e-01
    endloop
  endfacet
  facet normal 0.000000e+00 0.000000e+00 0.000000e+00
    outer loop
      vertex 2.950000e+00 -1.000000e+00 -3.759683e-01
      vertex 2.650000e+00 -1.000000e+00 -4.759683e-01
      vertex 2.950000e+00 -1.000000e+00 -4.759683e-01
    endloop
  endfacet
  facet normal -1.000000e+00 0.000000e+00 0.000000e+00
    outer loop
      vertex 2.650000e+00 -1.000000e+00 -4.759683e-01
      vertex 2.650000e+00 -6.000000e-01 -4.759683e-01
      vertex 2.950000e+00 -1.000000e+00 -4.759683e-01
    endloop
  endfacet
  facet normal -1.000000e+00 0.000000e+00 0.000000e+00
    outer loop
      vertex 2.950000e+00 -1.000000e+00 -4.759683e-01
      vertex 2.650000e+00 -6.000000e-01 -4.759683e-01
      vertex 2.950000e+00 -6.000000e-01 -4.759683e-01
    endloop
  endfacet
  facet normal -7.024856e-02 0.000000e+00 0.000000e+00
    outer loop
      vertex 2.650000e+00 -6.000000e-01 -4.759683e-01
      vertex 2.650000e+00 -5.000000e-01 9.440317e-01
      vertex 2.950000e+00 -6.000000e-01 -4.759683e-01
    endloop
  endfacet
  facet normal -7.024856e-02 0.000000e+00 0.000000e+00
    outer loop
      vertex 2.950000e+00 -6.000000e-01 -4.759683e-01
      vertex 2.650000e+00 -5.000000e-01 9.440317e-01
      vertex 2.950000e+00 -5.000000e-01 9.440317e-01
    endloop
  endfacet
  facet normal -9.397934e-01 0.000000e+00 0.000000e+00
    outer loop
      vertex 2.650000e+00 -5.000000e-01 9.440317e-01
      vertex 2.650000e+00 -2.800000e-01 1.024032e+00
      vertex 2.950000e+00 -5.000000e-01 9.440317e-01
    endloop
  endfacet
  facet normal -9.397934e-01 0.000000e+00 0.000000e+00
    outer loop
      vertex 2.950000e+00 -5.000000e-01 9.440317e-01
      vertex 2.650000e+00 -2.800000e-01 1.024032e+00
      vertex 2.950000e+00 -2.800000e-01 1.024032e+00
    endloop
  endfacet
  facet normal -1.000000e+00 0.000000e+00 0.000000e+00
    outer loop
      vertex 2.650000e+00 -2.800000e-01 1.024032e+00
      vertex 2.650000e+00 9.500000e-01 1.024032e+00
      vertex 2.950000e+00 -2.800000e-01 1.024032e+00
    endloop
  endfacet
  facet normal -1.000000e+00 0.000000e+00 0.000000e+00
    outer loop
      vertex 2.950000e+00 -2.800000e-01 1.024032e+00
      vertex 2.650000e+00 9.500000e-01 1.024032e+00
      vertex 2.950000e+00 9.500000e-01 1.024032e+00
    endloop
  endfacet
  facet normal 1.502787e-31 0.000000e+00 0.000000e+00
    outer loop
      vertex 2.650000e+00 1.050000e+00 1.124032e+00
      vertex 2.650000e+00 9.500000e-01 1.024032e+00
      vertex 2.650000e+00 -3.000000e-01 1.124032e+00
    endloop
  endfacet
  facet normal 1.502787e-31 0.000000e+00 0.000000e+00
    outer loop
      vertex 2.650000e+00 -3.000000e-01 1.124032e+00
      vertex 2.650000e+00 9.500000e-01 1.024032e+00
      vertex 2.650000e+00 -2.800000e-01 1.024032e+00
    endloop
  endfacet
  facet normal 1.502787e-31 0.000000e+00 0.000000e+00
    outer loop
      vertex 2.650000e+00 -3.000000e-01 1.124032e+00
      vertex 2.650000e+00 -2.800000e-01 1.024032e+00
      vertex 2.650000e+00 -5.000000e-01 9.440317e-01
    endloop
  endfacet
  facet normal 1.502787e-31 0.000000e+00 0.000000e+00
    outer loop
      vertex 2.650000e+00 1.050000e+00 1.124032e+00
      vertex 2.650000e+00 1.050000e+00 6.990317e-01
      vertex 2.650000e+00 9.500000e-01 1.024032e+00
    endloop
  endfacet
  facet normal 1.502787e-31 0.000000e+00 0.000000e+00
    outer loop
      vertex 2.650000e+00 9.500000e-01 1.024032e+00
      vertex 2.650000e+00 1.050000e+00 6.990317e-01
      vertex 2.650000e+00 9.500000e-01 5.990317e-01
    endloop
  endfacet
  facet normal 1.502787e-31 0.000000e+00 0.000000e+00
    outer loop
      vertex 2.650000e+00 1.200000e+00 6.990317e-01
      vertex 2.650000e+00 1.200000e+00 5.990317e-01
      vertex 2.650000e+00 1.050000e+00 6.990317e-01
    endloop
  endfacet
  facet normal 1.502787e-31 0.000000e+00 0.000000e+00
    outer loop
      vertex 2.650000e+00 1.050000e+00 6.990317e-01
      vertex 2.650000e+00 1.200000e+00 5.990317e-01
      vertex 2.650000e+00 9.500000e-01 5.990317e-01
    endloop
  endfacet
  facet normal 1.502787e-31 0.000000e+00 0.000000e+00
    outer loop
      vertex 2.650000e+00 -6.000000e-01 -4.759683e-01
      vertex 2.650000e+00 -7.000000e-01 -3.759683e-01
      vertex 2.650000e+00 -5.000000e-01 9.440317e-01
    endloop
  endfacet
  facet normal 1.502787e-31 0.000000e+00 0.000000e+00
    outer loop
      vertex 2.650000e+00 -5.000000e-01 9.440317e-01
      vertex 2.650000e+00 -7.000000e-01 -3.759683e-01
      vertex 2.650000e+00 -6.000000e-01 1.024032e+00
    endloop
  endfacet
  facet normal 1.502787e-31 0.000000e+00 0.000000e+00
    outer loop
      vertex 2.650000e+00 -5.000000e-01 9.440317e-01
      vertex 2.650000e+00 -6.000000e-01 1.024032e+00
      vertex 2.650000e+00 -3.000000e-01 1.124032e+00
    endloop
  endfacet
  facet normal 1.502787e-31 0.000000e+00 0.000000e+00
    outer loop
      vertex 2.650000e+00 -6.000000e-01 -4.759683e-01
      vertex 2.650000e+00 -1.000000e+00 -4.759683e-01
      vertex 2.650000e+00 -7.000000e-01 -3.759683e-01
    endloop
  endfacet
  facet normal 1.502787e-31 0.000000e+00 0.000000e+00
    outer loop
      vertex 2.650000e+00 -7.000000e-01 -3.759683e-01
      vertex 2.650000e+00 -1.000000e+00 -4.759683e-01
      vertex 2.650000e+00 -1.000000e+00 -3.759683e-01
    endloop
  endfacet
  facet normal -1.502787e-31 0.000000e+00 0.000000e+00
    outer loop
      vertex 2.950000e+00 1.050000e+00 6.990317e-01
      vertex 2.950000e+00 1.050000e+00 1.124032e+00
      vertex 2.950000e+00 9.500000e-01 1.024032e+00
    endloop
  endfacet
  facet normal -1.502787e-31 0.000000e+00 0.000000e+00
    outer loop
      vertex 2.950000e+00 9.500000e-01 1.024032e+00
      vertex 2.950000e+00 1.050000e+00 1.124032e+00
      vertex 2.950000e+00 -3.000000e-01 1.124032e+00
    endloop
  endfacet
  facet normal -1.502787e-31 0.000000e+00 0.000000e+00
    outer loop
      vertex 2.950000e+00 9.500000e-01 1.024032e+00
      vertex 2.950000e+00 -3.000000e-01 1.124032e+00
      vertex 2.950000e+00 -2.800000e-01 1.024032e+00
    endloop
  endfacet
  facet normal -1.502787e-31 0.000000e+00 0.000000e+00
    outer loop
      vertex 2.950000e+00 -2.800000e-01 1.024032e+00
      vertex 2.950000e+00 -3.000000e-01 1.124032e+00
      vertex 2.950000e+00 -5.000000e-01 9.440317e-01
    endloop
  endfacet
  facet normal -1.502787e-31 0.000000e+00 0.000000e+00
    outer loop
      vertex 2.950000e+00 -3.000000e-01 1.124032e+00
      vertex 2.950000e+00 -6.000000e-01 1.024032e+00
      vertex 2.950000e+00 -5.000000e-01 9.440317e-01
    endloop
  endfacet
  facet normal -1.502787e-31 0.000000e+00 0.000000e+00
    outer loop
      vertex 2.950000e+00 -5.000000e-01 9.440317e-01
      vertex 2.950000e+00 -6.000000e-01 1.024032e+00
      vertex 2.950000e+00 -7.000000e-01 -3.759683e-01
    endloop
  endfacet
  facet normal -1.502787e-31 0.000000e+00 0.000000e+00
    outer loop
      vertex 2.950000e+00 -5.000000e-01 9.440317e-01
      vertex 2.950000e+00 -7.000000e-01 -3.759683e-01
      vertex 2.950000e+00 -6.000000e-01 -4.759683e-01
    endloop
  endfacet
  facet normal -1.502787e-31 0.000000e+00 0.000000e+00
    outer loop
      vertex 2.950000e+00 -6.000000e-01 -4.759683e-01
      vertex 2.950000e+00 -7.000000e-01 -3.759683e-01
      vertex 2.950000e+00 -1.000000e+00 -4.759683e-01
    endloop
  endfacet
  facet normal -1.502787e-31 0.000000e+00 0.000000e+00
    outer loop
      vertex 2.950000e+00 -7.000000e-01 -3.759683e-01
      vertex 2.950000e+00 -1.000000e+00 -3.759683e-01
      vertex 2.950000e+00 -1.000000e+00 -4.759683e-01
    endloop
  endfacet
  facet normal -1.502787e-31 0.000000e+00 0.000000e+00
    outer loop
      vertex 2.950000e+00 9.500000e-01 1.024032e+00
      vertex 2.950000e+00 9.500000e-01 5.990317e-01
      vertex 2.950000e+00 1.050000e+00 6.990317e-01
    endloop
  endfacet
  facet normal -1.502787e-31 0.000000e+00 0.000000e+00
    outer loop
      vertex 2.950000e+00 1.050000e+00 6.990317e-01
      vertex 2.950000e+00 9.500000e-01 5.990317e-01
      vertex 2.950000e+00 1.200000e+00 5.990317e-01
    endloop
  endfacet
  facet normal -1.502787e-31 0.000000e+00 0.000000e+00
    outer loop
      vertex 2.950000e+00 1.050000e+00 6.990317e-01
      vertex 2.950000e+00 1.200000e+00 5.990317e-01
      vertex 2.950000e+00 1.200000e+00 6.990317e-01
    endloop
  endfacet
endsolid PEC:Pin_4_2
solid PEC:Pin_4_3
  facet normal 0.000000e+00 0.000000e+00 0.000000e+00
    outer loop
      vertex 7.130000e+00 3.620000e+00 6.990317e-01
      vertex 7.130000e+00 3.820000e+00 6.990317e-01
      vertex 7.130000e+00 3.620000e+00 5.990317e-01
    endloop
  endfacet
  facet normal 0.000000e+00 0.000000e+00 0.000000e+00
    outer loop
      vertex 7.130000e+00 3.620000e+00 5.990317e-01
      vertex 7.130000e+00 3.820000e+00 6.990317e-01
      vertex 7.130000e+00 3.820000e+00 5.990317e-01
    endloop
  endfacet
  facet normal -0.000000e+00 0.000000e+00 0.000000e+00
    outer loop
      vertex 7.130000e+00 3.820000e+00 6.990317e-01
      vertex 7.230000e+00 3.820000e+00 6.990317e-01
      vertex 7.130000e+00 3.820000e+00 5.990317e-01
    endloop
  endfacet
  facet normal -0.000000e+00 0.000000e+00 0.000000e+00
    outer loop
      vertex 7.130000e+00 3.820000e+00 5.990317e-01
      vertex 7.230000e+00 3.820000e+00 6.990317e-01
      vertex 7.230000e+00 3.820000e+00 5.990317e-01
    endloop
  endfacet
  facet normal -0.000000e+00 0.000000e+00 0.000000e+00
    outer loop
      vertex 7.130000e+00 3.620000e+00 5.990317e-01
      vertex 7.230000e+00 3.620000e+00 5.990317e-01
      vertex 7.130000e+00 3.620000e+00 6.990317e-01
    endloop
  endfacet
  facet normal -0.000000e+00 0.000000e+00 0.000000e+00
    outer loop
      vertex 7.130000e+00 3.620000e+00 6.990317e-01
      vertex 7.230000e+00 3.620000e+00 5.990317e-01
      vertex 7.230000e+00 3.620000e+00 6.990317e-01
    endloop
  endfacet
  facet normal 0.000000e+00 0.000000e+00 0.000000e+00
    outer loop
      vertex 7.230000e+00 3.620000e+00 6.990317e-01
      vertex 7.230000e+00 3.620000e+00 5.990317e-01
      vertex 8.800000e+00 2.650000e+00 6.990317e-01
    endloop
  endfacet
  facet normal 0.000000e+00 0.000000e+00 0.000000e+00
    outer loop
      vertex 8.800000e+00 2.650000e+00 6.990317e-01
      vertex 7.230000e+00 3.620000e+00 5.990317e-01
      vertex 8.800000e+00 2.650000e+00 5.990317e-01
    endloop
  endfacet
  facet normal 0.000000e+00 0.000000e+00 0.000000e+00
    outer loop
      vertex 7.230000e+00 3.820000e+00 5.990317e-01
      vertex 7.230000e+00 3.820000e+00 6.990317e-01
      vertex 8.800000e+00 2.950000e+00 5.990317e-01
    endloop
  endfacet
  facet normal 0.000000e+00 0.000000e+00 0.000000e+00
    outer loop
      vertex 8.800000e+00 2.950000e+00 5.990317e-01
      vertex 7.230000e+00 3.820000e+00 6.990317e-01
      vertex 8.800000e+00 2.950000e+00 6.990317e-01
    endloop
  endfacet
  facet normal 0.000000e+00 0.000000e+00 0.000000e+00
    outer loop
      vertex 8.950000e+00 2.950000e+00 1.124032e+00
      vertex 8.950000e+00 2.950000e+00 6.990317e-01
      vertex 8.950000e+00 2.650000e+00 1.124032e+00
    endloop
  endfacet
  facet normal 0.000000e+00 0.000000e+00 0.000000e+00
    outer loop
      vertex 8.950000e+00 2.650000e+00 1.124032e+00
      vertex 8.950000e+00 2.950000e+00 6.990317e-01
      vertex 8.950000e+00 2.650000e+00 6.990317e-01
    endloop
  endfacet
  facet normal 1.000000e+00 0.000000e+00 0.000000e+00
    outer loop
      vertex 8.950000e+00 2.950000e+00 6.990317e-01
      vertex 8.800000e+00 2.950000e+00 6.990317e-01
      vertex 8.950000e+00 2.650000e+00 6.990317e-01
    endloop
  endfacet
  facet normal 1.000000e+00 0.000000e+00 0.000000e+00
    outer loop
      vertex 8.950000e+00 2.650000e+00 6.990317e-01
      vertex 8.800000e+00 2.950000e+00 6.990317e-01
      vertex 8.800000e+00 2.650000e+00 6.990317e-01
    endloop
  endfacet
  facet normal 1.000000e+00 0.000000e+00 0.000000e+00
    outer loop
      vertex 8.800000e+00 2.650000e+00 6.990317e-01
      vertex 8.800000e+00 2.950000e+00 6.990317e-01
      vertex 7.230000e+00 3.620000e+00 6.990317e-01
    endloop
  endfacet
  facet normal 1.000000e+00 0.000000e+00 0.000000e+00
    outer loop
      vertex 7.230000e+00 3.620000e+00 6.990317e-01
      vertex 8.800000e+00 2.950000e+00 6.990317e-01
      vertex 7.230000e+00 3.820000e+00 6.990317e-01
    endloop
  endfacet
  facet normal 1.000000e+00 0.000000e+00 0.000000e+00
    outer loop
      vertex 7.230000e+00 3.620000e+00 6.990317e-01
      vertex 7.230000e+00 3.820000e+00 6.990317e-01
      vertex 7.130000e+00 3.820000e+00 6.990317e-01
    endloop
  endfacet
  facet normal 1.000000e+00 0.000000e+00 0.000000e+00
    outer loop
      vertex 7.130000e+00 3.820000e+00 6.990317e-01
      vertex 7.130000e+00 3.620000e+00 6.990317e-01
      vertex 7.230000e+00 3.620000e+00 6.990317e-01
    endloop
  endfacet
  facet normal -1.000000e+00 0.000000e+00 0.000000e+00
    outer loop
      vertex 9.050000e+00 2.950000e+00 5.990317e-01
      vertex 8.800000e+00 2.650000e+00 5.990317e-01
      vertex 8.800000e+00 2.950000e+00 5.990317e-01
    endloop
  endfacet
  facet normal -1.000000e+00 0.000000e+00 0.000000e+00
    outer loop
      vertex 8.800000e+00 2.950000e+00 5.990317e-01
      vertex 8.800000e+00 2.650000e+00 5.990317e-01
      vertex 7.230000e+00 3.620000e+00 5.990317e-01
    endloop
  endfacet
  facet normal -1.000000e+00 0.000000e+00 0.000000e+00
    outer loop
      vertex 8.800000e+00 2.950000e+00 5.990317e-01
      vertex 7.230000e+00 3.620000e+00 5.990317e-01
      vertex 7.230000e+00 3.820000e+00 5.990317e-01
    endloop
  endfacet
  facet normal -1.000000e+00 0.000000e+00 0.000000e+00
    outer loop
      vertex 7.230000e+00 3.820000e+00 5.990317e-01
      vertex 7.230000e+00 3.620000e+00 5.990317e-01
      vertex 7.130000e+00 3.620000e+00 5.990317e-01
    endloop
  endfacet
  facet normal -1.000000e+00 0.000000e+00 0.000000e+00
    outer loop
      vertex 7.230000e+00 3.820000e+00 5.990317e-01
      vertex 7.130000e+00 3.620000e+00 5.990317e-01
      vertex 7.130000e+00 3.820000e+00 5.990317e-01
    endloop
  endfacet
  facet normal -1.000000e+00 0.000000e+00 0.000000e+00
    outer loop
      vertex 9.050000e+00 2.950000e+00 5.990317e-01
      vertex 9.050000e+00 2.650000e+00 5.990317e-01
      vertex 8.800000e+00 2.650000e+00 5.990317e-01
    endloop
  endfacet
  facet normal 0.000000e+00 0.000000e+00 0.000000e+00
    outer loop
      vertex 9.050000e+00 2.950000e+00 5.990317e-01
      vertex 9.050000e+00 2.950000e+00 1.024032e+00
      vertex 9.050000e+00 2.650000e+00 5.990317e-01
    endloop
  endfacet
  facet normal 0.000000e+00 0.000000e+00 0.000000e+00
    outer loop
      vertex 9.050000e+00 2.650000e+00 5.990317e-01
      vertex 9.050000e+00 2.950000e+00 1.024032e+00
      vertex 9.050000e+00 2.650000e+00 1.024032e+00
    endloop
  endfacet
  facet normal 1.000000e+00 0.000000e+00 0.000000e+00
    outer loop
      vertex 8.950000e+00 2.650000e+00 1.124032e+00
      vertex 1.030000e+01 2.650000e+00 1.124032e+00
      vertex 8.950000e+00 2.950000e+00 1.124032e+00
    endloop
  endfacet
  facet normal 1.000000e+00 0.000000e+00 0.000000e+00
    outer loop
      vertex 8.950000e+00 2.950000e+00 1.124032e+00
      vertex 1.030000e+01 2.650000e+00 1.124032e+00
      vertex 1.030000e+01 2.950000e+00 1.124032e+00
    endloop
  endfacet
  facet normal 9.486833e-01 0.000000e+00 0.000000e+00
    outer loop
      vertex 1.030000e+01 2.650000e+00 1.124032e+00
      vertex 1.060000e+01 2.650000e+00 1.024032e+00
      vertex 1.030000e+01 2.950000e+00 1.124032e+00
    endloop
  endfacet
  facet normal 9.486833e-01 0.000000e+00 0.000000e+00
    outer loop
      vertex 1.030000e+01 2.950000e+00 1.124032e+00
      vertex 1.060000e+01 2.650000e+00 1.024032e+00
      vertex 1.060000e+01 2.950000e+00 1.024032e+00
    endloop
  endfacet
  facet normal 7.124705e-02 0.000000e+00 0.000000e+00
    outer loop
      vertex 1.060000e+01 2.650000e+00 1.024032e+00
      vertex 1.070000e+01 2.650000e+00 -3.759683e-01
      vertex 1.060000e+01 2.950000e+00 1.024032e+00
    endloop
  endfacet
  facet normal 7.124705e-02 0.000000e+00 0.000000e+00
    outer loop
      vertex 1.060000e+01 2.950000e+00 1.024032e+00
      vertex 1.070000e+01 2.650000e+00 -3.759683e-01
      vertex 1.070000e+01 2.950000e+00 -3.759683e-01
    endloop
  endfacet
  facet normal 1.000000e+00 0.000000e+00 0.000000e+00
    outer loop
      vertex 1.070000e+01 2.650000e+00 -3.759683e-01
      vertex 1.100000e+01 2.650000e+00 -3.759683e-01
      vertex 1.070000e+01 2.950000e+00 -3.759683e-01
    endloop
  endfacet
  facet normal 1.000000e+00 0.000000e+00 0.000000e+00
    outer loop
      vertex 1.070000e+01 2.950000e+00 -3.759683e-01
      vertex 1.100000e+01 2.650000e+00 -3.759683e-01
      vertex 1.100000e+01 2.950000e+00 -3.759683e-01
    endloop
  endfacet
  facet normal 0.000000e+00 0.000000e+00 0.000000e+00
    outer loop
      vertex 1.100000e+01 2.650000e+00 -3.759683e-01
      vertex 1.100000e+01 2.650000e+00 -4.759683e-01
      vertex 1.100000e+01 2.950000e+00 -3.759683e-01
    endloop
  endfacet
  facet normal 0.000000e+00 0.000000e+00 0.000000e+00
    outer loop
      vertex 1.100000e+01 2.950000e+00 -3.759683e-01
      vertex 1.100000e+01 2.650000e+00 -4.759683e-01
      vertex 1.100000e+01 2.950000e+00 -4.759683e-01
    endloop
  endfacet
  facet normal -1.000000e+00 0.000000e+00 0.000000e+00
    outer loop
      vertex 1.100000e+01 2.650000e+00 -4.759683e-01
      vertex 1.060000e+01 2.650000e+00 -4.759683e-01
      vertex 1.100000e+01 2.950000e+00 -4.759683e-01
    endloop
  endfacet
  facet normal -1.000000e+00 0.000000e+00 0.000000e+00
    outer loop
      vertex 1.100000e+01 2.950000e+00 -4.759683e-01
      vertex 1.060000e+01 2.650000e+00 -4.759683e-01
      vertex 1.060000e+01 2.950000e+00 -4.759683e-01
    endloop
  endfacet
  facet normal -7.024856e-02 0.000000e+00 0.000000e+00
    outer loop
      vertex 1.060000e+01 2.650000e+00 -4.759683e-01
      vertex 1.050000e+01 2.650000e+00 9.440317e-01
      vertex 1.060000e+01 2.950000e+00 -4.759683e-01
    endloop
  endfacet
  facet normal -7.024856e-02 0.000000e+00 0.000000e+00
    outer loop
      vertex 1.060000e+01 2.950000e+00 -4.759683e-01
      vertex 1.050000e+01 2.650000e+00 9.440317e-01
      vertex 1.050000e+01 2.950000e+00 9.440317e-01
    endloop
  endfacet
  facet normal -9.397934e-01 0.000000e+00 0.000000e+00
    outer loop
      vertex 1.050000e+01 2.650000e+00 9.440317e-01
      vertex 1.028000e+01 2.650000e+00 1.024032e+00
      vertex 1.050000e+01 2.950000e+00 9.440317e-01
    endloop
  endfacet
  facet normal -9.397934e-01 0.000000e+00 0.000000e+00
    outer loop
      vertex 1.050000e+01 2.950000e+00 9.440317e-01
      vertex 1.028000e+01 2.650000e+00 1.024032e+00
      vertex 1.028000e+01 2.950000e+00 1.024032e+00
    endloop
  endfacet
  facet normal -1.000000e+00 0.000000e+00 0.000000e+00
    outer loop
      vertex 1.028000e+01 2.650000e+00 1.024032e+00
      vertex 9.050000e+00 2.650000e+00 1.024032e+00
      vertex 1.028000e+01 2.950000e+00 1.024032e+00
    endloop
  endfacet
  facet normal -1.000000e+00 0.000000e+00 0.000000e+00
    outer loop
      vertex 1.028000e+01 2.950000e+00 1.024032e+00
      vertex 9.050000e+00 2.650000e+00 1.024032e+00
      vertex 9.050000e+00 2.950000e+00 1.024032e+00
    endloop
  endfacet
  facet normal 1.502787e-31 0.000000e+00 0.000000e+00
    outer loop
      vertex 8.950000e+00 2.650000e+00 1.124032e+00
      vertex 9.050000e+00 2.650000e+00 1.024032e+00
      vertex 1.030000e+01 2.650000e+00 1.124032e+00
    endloop
  endfacet
  facet normal 1.502787e-31 0.000000e+00 0.000000e+00
    outer loop
      vertex 1.030000e+01 2.650000e+00 1.124032e+00
      vertex 9.050000e+00 2.650000e+00 1.024032e+00
      vertex 1.028000e+01 2.650000e+00 1.024032e+00
    endloop
  endfacet
  facet normal 1.502787e-31 0.000000e+00 0.000000e+00
    outer loop
      vertex 1.030000e+01 2.650000e+00 1.124032e+00
      vertex 1.028000e+01 2.650000e+00 1.024032e+00
      vertex 1.050000e+01 2.650000e+00 9.440317e-01
    endloop
  endfacet
  facet normal 1.502787e-31 0.000000e+00 0.000000e+00
    outer loop
      vertex 8.950000e+00 2.650000e+00 1.124032e+00
      vertex 8.950000e+00 2.650000e+00 6.990317e-01
      vertex 9.050000e+00 2.650000e+00 1.024032e+00
    endloop
  endfacet
  facet normal 1.502787e-31 0.000000e+00 0.000000e+00
    outer loop
      vertex 9.050000e+00 2.650000e+00 1.024032e+00
      vertex 8.950000e+00 2.650000e+00 6.990317e-01
      vertex 9.050000e+00 2.650000e+00 5.990317e-01
    endloop
  endfacet
  facet normal 1.502787e-31 0.000000e+00 0.000000e+00
    outer loop
      vertex 8.800000e+00 2.650000e+00 6.990317e-01
      vertex 8.800000e+00 2.650000e+00 5.990317e-01
      vertex 8.950000e+00 2.650000e+00 6.990317e-01
    endloop
  endfacet
  facet normal 1.502787e-31 0.000000e+00 0.000000e+00
    outer loop
      vertex 8.950000e+00 2.650000e+00 6.990317e-01
      vertex 8.800000e+00 2.650000e+00 5.990317e-01
      vertex 9.050000e+00 2.650000e+00 5.990317e-01
    endloop
  endfacet
  facet normal 1.502787e-31 0.000000e+00 0.000000e+00
    outer loop
      vertex 1.060000e+01 2.650000e+00 -4.759683e-01
      vertex 1.070000e+01 2.650000e+00 -3.759683e-01
      vertex 1.050000e+01 2.650000e+00 9.440317e-01
    endloop
  endfacet
  facet normal 1.502787e-31 0.000000e+00 0.000000e+00
    outer loop
      vertex 1.050000e+01 2.650000e+00 9.440317e-01
      vertex 1.070000e+01 2.650000e+00 -3.759683e-01
      vertex 1.060000e+01 2.650000e+00 1.024032e+00
    endloop
  endfacet
  facet normal 1.502787e-31 0.000000e+00 0.000000e+00
    outer loop
      vertex 1.050000e+01 2.650000e+00 9.440317e-01
      vertex 1.060000e+01 2.650000e+00 1.024032e+00
      vertex 1.030000e+01 2.650000e+00 1.124032e+00
    endloop
  endfacet
  facet normal 1.502787e-31 0.000000e+00 0.000000e+00
    outer loop
      vertex 1.060000e+01 2.650000e+00 -4.759683e-01
      vertex 1.100000e+01 2.650000e+00 -4.759683e-01
      vertex 1.070000e+01 2.650000e+00 -3.759683e-01
    endloop
  endfacet
  facet normal 1.502787e-31 0.000000e+00 0.000000e+00
    outer loop
      vertex 1.070000e+01 2.650000e+00 -3.759683e-01
      vertex 1.100000e+01 2.650000e+00 -4.759683e-01
      vertex 1.100000e+01 2.650000e+00 -3.759683e-01
    endloop
  endfacet
  facet normal -1.502787e-31 0.000000e+00 0.000000e+00
    outer loop
      vertex 8.950000e+00 2.950000e+00 6.990317e-01
      vertex 8.950000e+00 2.950000e+00 1.124032e+00
      vertex 9.050000e+00 2.950000e+00 1.024032e+00
    endloop
  endfacet
  facet normal -1.502787e-31 0.000000e+00 0.000000e+00
    outer loop
      vertex 9.050000e+00 2.950000e+00 1.024032e+00
      vertex 8.950000e+00 2.950000e+00 1.124032e+00
      vertex 1.030000e+01 2.950000e+00 1.124032e+00
    endloop
  endfacet
  facet normal -1.502787e-31 0.000000e+00 0.000000e+00
    outer loop
      vertex 9.050000e+00 2.950000e+00 1.024032e+00
      vertex 1.030000e+01 2.950000e+00 1.124032e+00
      vertex 1.028000e+01 2.950000e+00 1.024032e+00
    endloop
  endfacet
  facet normal -1.502787e-31 0.000000e+00 0.000000e+00
    outer loop
      vertex 1.028000e+01 2.950000e+00 1.024032e+00
      vertex 1.030000e+01 2.950000e+00 1.124032e+00
      vertex 1.050000e+01 2.950000e+00 9.440317e-01
    endloop
  endfacet
  facet normal -1.502787e-31 0.000000e+00 0.000000e+00
    outer loop
      vertex 1.030000e+01 2.950000e+00 1.124032e+00
      vertex 1.060000e+01 2.950000e+00 1.024032e+00
      vertex 1.050000e+01 2.950000e+00 9.440317e-01
    endloop
  endfacet
  facet normal -1.502787e-31 0.000000e+00 0.000000e+00
    outer loop
      vertex 1.050000e+01 2.950000e+00 9.440317e-01
      vertex 1.060000e+01 2.950000e+00 1.024032e+00
      vertex 1.070000e+01 2.950000e+00 -3.759683e-01
    endloop
  endfacet
  facet normal -1.502787e-31 0.000000e+00 0.000000e+00
    outer loop
      vertex 1.050000e+01 2.950000e+00 9.440317e-01
      vertex 1.070000e+01 2.950000e+00 -3.759683e-01
      vertex 1.060000e+01 2.950000e+00 -4.759683e-01
    endloop
  endfacet
  facet normal -1.502787e-31 0.000000e+00 0.000000e+00
    outer loop
      vertex 1.060000e+01 2.950000e+00 -4.759683e-01
      vertex 1.070000e+01 2.950000e+00 -3.759683e-01
      vertex 1.100000e+01 2.950000e+00 -4.759683e-01
    endloop
  endfacet
  facet normal -1.502787e-31 0.000000e+00 0.000000e+00
    outer loop
      vertex 1.070000e+01 2.950000e+00 -3.759683e-01
      vertex 1.100000e+01 2.950000e+00 -3.759683e-01
      vertex 1.100000e+01 2.950000e+00 -4.759683e-01
    endloop
  endfacet
  facet normal -1.502787e-31 0.000000e+00 0.000000e+00
    outer loop
      vertex 9.050000e+00 2.950000e+00 1.024032e+00
      vertex 9.050000e+00 2.950000e+00 5.990317e-01
      vertex 8.950000e+00 2.950000e+00 6.990317e-01
    endloop
  endfacet
  facet normal -1.502787e-31 0.000000e+00 0.000000e+00
    outer loop
      vertex 8.950000e+00 2.950000e+00 6.990317e-01
      vertex 9.050000e+00 2.950000e+00 5.990317e-01
      vertex 8.800000e+00 2.950000e+00 5.990317e-01
    endloop
  endfacet
  facet normal -1.502787e-31 0.000000e+00 0.000000e+00
    outer loop
      vertex 8.950000e+00 2.950000e+00 6.990317e-01
      vertex 8.800000e+00 2.950000e+00 5.990317e-01
      vertex 8.800000e+00 2.950000e+00 6.990317e-01
    endloop
  endfacet
endsolid PEC:Pin_4_3
solid PEC:Pin_5_1
  facet normal 0.000000e+00 0.000000e+00 0.000000e+00
    outer loop
      vertex 2.870000e+00 6.700000e+00 6.990317e-01
      vertex 2.870000e+00 6.500000e+00 6.990317e-01
      vertex 2.870000e+00 6.700000e+00 5.990317e-01
    endloop
  endfacet
  facet normal 0.000000e+00 0.000000e+00 0.000000e+00
    outer loop
      vertex 2.870000e+00 6.700000e+00 5.990317e-01
      vertex 2.870000e+00 6.500000e+00 6.990317e-01
      vertex 2.870000e+00 6.500000e+00 5.990317e-01
    endloop
  endfacet
  facet normal -0.000000e+00 0.000000e+00 0.000000e+00
    outer loop
      vertex 2.870000e+00 6.500000e+00 6.990317e-01
      vertex 2.770000e+00 6.500000e+00 6.990317e-01
      vertex 2.870000e+00 6.500000e+00 5.990317e-01
    endloop
  endfacet
  facet normal -0.000000e+00 0.000000e+00 0.000000e+00
    outer loop
      vertex 2.870000e+00 6.500000e+00 5.990317e-01
      vertex 2.770000e+00 6.500000e+00 6.990317e-01
      vertex 2.770000e+00 6.500000e+00 5.990317e-01
    endloop
  endfacet
  facet normal -0.000000e+00 0.000000e+00 0.000000e+00
    outer loop
      vertex 2.870000e+00 6.700000e+00 5.990317e-01
      vertex 2.770000e+00 6.700000e+00 5.990317e-01
      vertex 2.870000e+00 6.700000e+00 6.990317e-01
    endloop
  endfacet
  facet normal -0.000000e+00 0.000000e+00 0.000000e+00
    outer loop
      vertex 2.870000e+00 6.700000e+00 6.990317e-01
      vertex 2.770000e+00 6.700000e+00 5.990317e-01
      vertex 2.770000e+00 6.700000e+00 6.990317e-01
    endloop
  endfacet
  facet normal 0.000000e+00 0.000000e+00 0.000000e+00
    outer loop
      vertex 2.770000e+00 6.700000e+00 6.990317e-01
      vertex 2.770000e+00 6.700000e+00 5.990317e-01
      vertex 1.200000e+00 7.900000e+00 6.990317e-01
    endloop
  endfacet
  facet normal 0.000000e+00 0.000000e+00 0.000000e+00
    outer loop
      vertex 1.200000e+00 7.900000e+00 6.990317e-01
      vertex 2.770000e+00 6.700000e+00 5.990317e-01
      vertex 1.200000e+00 7.900000e+00 5.990317e-01
    endloop
  endfacet
  facet normal 0.000000e+00 0.000000e+00 0.000000e+00
    outer loop
      vertex 2.770000e+00 6.500000e+00 5.990317e-01
      vertex 2.770000e+00 6.500000e+00 6.990317e-01
      vertex 1.200000e+00 7.600000e+00 5.990317e-01
    endloop
  endfacet
  facet normal 0.000000e+00 0.000000e+00 0.000000e+00
    outer loop
      vertex 1.200000e+00 7.600000e+00 5.990317e-01
      vertex 2.770000e+00 6.500000e+00 6.990317e-01
      vertex 1.200000e+00 7.600000e+00 6.990317e-01
    endloop
  endfacet
  facet normal 0.000000e+00 0.000000e+00 0.000000e+00
    outer loop
      vertex 1.050000e+00 7.600000e+00 1.124032e+00
      vertex 1.050000e+00 7.600000e+00 6.990317e-01
      vertex 1.050000e+00 7.900000e+00 1.124032e+00
    endloop
  endfacet
  facet normal 0.000000e+00 0.000000e+00 0.000000e+00
    outer loop
      vertex 1.050000e+00 7.900000e+00 1.124032e+00
      vertex 1.050000e+00 7.600000e+00 6.990317e-01
      vertex 1.050000e+00 7.900000e+00 6.990317e-01
    endloop
  endfacet
  facet normal 1.000000e+00 0.000000e+00 0.000000e+00
    outer loop
      vertex 1.050000e+00 7.600000e+00 6.990317e-01
      vertex 1.200000e+00 7.600000e+00 6.990317e-01
      vertex 1.050000e+00 7.900000e+00 6.990317e-01
    endloop
  endfacet
  facet normal 1.000000e+00 0.000000e+00 0.000000e+00
    outer loop
      vertex 1.050000e+00 7.900000e+00 6.990317e-01
      vertex 1.200000e+00 7.600000e+00 6.990317e-01
      vertex 1.200000e+00 7.900000e+00 6.990317e-01
    endloop
  endfacet
  facet normal 1.000000e+00 0.000000e+00 0.000000e+00
    outer loop
      vertex 1.200000e+00 7.900000e+00 6.990317e-01
      vertex 1.200000e+00 7.600000e+00 6.990317e-01
      vertex 2.770000e+00 6.700000e+00 6.990317e-01
    endloop
  endfacet
  facet normal 1.000000e+00 0.000000e+00 0.000000e+00
    outer loop
      vertex 2.770000e+00 6.700000e+00 6.990317e-01
      vertex 1.200000e+00 7.600000e+00 6.990317e-01
      vertex 2.770000e+00 6.500000e+00 6.990317e-01
    endloop
  endfacet
  facet normal 1.000000e+00 0.000000e+00 0.000000e+00
    outer loop
      vertex 2.770000e+00 6.700000e+00 6.990317e-01
      vertex 2.770000e+00 6.500000e+00 6.990317e-01
      vertex 2.870000e+00 6.500000e+00 6.990317e-01
    endloop
  endfacet
  facet normal 1.000000e+00 0.000000e+00 0.000000e+00
    outer loop
      vertex 2.870000e+00 6.500000e+00 6.990317e-01
      vertex 2.870000e+00 6.700000e+00 6.990317e-01
      vertex 2.770000e+00 6.700000e+00 6.990317e-01
    endloop
  endfacet
  facet normal -1.000000e+00 0.000000e+00 0.000000e+00
    outer loop
      vertex 9.500000e-01 7.600000e+00 5.990317e-01
      vertex 1.200000e+00 7.900000e+00 5.990317e-01
      vertex 1.200000e+00 7.600000e+00 5.990317e-01
    endloop
  endfacet
  facet normal -1.000000e+00 0.000000e+00 0.000000e+00
    outer loop
      vertex 1.200000e+00 7.600000e+00 5.990317e-01
      vertex 1.200000e+00 7.900000e+00 5.990317e-01
      vertex 2.770000e+00 6.700000e+00 5.990317e-01
    endloop
  endfacet
  facet normal -1.000000e+00 0.000000e+00 0.000000e+00
    outer loop
      vertex 1.200000e+00 7.600000e+00 5.990317e-01
      vertex 2.770000e+00 6.700000e+00 5.990317e-01
      vertex 2.770000e+00 6.500000e+00 5.990317e-01
    endloop
  endfacet
  facet normal -1.000000e+00 0.000000e+00 0.000000e+00
    outer loop
      vertex 2.770000e+00 6.500000e+00 5.990317e-01
      vertex 2.770000e+00 6.700000e+00 5.990317e-01
      vertex 2.870000e+00 6.700000e+00 5.990317e-01
    endloop
  endfacet
  facet normal -1.000000e+00 0.000000e+00 0.000000e+00
    outer loop
      vertex 2.770000e+00 6.500000e+00 5.990317e-01
      vertex 2.870000e+00 6.700000e+00 5.990317e-01
      vertex 2.870000e+00 6.500000e+00 5.990317e-01
    endloop
  endfacet
  facet normal -1.000000e+00 0.000000e+00 0.000000e+00
    outer loop
      vertex 9.500000e-01 7.600000e+00 5.990317e-01
      vertex 9.500000e-01 7.900000e+00 5.990317e-01
      vertex 1.200000e+00 7.900000e+00 5.990317e-01
    endloop
  endfacet
  facet normal 0.000000e+00 0.000000e+00 0.000000e+00
    outer loop
      vertex 9.500000e-01 7.600000e+00 5.990317e-01
      vertex 9.500000e-01 7.600000e+00 1.024032e+00
      vertex 9.500000e-01 7.900000e+00 5.990317e-01
    endloop
  endfacet
  facet normal 0.000000e+00 0.000000e+00 0.000000e+00
    outer loop
      vertex 9.500000e-01 7.900000e+00 5.990317e-01
      vertex 9.500000e-01 7.600000e+00 1.024032e+00
      vertex 9.500000e-01 7.900000e+00 1.024032e+00
    endloop
  endfacet
  facet normal 1.000000e+00 0.000000e+00 0.000000e+00
    outer loop
      vertex 1.050000e+00 7.900000e+00 1.124032e+00
      vertex -3.000000e-01 7.900000e+00 1.124032e+00
      vertex 1.050000e+00 7.600000e+00 1.124032e+00
    endloop
  endfacet
  facet normal 1.000000e+00 0.000000e+00 0.000000e+00
    outer loop
      vertex 1.050000e+00 7.600000e+00 1.124032e+00
      vertex -3.000000e-01 7.900000e+00 1.124032e+00
      vertex -3.000000e-01 7.600000e+00 1.124032e+00
    endloop
  endfacet
  facet normal 9.486833e-01 0.000000e+00 0.000000e+00
    outer loop
      vertex -3.000000e-01 7.900000e+00 1.124032e+00
      vertex -6.000000e-01 7.900000e+00 1.024032e+00
      vertex -3.000000e-01 7.600000e+00 1.124032e+00
    endloop
  endfacet
  facet normal 9.486833e-01 0.000000e+00 0.000000e+00
    outer loop
      vertex -3.000000e-01 7.600000e+00 1.124032e+00
      vertex -6.000000e-01 7.900000e+00 1.024032e+00
      vertex -6.000000e-01 7.600000e+00 1.024032e+00
    endloop
  endfacet
  facet normal 7.124705e-02 0.000000e+00 0.000000e+00
    outer loop
      vertex -6.000000e-01 7.900000e+00 1.024032e+00
      vertex -7.000000e-01 7.900000e+00 -3.759683e-01
      vertex -6.000000e-01 7.600000e+00 1.024032e+00
    endloop
  endfacet
  facet normal 7.124705e-02 0.000000e+00 0.000000e+00
    outer loop
      vertex -6.000000e-01 7.600000e+00 1.024032e+00
      vertex -7.000000e-01 7.900000e+00 -3.759683e-01
      vertex -7.000000e-01 7.600000e+00 -3.759683e-01
    endloop
  endfacet
  facet normal 1.000000e+00 0.000000e+00 0.000000e+00
    outer loop
      vertex -7.000000e-01 7.900000e+00 -3.759683e-01
      vertex -1.000000e+00 7.900000e+00 -3.759683e-01
      vertex -7.000000e-01 7.600000e+00 -3.759683e-01
    endloop
  endfacet
  facet normal 1.000000e+00 0.000000e+00 0.000000e+00
    outer loop
      vertex -7.000000e-01 7.600000e+00 -3.759683e-01
      vertex -1.000000e+00 7.900000e+00 -3.759683e-01
      vertex -1.000000e+00 7.600000e+00 -3.759683e-01
    endloop
  endfacet
  facet normal 0.000000e+00 0.000000e+00 0.000000e+00
    outer loop
      vertex -1.000000e+00 7.900000e+00 -3.759683e-01
      vertex -1.000000e+00 7.900000e+00 -4.759683e-01
      vertex -1.000000e+00 7.600000e+00 -3.759683e-01
    endloop
  endfacet
  facet normal 0.000000e+00 0.000000e+00 0.000000e+00
    outer loop
      vertex -1.000000e+00 7.600000e+00 -3.759683e-01
      vertex -1.000000e+00 7.900000e+00 -4.759683e-01
      vertex -1.000000e+00 7.600000e+00 -4.759683e-01
    endloop
  endfacet
  facet normal -1.000000e+00 0.000000e+00 0.000000e+00
    outer loop
      vertex -1.000000e+00 7.900000e+00 -4.759683e-01
      vertex -6.000000e-01 7.900000e+00 -4.759683e-01
      vertex -1.000000e+00 7.600000e+00 -4.759683e-01
    endloop
  endfacet
  facet normal -1.000000e+00 0.000000e+00 0.000000e+00
    outer loop
      vertex -1.000000e+00 7.600000e+00 -4.759683e-01
      vertex -6.000000e-01 7.900000e+00 -4.759683e-01
      vertex -6.000000e-01 7.600000e+00 -4.759683e-01
    endloop
  endfacet
  facet normal -7.024856e-02 0.000000e+00 0.000000e+00
    outer loop
      vertex -6.000000e-01 7.900000e+00 -4.759683e-01
      vertex -5.000000e-01 7.900000e+00 9.440317e-01
      vertex -6.000000e-01 7.600000e+00 -4.759683e-01
    endloop
  endfacet
  facet normal -7.024856e-02 0.000000e+00 0.000000e+00
    outer loop
      vertex -6.000000e-01 7.600000e+00 -4.759683e-01
      vertex -5.000000e-01 7.900000e+00 9.440317e-01
      vertex -5.000000e-01 7.600000e+00 9.440317e-01
    endloop
  endfacet
  facet normal -9.397934e-01 0.000000e+00 0.000000e+00
    outer loop
      vertex -5.000000e-01 7.900000e+00 9.440317e-01
      vertex -2.800000e-01 7.900000e+00 1.024032e+00
      vertex -5.000000e-01 7.600000e+00 9.440317e-01
    endloop
  endfacet
  facet normal -9.397934e-01 0.000000e+00 0.000000e+00
    outer loop
      vertex -5.000000e-01 7.600000e+00 9.440317e-01
      vertex -2.800000e-01 7.900000e+00 1.024032e+00
      vertex -2.800000e-01 7.600000e+00 1.024032e+00
    endloop
  endfacet
  facet normal -1.000000e+00 0.000000e+00 0.000000e+00
    outer loop
      vertex -2.800000e-01 7.900000e+00 1.024032e+00
      vertex 9.500000e-01 7.900000e+00 1.024032e+00
      vertex -2.800000e-01 7.600000e+00 1.024032e+00
    endloop
  endfacet
  facet normal -1.000000e+00 0.000000e+00 0.000000e+00
    outer loop
      vertex -2.800000e-01 7.600000e+00 1.024032e+00
      vertex 9.500000e-01 7.900000e+00 1.024032e+00
      vertex 9.500000e-01 7.600000e+00 1.024032e+00
    endloop
  endfacet
  facet normal 1.502787e-31 0.000000e+00 0.000000e+00
    outer loop
      vertex 1.050000e+00 7.900000e+00 1.124032e+00
      vertex 9.500000e-01 7.900000e+00 1.024032e+00
      vertex -3.000000e-01 7.900000e+00 1.124032e+00
    endloop
  endfacet
  facet normal 1.502787e-31 0.000000e+00 0.000000e+00
    outer loop
      vertex -3.000000e-01 7.900000e+00 1.124032e+00
      vertex 9.500000e-01 7.900000e+00 1.024032e+00
      vertex -2.800000e-01 7.900000e+00 1.024032e+00
    endloop
  endfacet
  facet normal 1.502787e-31 0.000000e+00 0.000000e+00
    outer loop
      vertex -3.000000e-01 7.900000e+00 1.124032e+00
      vertex -2.800000e-01 7.900000e+00 1.024032e+00
      vertex -5.000000e-01 7.900000e+00 9.440317e-01
    endloop
  endfacet
  facet normal 1.502787e-31 0.000000e+00 0.000000e+00
    outer loop
      vertex 1.050000e+00 7.900000e+00 1.124032e+00
      vertex 1.050000e+00 7.900000e+00 6.990317e-01
      vertex 9.500000e-01 7.900000e+00 1.024032e+00
    endloop
  endfacet
  facet normal 1.502787e-31 0.000000e+00 0.000000e+00
    outer loop
      vertex 9.500000e-01 7.900000e+00 1.024032e+00
      vertex 1.050000e+00 7.900000e+00 6.990317e-01
      vertex 9.500000e-01 7.900000e+00 5.990317e-01
    endloop
  endfacet
  facet normal 1.502787e-31 0.000000e+00 0.000000e+00
    outer loop
      vertex 1.200000e+00 7.900000e+00 6.990317e-01
      vertex 1.200000e+00 7.900000e+00 5.990317e-01
      vertex 1.050000e+00 7.900000e+00 6.990317e-01
    endloop
  endfacet
  facet normal 1.502787e-31 0.000000e+00 0.000000e+00
    outer loop
      vertex 1.050000e+00 7.900000e+00 6.990317e-01
      vertex 1.200000e+00 7.900000e+00 5.990317e-01
      vertex 9.500000e-01 7.900000e+00 5.990317e-01
    endloop
  endfacet
  facet normal 1.502787e-31 0.000000e+00 0.000000e+00
    outer loop
      vertex -6.000000e-01 7.900000e+00 -4.759683e-01
      vertex -7.000000e-01 7.900000e+00 -3.759683e-01
      vertex -5.000000e-01 7.900000e+00 9.440317e-01
    endloop
  endfacet
  facet normal 1.502787e-31 0.000000e+00 0.000000e+00
    outer loop
      vertex -5.000000e-01 7.900000e+00 9.440317e-01
      vertex -7.000000e-01 7.900000e+00 -3.759683e-01
      vertex -6.000000e-01 7.900000e+00 1.024032e+00
    endloop
  endfacet
  facet normal 1.502787e-31 0.000000e+00 0.000000e+00
    outer loop
      vertex -5.000000e-01 7.900000e+00 9.440317e-01
      vertex -6.000000e-01 7.900000e+00 1.024032e+00
      vertex -3.000000e-01 7.900000e+00 1.124032e+00
    endloop
  endfacet
  facet normal 1.502787e-31 0.000000e+00 0.000000e+00
    outer loop
      vertex -6.000000e-01 7.900000e+00 -4.759683e-01
      vertex -1.000000e+00 7.900000e+00 -4.759683e-01
      vertex -7.000000e-01 7.900000e+00 -3.759683e-01
    endloop
  endfacet
  facet normal 1.502787e-31 0.000000e+00 0.000000e+00
    outer loop
      vertex -7.000000e-01 7.900000e+00 -3.759683e-01
      vertex -1.000000e+00 7.900000e+00 -4.759683e-01
      vertex -1.000000e+00 7.900000e+00 -3.759683e-01
    endloop
  endfacet
  facet normal -1.502787e-31 0.000000e+00 0.000000e+00
    outer loop
      vertex 1.050000e+00 7.600000e+00 6.990317e-01
      vertex 1.050000e+00 7.600000e+00 1.124032e+00
      vertex 9.500000e-01 7.600000e+00 1.024032e+00
    endloop
  endfacet
  facet normal -1.502787e-31 0.000000e+00 0.000000e+00
    outer loop
      vertex 9.500000e-01 7.600000e+00 1.024032e+00
      vertex 1.050000e+00 7.600000e+00 1.124032e+00
      vertex -3.000000e-01 7.600000e+00 1.124032e+00
    endloop
  endfacet
  facet normal -1.502787e-31 0.000000e+00 0.000000e+00
    outer loop
      vertex 9.500000e-01 7.600000e+00 1.024032e+00
      vertex -3.000000e-01 7.600000e+00 1.124032e+00
      vertex -2.800000e-01 7.600000e+00 1.024032e+00
    endloop
  endfacet
  facet normal -1.502787e-31 0.000000e+00 0.000000e+00
    outer loop
      vertex -2.800000e-01 7.600000e+00 1.024032e+00
      vertex -3.000000e-01 7.600000e+00 1.124032e+00
      vertex -5.000000e-01 7.600000e+00 9.440317e-01
    endloop
  endfacet
  facet normal -1.502787e-31 0.000000e+00 0.000000e+00
    outer loop
      vertex -3.000000e-01 7.600000e+00 1.124032e+00
      vertex -6.000000e-01 7.600000e+00 1.024032e+00
      vertex -5.000000e-01 7.600000e+00 9.440317e-01
    endloop
  endfacet
  facet normal -1.502787e-31 0.000000e+00 0.000000e+00
    outer loop
      vertex -5.000000e-01 7.600000e+00 9.440317e-01
      vertex -6.000000e-01 7.600000e+00 1.024032e+00
      vertex -7.000000e-01 7.600000e+00 -3.759683e-01
    endloop
  endfacet
  facet normal -1.502787e-31 0.000000e+00 0.000000e+00
    outer loop
      vertex -5.000000e-01 7.600000e+00 9.440317e-01
      vertex -7.000000e-01 7.600000e+00 -3.759683e-01
      vertex -6.000000e-01 7.600000e+00 -4.759683e-01
    endloop
  endfacet
  facet normal -1.502787e-31 0.000000e+00 0.000000e+00
    outer loop
      vertex -6.000000e-01 7.600000e+00 -4.759683e-01
      vertex -7.000000e-01 7.600000e+00 -3.759683e-01
      vertex -1.000000e+00 7.600000e+00 -4.759683e-01
    endloop
  endfacet
  facet normal -1.502787e-31 0.000000e+00 0.000000e+00
    outer loop
      vertex -7.000000e-01 7.600000e+00 -3.759683e-01
      vertex -1.000000e+00 7.600000e+00 -3.759683e-01
      vertex -1.000000e+00 7.600000e+00 -4.759683e-01
    endloop
  endfacet
  facet normal -1.502787e-31 0.000000e+00 0.000000e+00
    outer loop
      vertex 9.500000e-01 7.600000e+00 1.024032e+00
      vertex 9.500000e-01 7.600000e+00 5.990317e-01
      vertex 1.050000e+00 7.600000e+00 6.990317e-01
    endloop
  endfacet
  facet normal -1.502787e-31 0.000000e+00 0.000000e+00
    outer loop
      vertex 1.050000e+00 7.600000e+00 6.990317e-01
      vertex 9.500000e-01 7.600000e+00 5.990317e-01
      vertex 1.200000e+00 7.600000e+00 5.990317e-01
    endloop
  endfacet
  facet normal -1.502787e-31 0.000000e+00 0.000000e+00
    outer loop
      vertex 1.050000e+00 7.600000e+00 6.990317e-01
      vertex 1.200000e+00 7.600000e+00 5.990317e-01
      vertex 1.200000e+00 7.600000e+00 6.990317e-01
    endloop
  endfacet
endsolid PEC:Pin_5_1
solid PEC:Pin_5_2
  facet normal 0.000000e+00 0.000000e+00 0.000000e+00
    outer loop
      vertex 3.300000e+00 2.870000e+00 6.990317e-01
      vertex 3.500000e+00 2.870000e+00 6.990317e-01
      vertex 3.300000e+00 2.870000e+00 5.990317e-01
    endloop
  endfacet
  facet normal 0.000000e+00 0.000000e+00 0.000000e+00
    outer loop
      vertex 3.300000e+00 2.870000e+00 5.990317e-01
      vertex 3.500000e+00 2.870000e+00 6.990317e-01
      vertex 3.500000e+00 2.870000e+00 5.990317e-01
    endloop
  endfacet
  facet normal -0.000000e+00 0.000000e+00 0.000000e+00
    outer loop
      vertex 3.500000e+00 2.870000e+00 6.990317e-01
      vertex 3.500000e+00 2.770000e+00 6.990317e-01
      vertex 3.500000e+00 2.870000e+00 5.990317e-01
    endloop
  endfacet
  facet normal -0.000000e+00 0.000000e+00 0.000000e+00
    outer loop
      vertex 3.500000e+00 2.870000e+00 5.990317e-01
      vertex 3.500000e+00 2.770000e+00 6.990317e-01
      vertex 3.500000e+00 2.770000e+00 5.990317e-01
    endloop
  endfacet
  facet normal -0.000000e+00 0.000000e+00 0.000000e+00
    outer loop
      vertex 3.300000e+00 2.870000e+00 5.990317e-01
      vertex 3.300000e+00 2.770000e+00 5.990317e-01
      vertex 3.300000e+00 2.870000e+00 6.990317e-01
    endloop
  endfacet
  facet normal -0.000000e+00 0.000000e+00 0.000000e+00
    outer loop
      vertex 3.300000e+00 2.870000e+00 6.990317e-01
      vertex 3.300000e+00 2.770000e+00 5.990317e-01
      vertex 3.300000e+00 2.770000e+00 6.990317e-01
    endloop
  endfacet
  facet normal 0.000000e+00 0.000000e+00 0.000000e+00
    outer loop
      vertex 3.300000e+00 2.770000e+00 6.990317e-01
      vertex 3.300000e+00 2.770000e+00 5.990317e-01
      vertex 2.100000e+00 1.200000e+00 6.990317e-01
    endloop
  endfacet
  facet normal 0.000000e+00 0.000000e+00 0.000000e+00
    outer loop
      vertex 2.100000e+00 1.200000e+00 6.990317e-01
      vertex 3.300000e+00 2.770000e+00 5.990317e-01
      vertex 2.100000e+00 1.200000e+00 5.990317e-01
    endloop
  endfacet
  facet normal 0.000000e+00 0.000000e+00 0.000000e+00
    outer loop
      vertex 3.500000e+00 2.770000e+00 5.990317e-01
      vertex 3.500000e+00 2.770000e+00 6.990317e-01
      vertex 2.400000e+00 1.200000e+00 5.990317e-01
    endloop
  endfacet
  facet normal 0.000000e+00 0.000000e+00 0.000000e+00
    outer loop
      vertex 2.400000e+00 1.200000e+00 5.990317e-01
      vertex 3.500000e+00 2.770000e+00 6.990317e-01
      vertex 2.400000e+00 1.200000e+00 6.990317e-01
    endloop
  endfacet
  facet normal 0.000000e+00 0.000000e+00 0.000000e+00
    outer loop
      vertex 2.400000e+00 1.050000e+00 1.124032e+00
      vertex 2.400000e+00 1.050000e+00 6.990317e-01
      vertex 2.100000e+00 1.050000e+00 1.124032e+00
    endloop
  endfacet
  facet normal 0.000000e+00 0.000000e+00 0.000000e+00
    outer loop
      vertex 2.100000e+00 1.050000e+00 1.124032e+00
      vertex 2.400000e+00 1.050000e+00 6.990317e-01
      vertex 2.100000e+00 1.050000e+00 6.990317e-01
    endloop
  endfacet
  facet normal 1.000000e+00 0.000000e+00 0.000000e+00
    outer loop
      vertex 2.400000e+00 1.050000e+00 6.990317e-01
      vertex 2.400000e+00 1.200000e+00 6.990317e-01
      vertex 2.100000e+00 1.050000e+00 6.990317e-01
    endloop
  endfacet
  facet normal 1.000000e+00 0.000000e+00 0.000000e+00
    outer loop
      vertex 2.100000e+00 1.050000e+00 6.990317e-01
      vertex 2.400000e+00 1.200000e+00 6.990317e-01
      vertex 2.100000e+00 1.200000e+00 6.990317e-01
    endloop
  endfacet
  facet normal 1.000000e+00 0.000000e+00 0.000000e+00
    outer loop
      vertex 2.100000e+00 1.200000e+00 6.990317e-01
      vertex 2.400000e+00 1.200000e+00 6.990317e-01
      vertex 3.300000e+00 2.770000e+00 6.990317e-01
    endloop
  endfacet
  facet normal 1.000000e+00 0.000000e+00 0.000000e+00
    outer loop
      vertex 3.300000e+00 2.770000e+00 6.990317e-01
      vertex 2.400000e+00 1.200000e+00 6.990317e-01
      vertex 3.500000e+00 2.770000e+00 6.990317e-01
    endloop
  endfacet
  facet normal 1.000000e+00 0.000000e+00 0.000000e+00
    outer loop
      vertex 3.300000e+00 2.770000e+00 6.990317e-01
      vertex 3.500000e+00 2.770000e+00 6.990317e-01
      vertex 3.500000e+00 2.870000e+00 6.990317e-01
    endloop
  endfacet
  facet normal 1.000000e+00 0.000000e+00 0.000000e+00
    outer loop
      vertex 3.500000e+00 2.870000e+00 6.990317e-01
      vertex 3.300000e+00 2.870000e+00 6.990317e-01
      vertex 3.300000e+00 2.770000e+00 6.990317e-01
    endloop
  endfacet
  facet normal -1.000000e+00 0.000000e+00 0.000000e+00
    outer loop
      vertex 2.400000e+00 9.500000e-01 5.990317e-01
      vertex 2.100000e+00 1.200000e+00 5.990317e-01
      vertex 2.400000e+00 1.200000e+00 5.990317e-01
    endloop
  endfacet
  facet normal -1.000000e+00 0.000000e+00 0.000000e+00
    outer loop
      vertex 2.400000e+00 1.200000e+00 5.990317e-01
      vertex 2.100000e+00 1.200000e+00 5.990317e-01
      vertex 3.300000e+00 2.770000e+00 5.990317e-01
    endloop
  endfacet
  facet normal -1.000000e+00 0.000000e+00 0.000000e+00
    outer loop
      vertex 2.400000e+00 1.200000e+00 5.990317e-01
      vertex 3.300000e+00 2.770000e+00 5.990317e-01
      vertex 3.500000e+00 2.770000e+00 5.990317e-01
    endloop
  endfacet
  facet normal -1.000000e+00 0.000000e+00 0.000000e+00
    outer loop
      vertex 3.500000e+00 2.770000e+00 5.990317e-01
      vertex 3.300000e+00 2.770000e+00 5.990317e-01
      vertex 3.300000e+00 2.870000e+00 5.990317e-01
    endloop
  endfacet
  facet normal -1.000000e+00 0.000000e+00 0.000000e+00
    outer loop
      vertex 3.500000e+00 2.770000e+00 5.990317e-01
      vertex 3.300000e+00 2.870000e+00 5.990317e-01
      vertex 3.500000e+00 2.870000e+00 5.990317e-01
    endloop
  endfacet
  facet normal -1.000000e+00 0.000000e+00 0.000000e+00
    outer loop
      vertex 2.400000e+00 9.500000e-01 5.990317e-01
      vertex 2.100000e+00 9.500000e-01 5.990317e-01
      vertex 2.100000e+00 1.200000e+00 5.990317e-01
    endloop
  endfacet
  facet normal 0.000000e+00 0.000000e+00 0.000000e+00
    outer loop
      vertex 2.400000e+00 9.500000e-01 5.990317e-01
      vertex 2.400000e+00 9.500000e-01 1.024032e+00
      vertex 2.100000e+00 9.500000e-01 5.990317e-01
    endloop
  endfacet
  facet normal 0.000000e+00 0.000000e+00 0.000000e+00
    outer loop
      vertex 2.100000e+00 9.500000e-01 5.990317e-01
      vertex 2.400000e+00 9.500000e-01 1.024032e+00
      vertex 2.100000e+00 9.500000e-01 1.024032e+00
    endloop
  endfacet
  facet normal 1.000000e+00 0.000000e+00 0.000000e+00
    outer loop
      vertex 2.100000e+00 1.050000e+00 1.124032e+00
      vertex 2.100000e+00 -3.000000e-01 1.124032e+00
      vertex 2.400000e+00 1.050000e+00 1.124032e+00
    endloop
  endfacet
  facet normal 1.000000e+00 0.000000e+00 0.000000e+00
    outer loop
      vertex 2.400000e+00 1.050000e+00 1.124032e+00
      vertex 2.100000e+00 -3.000000e-01 1.124032e+00
      vertex 2.400000e+00 -3.000000e-01 1.124032e+00
    endloop
  endfacet
  facet normal 9.486833e-01 0.000000e+00 0.000000e+00
    outer loop
      vertex 2.100000e+00 -3.000000e-01 1.124032e+00
      vertex 2.100000e+00 -6.000000e-01 1.024032e+00
      vertex 2.400000e+00 -3.000000e-01 1.124032e+00
    endloop
  endfacet
  facet normal 9.486833e-01 0.000000e+00 0.000000e+00
    outer loop
      vertex 2.400000e+00 -3.000000e-01 1.124032e+00
      vertex 2.100000e+00 -6.000000e-01 1.024032e+00
      vertex 2.400000e+00 -6.000000e-01 1.024032e+00
    endloop
  endfacet
  facet normal 7.124705e-02 0.000000e+00 0.000000e+00
    outer loop
      vertex 2.100000e+00 -6.000000e-01 1.024032e+00
      vertex 2.100000e+00 -7.000000e-01 -3.759683e-01
      vertex 2.400000e+00 -6.000000e-01 1.024032e+00
    endloop
  endfacet
  facet normal 7.124705e-02 0.000000e+00 0.000000e+00
    outer loop
      vertex 2.400000e+00 -6.000000e-01 1.024032e+00
      vertex 2.100000e+00 -7.000000e-01 -3.759683e-01
      vertex 2.400000e+00 -7.000000e-01 -3.759683e-01
    endloop
  endfacet
  facet normal 1.000000e+00 0.000000e+00 0.000000e+00
    outer loop
      vertex 2.100000e+00 -7.000000e-01 -3.759683e-01
      vertex 2.100000e+00 -1.000000e+00 -3.759683e-01
      vertex 2.400000e+00 -7.000000e-01 -3.759683e-01
    endloop
  endfacet
  facet normal 1.000000e+00 0.000000e+00 0.000000e+00
    outer loop
      vertex 2.400000e+00 -7.000000e-01 -3.759683e-01
      vertex 2.100000e+00 -1.000000e+00 -3.759683e-01
      vertex 2.400000e+00 -1.000000e+00 -3.759683e-01
    endloop
  endfacet
  facet normal 0.000000e+00 0.000000e+00 0.000000e+00
    outer loop
      vertex 2.100000e+00 -1.000000e+00 -3.759683e-01
      vertex 2.100000e+00 -1.000000e+00 -4.759683e-01
      vertex 2.400000e+00 -1.000000e+00 -3.759683e-01
    endloop
  endfacet
  facet normal 0.000000e+00 0.000000e+00 0.000000e+00
    outer loop
      vertex 2.400000e+00 -1.000000e+00 -3.759683e-01
      vertex 2.100000e+00 -1.000000e+00 -4.759683e-01
      vertex 2.400000e+00 -1.000000e+00 -4.759683e-01
    endloop
  endfacet
  facet normal -1.000000e+00 0.000000e+00 0.000000e+00
    outer loop
      vertex 2.100000e+00 -1.000000e+00 -4.759683e-01
      vertex 2.100000e+00 -6.000000e-01 -4.759683e-01
      vertex 2.400000e+00 -1.000000e+00 -4.759683e-01
    endloop
  endfacet
  facet normal -1.000000e+00 0.000000e+00 0.000000e+00
    outer loop
      vertex 2.400000e+00 -1.000000e+00 -4.759683e-01
      vertex 2.100000e+00 -6.000000e-01 -4.759683e-01
      vertex 2.400000e+00 -6.000000e-01 -4.759683e-01
    endloop
  endfacet
  facet normal -7.024856e-02 0.000000e+00 0.000000e+00
    outer loop
      vertex 2.100000e+00 -6.000000e-01 -4.759683e-01
      vertex 2.100000e+00 -5.000000e-01 9.440317e-01
      vertex 2.400000e+00 -6.000000e-01 -4.759683e-01
    endloop
  endfacet
  facet normal -7.024856e-02 0.000000e+00 0.000000e+00
    outer loop
      vertex 2.400000e+00 -6.000000e-01 -4.759683e-01
      vertex 2.100000e+00 -5.000000e-01 9.440317e-01
      vertex 2.400000e+00 -5.000000e-01 9.440317e-01
    endloop
  endfacet
  facet normal -9.397934e-01 0.000000e+00 0.000000e+00
    outer loop
      vertex 2.100000e+00 -5.000000e-01 9.440317e-01
      vertex 2.100000e+00 -2.800000e-01 1.024032e+00
      vertex 2.400000e+00 -5.000000e-01 9.440317e-01
    endloop
  endfacet
  facet normal -9.397934e-01 0.000000e+00 0.000000e+00
    outer loop
      vertex 2.400000e+00 -5.000000e-01 9.440317e-01
      vertex 2.100000e+00 -2.800000e-01 1.024032e+00
      vertex 2.400000e+00 -2.800000e-01 1.024032e+00
    endloop
  endfacet
  facet normal -1.000000e+00 0.000000e+00 0.000000e+00
    outer loop
      vertex 2.100000e+00 -2.800000e-01 1.024032e+00
      vertex 2.100000e+00 9.500000e-01 1.024032e+00
      vertex 2.400000e+00 -2.800000e-01 1.024032e+00
    endloop
  endfacet
  facet normal -1.000000e+00 0.000000e+00 0.000000e+00
    outer loop
      vertex 2.400000e+00 -2.800000e-01 1.024032e+00
      vertex 2.100000e+00 9.500000e-01 1.024032e+00
      vertex 2.400000e+00 9.500000e-01 1.024032e+00
    endloop
  endfacet
  facet normal 1.502787e-31 0.000000e+00 0.000000e+00
    outer loop
      vertex 2.100000e+00 1.050000e+00 1.124032e+00
      vertex 2.100000e+00 9.500000e-01 1.024032e+00
      vertex 2.100000e+00 -3.000000e-01 1.124032e+00
    endloop
  endfacet
  facet normal 1.502787e-31 0.000000e+00 0.000000e+00
    outer loop
      vertex 2.100000e+00 -3.000000e-01 1.124032e+00
      vertex 2.100000e+00 9.500000e-01 1.024032e+00
      vertex 2.100000e+00 -2.800000e-01 1.024032e+00
    endloop
  endfacet
  facet normal 1.502787e-31 0.000000e+00 0.000000e+00
    outer loop
      vertex 2.100000e+00 -3.000000e-01 1.124032e+00
      vertex 2.100000e+00 -2.800000e-01 1.024032e+00
      vertex 2.100000e+00 -5.000000e-01 9.440317e-01
    endloop
  endfacet
  facet normal 1.502787e-31 0.000000e+00 0.000000e+00
    outer loop
      vertex 2.100000e+00 1.050000e+00 1.124032e+00
      vertex 2.100000e+00 1.050000e+00 6.990317e-01
      vertex 2.100000e+00 9.500000e-01 1.024032e+00
    endloop
  endfacet
  facet normal 1.502787e-31 0.000000e+00 0.000000e+00
    outer loop
      vertex 2.100000e+00 9.500000e-01 1.024032e+00
      vertex 2.100000e+00 1.050000e+00 6.990317e-01
      vertex 2.100000e+00 9.500000e-01 5.990317e-01
    endloop
  endfacet
  facet normal 1.502787e-31 0.000000e+00 0.000000e+00
    outer loop
      vertex 2.100000e+00 1.200000e+00 6.990317e-01
      vertex 2.100000e+00 1.200000e+00 5.990317e-01
      vertex 2.100000e+00 1.050000e+00 6.990317e-01
    endloop
  endfacet
  facet normal 1.502787e-31 0.000000e+00 0.000000e+00
    outer loop
      vertex 2.100000e+00 1.050000e+00 6.990317e-01
      vertex 2.100000e+00 1.200000e+00 5.990317e-01
      vertex 2.100000e+00 9.500000e-01 5.990317e-01
    endloop
  endfacet
  facet normal 1.502787e-31 0.000000e+00 0.000000e+00
    outer loop
      vertex 2.100000e+00 -6.000000e-01 -4.759683e-01
      vertex 2.100000e+00 -7.000000e-01 -3.759683e-01
      vertex 2.100000e+00 -5.000000e-01 9.440317e-01
    endloop
  endfacet
  facet normal 1.502787e-31 0.000000e+00 0.000000e+00
    outer loop
      vertex 2.100000e+00 -5.000000e-01 9.440317e-01
      vertex 2.100000e+00 -7.000000e-01 -3.759683e-01
      vertex 2.100000e+00 -6.000000e-01 1.024032e+00
    endloop
  endfacet
  facet normal 1.502787e-31 0.000000e+00 0.000000e+00
    outer loop
      vertex 2.100000e+00 -5.000000e-01 9.440317e-01
      vertex 2.100000e+00 -6.000000e-01 1.024032e+00
      vertex 2.100000e+00 -3.000000e-01 1.124032e+00
    endloop
  endfacet
  facet normal 1.502787e-31 0.000000e+00 0.000000e+00
    outer loop
      vertex 2.100000e+00 -6.000000e-01 -4.759683e-01
      vertex 2.100000e+00 -1.000000e+00 -4.759683e-01
      vertex 2.100000e+00 -7.000000e-01 -3.759683e-01
    endloop
  endfacet
  facet normal 1.502787e-31 0.000000e+00 0.000000e+00
    outer loop
      vertex 2.100000e+00 -7.000000e-01 -3.759683e-01
      vertex 2.100000e+00 -1.000000e+00 -4.759683e-01
      vertex 2.100000e+00 -1.000000e+00 -3.759683e-01
    endloop
  endfacet
  facet normal -1.502787e-31 0.000000e+00 0.000000e+00
    outer loop
      vertex 2.400000e+00 1.050000e+00 6.990317e-01
      vertex 2.400000e+00 1.050000e+00 1.124032e+00
      vertex 2.400000e+00 9.500000e-01 1.024032e+00
    endloop
  endfacet
  facet normal -1.502787e-31 0.000000e+00 0.000000e+00
    outer loop
      vertex 2.400000e+00 9.500000e-01 1.024032e+00
      vertex 2.400000e+00 1.050000e+00 1.124032e+00
      vertex 2.400000e+00 -3.000000e-01 1.124032e+00
    endloop
  endfacet
  facet normal -1.502787e-31 0.000000e+00 0.000000e+00
    outer loop
      vertex 2.400000e+00 9.500000e-01 1.024032e+00
      vertex 2.400000e+00 -3.000000e-01 1.124032e+00
      vertex 2.400000e+00 -2.800000e-01 1.024032e+00
    endloop
  endfacet
  facet normal -1.502787e-31 0.000000e+00 0.000000e+00
    outer loop
      vertex 2.400000e+00 -2.800000e-01 1.024032e+00
      vertex 2.400000e+00 -3.000000e-01 1.124032e+00
      vertex 2.400000e+00 -5.000000e-01 9.440317e-01
    endloop
  endfacet
  facet normal -1.502787e-31 0.000000e+00 0.000000e+00
    outer loop
      vertex 2.400000e+00 -3.000000e-01 1.124032e+00
      vertex 2.400000e+00 -6.000000e-01 1.024032e+00
      vertex 2.400000e+00 -5.000000e-01 9.440317e-01
    endloop
  endfacet
  facet normal -1.502787e-31 0.000000e+00 0.000000e+00
    outer loop
      vertex 2.400000e+00 -5.000000e-01 9.440317e-01
      vertex 2.400000e+00 -6.000000e-01 1.024032e+00
      vertex 2.400000e+00 -7.000000e-01 -3.759683e-01
    endloop
  endfacet
  facet normal -1.502787e-31 0.000000e+00 0.000000e+00
    outer loop
      vertex 2.400000e+00 -5.000000e-01 9.440317e-01
      vertex 2.400000e+00 -7.000000e-01 -3.759683e-01
      vertex 2.400000e+00 -6.000000e-01 -4.759683e-01
    endloop
  endfacet
  facet normal -1.502787e-31 0.000000e+00 0.000000e+00
    outer loop
      vertex 2.400000e+00 -6.000000e-01 -4.759683e-01
      vertex 2.400000e+00 -7.000000e-01 -3.759683e-01
      vertex 2.400000e+00 -1.000000e+00 -4.759683e-01
    endloop
  endfacet
  facet normal -1.502787e-31 0.000000e+00 0.000000e+00
    outer loop
      vertex 2.400000e+00 -7.000000e-01 -3.759683e-01
      vertex 2.400000e+00 -1.000000e+00 -3.759683e-01
      vertex 2.400000e+00 -1.000000e+00 -4.759683e-01
    endloop
  endfacet
  facet normal -1.502787e-31 0.000000e+00 0.000000e+00
    outer loop
      vertex 2.400000e+00 9.500000e-01 1.024032e+00
      vertex 2.400000e+00 9.500000e-01 5.990317e-01
      vertex 2.400000e+00 1.050000e+00 6.990317e-01
    endloop
  endfacet
  facet normal -1.502787e-31 0.000000e+00 0.000000e+00
    outer loop
      vertex 2.400000e+00 1.050000e+00 6.990317e-01
      vertex 2.400000e+00 9.500000e-01 5.990317e-01
      vertex 2.400000e+00 1.200000e+00 5.990317e-01
    endloop
  endfacet
  facet normal -1.502787e-31 0.000000e+00 0.000000e+00
    outer loop
      vertex 2.400000e+00 1.050000e+00 6.990317e-01
      vertex 2.400000e+00 1.200000e+00 5.990317e-01
      vertex 2.400000e+00 1.200000e+00 6.990317e-01
    endloop
  endfacet
endsolid PEC:Pin_5_2
solid PEC:Pin_5_3
  facet normal 0.000000e+00 0.000000e+00 0.000000e+00
    outer loop
      vertex 7.130000e+00 3.300000e+00 6.990317e-01
      vertex 7.130000e+00 3.500000e+00 6.990317e-01
      vertex 7.130000e+00 3.300000e+00 5.990317e-01
    endloop
  endfacet
  facet normal 0.000000e+00 0.000000e+00 0.000000e+00
    outer loop
      vertex 7.130000e+00 3.300000e+00 5.990317e-01
      vertex 7.130000e+00 3.500000e+00 6.990317e-01
      vertex 7.130000e+00 3.500000e+00 5.990317e-01
    endloop
  endfacet
  facet normal -0.000000e+00 0.000000e+00 0.000000e+00
    outer loop
      vertex 7.130000e+00 3.500000e+00 6.990317e-01
      vertex 7.230000e+00 3.500000e+00 6.990317e-01
      vertex 7.130000e+00 3.500000e+00 5.990317e-01
    endloop
  endfacet
  facet normal -0.000000e+00 0.000000e+00 0.000000e+00
    outer loop
      vertex 7.130000e+00 3.500000e+00 5.990317e-01
      vertex 7.230000e+00 3.500000e+00 6.990317e-01
      vertex 7.230000e+00 3.500000e+00 5.990317e-01
    endloop
  endfacet
  facet normal -0.000000e+00 0.000000e+00 0.000000e+00
    outer loop
      vertex 7.130000e+00 3.300000e+00 5.990317e-01
      vertex 7.230000e+00 3.300000e+00 5.990317e-01
      vertex 7.130000e+00 3.300000e+00 6.990317e-01
    endloop
  endfacet
  facet normal -0.000000e+00 0.000000e+00 0.000000e+00
    outer loop
      vertex 7.130000e+00 3.300000e+00 6.990317e-01
      vertex 7.230000e+00 3.300000e+00 5.990317e-01
      vertex 7.230000e+00 3.300000e+00 6.990317e-01
    endloop
  endfacet
  facet normal 0.000000e+00 0.000000e+00 0.000000e+00
    outer loop
      vertex 7.230000e+00 3.300000e+00 6.990317e-01
      vertex 7.230000e+00 3.300000e+00 5.990317e-01
      vertex 8.800000e+00 2.100000e+00 6.990317e-01
    endloop
  endfacet
  facet normal 0.000000e+00 0.000000e+00 0.000000e+00
    outer loop
      vertex 8.800000e+00 2.100000e+00 6.990317e-01
      vertex 7.230000e+00 3.300000e+00 5.990317e-01
      vertex 8.800000e+00 2.100000e+00 5.990317e-01
    endloop
  endfacet
  facet normal 0.000000e+00 0.000000e+00 0.000000e+00
    outer loop
      vertex 7.230000e+00 3.500000e+00 5.990317e-01
      vertex 7.230000e+00 3.500000e+00 6.990317e-01
      vertex 8.800000e+00 2.400000e+00 5.990317e-01
    endloop
  endfacet
  facet normal 0.000000e+00 0.000000e+00 0.000000e+00
    outer loop
      vertex 8.800000e+00 2.400000e+00 5.990317e-01
      vertex 7.230000e+00 3.500000e+00 6.990317e-01
      vertex 8.800000e+00 2.400000e+00 6.990317e-01
    endloop
  endfacet
  facet normal 0.000000e+00 0.000000e+00 0.000000e+00
    outer loop
      vertex 8.950000e+00 2.400000e+00 1.124032e+00
      vertex 8.950000e+00 2.400000e+00 6.990317e-01
      vertex 8.950000e+00 2.100000e+00 1.124032e+00
    endloop
  endfacet
  facet normal 0.000000e+00 0.000000e+00 0.000000e+00
    outer loop
      vertex 8.950000e+00 2.100000e+00 1.124032e+00
      vertex 8.950000e+00 2.400000e+00 6.990317e-01
      vertex 8.950000e+00 2.100000e+00 6.990317e-01
    endloop
  endfacet
  facet normal 1.000000e+00 0.000000e+00 0.000000e+00
    outer loop
      vertex 8.950000e+00 2.400000e+00 6.990317e-01
      vertex 8.800000e+00 2.400000e+00 6.990317e-01
      vertex 8.950000e+00 2.100000e+00 6.990317e-01
    endloop
  endfacet
  facet normal 1.000000e+00 0.000000e+00 0.000000e+00
    outer loop
      vertex 8.950000e+00 2.100000e+00 6.990317e-01
      vertex 8.800000e+00 2.400000e+00 6.990317e-01
      vertex 8.800000e+00 2.100000e+00 6.990317e-01
    endloop
  endfacet
  facet normal 1.000000e+00 0.000000e+00 0.000000e+00
    outer loop
      vertex 8.800000e+00 2.100000e+00 6.990317e-01
      vertex 8.800000e+00 2.400000e+00 6.990317e-01
      vertex 7.230000e+00 3.300000e+00 6.990317e-01
    endloop
  endfacet
  facet normal 1.000000e+00 0.000000e+00 0.000000e+00
    outer loop
      vertex 7.230000e+00 3.300000e+00 6.990317e-01
      vertex 8.800000e+00 2.400000e+00 6.990317e-01
      vertex 7.230000e+00 3.500000e+00 6.990317e-01
    endloop
  endfacet
  facet normal 1.000000e+00 0.000000e+00 0.000000e+00
    outer loop
      vertex 7.230000e+00 3.300000e+00 6.990317e-01
      vertex 7.230000e+00 3.500000e+00 6.990317e-01
      vertex 7.130000e+00 3.500000e+00 6.990317e-01
    endloop
  endfacet
  facet normal 1.000000e+00 0.000000e+00 0.000000e+00
    outer loop
      vertex 7.130000e+00 3.500000e+00 6.990317e-01
      vertex 7.130000e+00 3.300000e+00 6.990317e-01
      vertex 7.230000e+00 3.300000e+00 6.990317e-01
    endloop
  endfacet
  facet normal -1.000000e+00 0.000000e+00 0.000000e+00
    outer loop
      vertex 9.050000e+00 2.400000e+00 5.990317e-01
      vertex 8.800000e+00 2.100000e+00 5.990317e-01
      vertex 8.800000e+00 2.400000e+00 5.990317e-01
    endloop
  endfacet
  facet normal -1.000000e+00 0.000000e+00 0.000000e+00
    outer loop
      vertex 8.800000e+00 2.400000e+00 5.990317e-01
      vertex 8.800000e+00 2.100000e+00 5.990317e-01
      vertex 7.230000e+00 3.300000e+00 5.990317e-01
    endloop
  endfacet
  facet normal -1.000000e+00 0.000000e+00 0.000000e+00
    outer loop
      vertex 8.800000e+00 2.400000e+00 5.990317e-01
      vertex 7.230000e+00 3.300000e+00 5.990317e-01
      vertex 7.230000e+00 3.500000e+00 5.990317e-01
    endloop
  endfacet
  facet normal -1.000000e+00 0.000000e+00 0.000000e+00
    outer loop
      vertex 7.230000e+00 3.500000e+00 5.990317e-01
      vertex 7.230000e+00 3.300000e+00 5.990317e-01
      vertex 7.130000e+00 3.300000e+00 5.990317e-01
    endloop
  endfacet
  facet normal -1.000000e+00 0.000000e+00 0.000000e+00
    outer loop
      vertex 7.230000e+00 3.500000e+00 5.990317e-01
      vertex 7.130000e+00 3.300000e+00 5.990317e-01
      vertex 7.130000e+00 3.500000e+00 5.990317e-01
    endloop
  endfacet
  facet normal -1.000000e+00 0.000000e+00 0.000000e+00
    outer loop
      vertex 9.050000e+00 2.400000e+00 5.990317e-01
      vertex 9.050000e+00 2.100000e+00 5.990317e-01
      vertex 8.800000e+00 2.100000e+00 5.990317e-01
    endloop
  endfacet
  facet normal 0.000000e+00 0.000000e+00 0.000000e+00
    outer loop
      vertex 9.050000e+00 2.400000e+00 5.990317e-01
      vertex 9.050000e+00 2.400000e+00 1.024032e+00
      vertex 9.050000e+00 2.100000e+00 5.990317e-01
    endloop
  endfacet
  facet normal 0.000000e+00 0.000000e+00 0.000000e+00
    outer loop
      vertex 9.050000e+00 2.100000e+00 5.990317e-01
      vertex 9.050000e+00 2.400000e+00 1.024032e+00
      vertex 9.050000e+00 2.100000e+00 1.024032e+00
    endloop
  endfacet
  facet normal 1.000000e+00 0.000000e+00 0.000000e+00
    outer loop
      vertex 8.950000e+00 2.100000e+00 1.124032e+00
      vertex 1.030000e+01 2.100000e+00 1.124032e+00
      vertex 8.950000e+00 2.400000e+00 1.124032e+00
    endloop
  endfacet
  facet normal 1.000000e+00 0.000000e+00 0.000000e+00
    outer loop
      vertex 8.950000e+00 2.400000e+00 1.124032e+00
      vertex 1.030000e+01 2.100000e+00 1.124032e+00
      vertex 1.030000e+01 2.400000e+00 1.124032e+00
    endloop
  endfacet
  facet normal 9.486833e-01 0.000000e+00 0.000000e+00
    outer loop
      vertex 1.030000e+01 2.100000e+00 1.124032e+00
      vertex 1.060000e+01 2.100000e+00 1.024032e+00
      vertex 1.030000e+01 2.400000e+00 1.124032e+00
    endloop
  endfacet
  facet normal 9.486833e-01 0.000000e+00 0.000000e+00
    outer loop
      vertex 1.030000e+01 2.400000e+00 1.124032e+00
      vertex 1.060000e+01 2.100000e+00 1.024032e+00
      vertex 1.060000e+01 2.400000e+00 1.024032e+00
    endloop
  endfacet
  facet normal 7.124705e-02 0.000000e+00 0.000000e+00
    outer loop
      vertex 1.060000e+01 2.100000e+00 1.024032e+00
      vertex 1.070000e+01 2.100000e+00 -3.759683e-01
      vertex 1.060000e+01 2.400000e+00 1.024032e+00
    endloop
  endfacet
  facet normal 7.124705e-02 0.000000e+00 0.000000e+00
    outer loop
      vertex 1.060000e+01 2.400000e+00 1.024032e+00
      vertex 1.070000e+01 2.100000e+00 -3.759683e-01
      vertex 1.070000e+01 2.400000e+00 -3.759683e-01
    endloop
  endfacet
  facet normal 1.000000e+00 0.000000e+00 0.000000e+00
    outer loop
      vertex 1.070000e+01 2.100000e+00 -3.759683e-01
      vertex 1.100000e+01 2.100000e+00 -3.759683e-01
      vertex 1.070000e+01 2.400000e+00 -3.759683e-01
    endloop
  endfacet
  facet normal 1.000000e+00 0.000000e+00 0.000000e+00
    outer loop
      vertex 1.070000e+01 2.400000e+00 -3.759683e-01
      vertex 1.100000e+01 2.100000e+00 -3.759683e-01
      vertex 1.100000e+01 2.400000e+00 -3.759683e-01
    endloop
  endfacet
  facet normal 0.000000e+00 0.000000e+00 0.000000e+00
    outer loop
      vertex 1.100000e+01 2.100000e+00 -3.759683e-01
      vertex 1.100000e+01 2.100000e+00 -4.759683e-01
      vertex 1.100000e+01 2.400000e+00 -3.759683e-01
    endloop
  endfacet
  facet normal 0.000000e+00 0.000000e+00 0.000000e+00
    outer loop
      vertex 1.100000e+01 2.400000e+00 -3.759683e-01
      vertex 1.100000e+01 2.100000e+00 -4.759683e-01
      vertex 1.100000e+01 2.400000e+00 -4.759683e-01
    endloop
  endfacet
  facet normal -1.000000e+00 0.000000e+00 0.000000e+00
    outer loop
      vertex 1.100000e+01 2.100000e+00 -4.759683e-01
      vertex 1.060000e+01 2.100000e+00 -4.759683e-01
      vertex 1.100000e+01 2.400000e+00 -4.759683e-01
    endloop
  endfacet
  facet normal -1.000000e+00 0.000000e+00 0.000000e+00
    outer loop
      vertex 1.100000e+01 2.400000e+00 -4.759683e-01
      vertex 1.060000e+01 2.100000e+00 -4.759683e-01
      vertex 1.060000e+01 2.400000e+00 -4.759683e-01
    endloop
  endfacet
  facet normal -7.024856e-02 0.000000e+00 0.000000e+00
    outer loop
      vertex 1.060000e+01 2.100000e+00 -4.759683e-01
      vertex 1.050000e+01 2.100000e+00 9.440317e-01
      vertex 1.060000e+01 2.400000e+00 -4.759683e-01
    endloop
  endfacet
  facet normal -7.024856e-02 0.000000e+00 0.000000e+00
    outer loop
      vertex 1.060000e+01 2.400000e+00 -4.759683e-01
      vertex 1.050000e+01 2.100000e+00 9.440317e-01
      vertex 1.050000e+01 2.400000e+00 9.440317e-01
    endloop
  endfacet
  facet normal -9.397934e-01 0.000000e+00 0.000000e+00
    outer loop
      vertex 1.050000e+01 2.100000e+00 9.440317e-01
      vertex 1.028000e+01 2.100000e+00 1.024032e+00
      vertex 1.050000e+01 2.400000e+00 9.440317e-01
    endloop
  endfacet
  facet normal -9.397934e-01 0.000000e+00 0.000000e+00
    outer loop
      vertex 1.050000e+01 2.400000e+00 9.440317e-01
      vertex 1.028000e+01 2.100000e+00 1.024032e+00
      vertex 1.028000e+01 2.400000e+00 1.024032e+00
    endloop
  endfacet
  facet normal -1.000000e+00 0.000000e+00 0.000000e+00
    outer loop
      vertex 1.028000e+01 2.100000e+00 1.024032e+00
      vertex 9.050000e+00 2.100000e+00 1.024032e+00
      vertex 1.028000e+01 2.400000e+00 1.024032e+00
    endloop
  endfacet
  facet normal -1.000000e+00 0.000000e+00 0.000000e+00
    outer loop
      vertex 1.028000e+01 2.400000e+00 1.024032e+00
      vertex 9.050000e+00 2.100000e+00 1.024032e+00
      vertex 9.050000e+00 2.400000e+00 1.024032e+00
    endloop
  endfacet
  facet normal 1.502787e-31 0.000000e+00 0.000000e+00
    outer loop
      vertex 8.950000e+00 2.100000e+00 1.124032e+00
      vertex 9.050000e+00 2.100000e+00 1.024032e+00
      vertex 1.030000e+01 2.100000e+00 1.124032e+00
    endloop
  endfacet
  facet normal 1.502787e-31 0.000000e+00 0.000000e+00
    outer loop
      vertex 1.030000e+01 2.100000e+00 1.124032e+00
      vertex 9.050000e+00 2.100000e+00 1.024032e+00
      vertex 1.028000e+01 2.100000e+00 1.024032e+00
    endloop
  endfacet
  facet normal 1.502787e-31 0.000000e+00 0.000000e+00
    outer loop
      vertex 1.030000e+01 2.100000e+00 1.124032e+00
      vertex 1.028000e+01 2.100000e+00 1.024032e+00
      vertex 1.050000e+01 2.100000e+00 9.440317e-01
    endloop
  endfacet
  facet normal 1.502787e-31 0.000000e+00 0.000000e+00
    outer loop
      vertex 8.950000e+00 2.100000e+00 1.124032e+00
      vertex 8.950000e+00 2.100000e+00 6.990317e-01
      vertex 9.050000e+00 2.100000e+00 1.024032e+00
    endloop
  endfacet
  facet normal 1.502787e-31 0.000000e+00 0.000000e+00
    outer loop
      vertex 9.050000e+00 2.100000e+00 1.024032e+00
      vertex 8.950000e+00 2.100000e+00 6.990317e-01
      vertex 9.050000e+00 2.100000e+00 5.990317e-01
    endloop
  endfacet
  facet normal 1.502787e-31 0.000000e+00 0.000000e+00
    outer loop
      vertex 8.800000e+00 2.100000e+00 6.990317e-01
      vertex 8.800000e+00 2.100000e+00 5.990317e-01
      vertex 8.950000e+00 2.100000e+00 6.990317e-01
    endloop
  endfacet
  facet normal 1.502787e-31 0.000000e+00 0.000000e+00
    outer loop
      vertex 8.950000e+00 2.100000e+00 6.990317e-01
      vertex 8.800000e+00 2.100000e+00 5.990317e-01
      vertex 9.050000e+00 2.100000e+00 5.990317e-01
    endloop
  endfacet
  facet normal 1.502787e-31 0.000000e+00 0.000000e+00
    outer loop
      vertex 1.060000e+01 2.100000e+00 -4.759683e-01
      vertex 1.070000e+01 2.100000e+00 -3.759683e-01
      vertex 1.050000e+01 2.100000e+00 9.440317e-01
    endloop
  endfacet
  facet normal 1.502787e-31 0.000000e+00 0.000000e+00
    outer loop
      vertex 1.050000e+01 2.100000e+00 9.440317e-01
      vertex 1.070000e+01 2.100000e+00 -3.759683e-01
      vertex 1.060000e+01 2.100000e+00 1.024032e+00
    endloop
  endfacet
  facet normal 1.502787e-31 0.000000e+00 0.000000e+00
    outer loop
      vertex 1.050000e+01 2.100000e+00 9.440317e-01
      vertex 1.060000e+01 2.100000e+00 1.024032e+00
      vertex 1.030000e+01 2.100000e+00 1.124032e+00
    endloop
  endfacet
  facet normal 1.502787e-31 0.000000e+00 0.000000e+00
    outer loop
      vertex 1.060000e+01 2.100000e+00 -4.759683e-01
      vertex 1.100000e+01 2.100000e+00 -4.759683e-01
      vertex 1.070000e+01 2.100000e+00 -3.759683e-01
    endloop
  endfacet
  facet normal 1.502787e-31 0.000000e+00 0.000000e+00
    outer loop
      vertex 1.070000e+01 2.100000e+00 -3.759683e-01
      vertex 1.100000e+01 2.100000e+00 -4.759683e-01
      vertex 1.100000e+01 2.100000e+00 -3.759683e-01
    endloop
  endfacet
  facet normal -1.502787e-31 0.000000e+00 0.000000e+00
    outer loop
      vertex 8.950000e+00 2.400000e+00 6.990317e-01
      vertex 8.950000e+00 2.400000e+00 1.124032e+00
      vertex 9.050000e+00 2.400000e+00 1.024032e+00
    endloop
  endfacet
  facet normal -1.502787e-31 0.000000e+00 0.000000e+00
    outer loop
      vertex 9.050000e+00 2.400000e+00 1.024032e+00
      vertex 8.950000e+00 2.400000e+00 1.124032e+00
      vertex 1.030000e+01 2.400000e+00 1.124032e+00
    endloop
  endfacet
  facet normal -1.502787e-31 0.000000e+00 0.000000e+00
    outer loop
      vertex 9.050000e+00 2.400000e+00 1.024032e+00
      vertex 1.030000e+01 2.400000e+00 1.124032e+00
      vertex 1.028000e+01 2.400000e+00 1.024032e+00
    endloop
  endfacet
  facet normal -1.502787e-31 0.000000e+00 0.000000e+00
    outer loop
      vertex 1.028000e+01 2.400000e+00 1.024032e+00
      vertex 1.030000e+01 2.400000e+00 1.124032e+00
      vertex 1.050000e+01 2.400000e+00 9.440317e-01
    endloop
  endfacet
  facet normal -1.502787e-31 0.000000e+00 0.000000e+00
    outer loop
      vertex 1.030000e+01 2.400000e+00 1.124032e+00
      vertex 1.060000e+01 2.400000e+00 1.024032e+00
      vertex 1.050000e+01 2.400000e+00 9.440317e-01
    endloop
  endfacet
  facet normal -1.502787e-31 0.000000e+00 0.000000e+00
    outer loop
      vertex 1.050000e+01 2.400000e+00 9.440317e-01
      vertex 1.060000e+01 2.400000e+00 1.024032e+00
      vertex 1.070000e+01 2.400000e+00 -3.759683e-01
    endloop
  endfacet
  facet normal -1.502787e-31 0.000000e+00 0.000000e+00
    outer loop
      vertex 1.050000e+01 2.400000e+00 9.440317e-01
      vertex 1.070000e+01 2.400000e+00 -3.759683e-01
      vertex 1.060000e+01 2.400000e+00 -4.759683e-01
    endloop
  endfacet
  facet normal -1.502787e-31 0.000000e+00 0.000000e+00
    outer loop
      vertex 1.060000e+01 2.400000e+00 -4.759683e-01
      vertex 1.070000e+01 2.400000e+00 -3.759683e-01
      vertex 1.100000e+01 2.400000e+00 -4.759683e-01
    endloop
  endfacet
  facet normal -1.502787e-31 0.000000e+00 0.000000e+00
    outer loop
      vertex 1.070000e+01 2.400000e+00 -3.759683e-01
      vertex 1.100000e+01 2.400000e+00 -3.759683e-01
      vertex 1.100000e+01 2.400000e+00 -4.759683e-01
    endloop
  endfacet
  facet normal -1.502787e-31 0.000000e+00 0.000000e+00
    outer loop
      vertex 9.050000e+00 2.400000e+00 1.024032e+00
      vertex 9.050000e+00 2.400000e+00 5.990317e-01
      vertex 8.950000e+00 2.400000e+00 6.990317e-01
    endloop
  endfacet
  facet normal -1.502787e-31 0.000000e+00 0.000000e+00
    outer loop
      vertex 8.950000e+00 2.400000e+00 6.990317e-01
      vertex 9.050000e+00 2.400000e+00 5.990317e-01
      vertex 8.800000e+00 2.400000e+00 5.990317e-01
    endloop
  endfacet
  facet normal -1.502787e-31 0.000000e+00 0.000000e+00
    outer loop
      vertex 8.950000e+00 2.400000e+00 6.990317e-01
      vertex 8.800000e+00 2.400000e+00 5.990317e-01
      vertex 8.800000e+00 2.400000e+00 6.990317e-01
    endloop
  endfacet
endsolid PEC:Pin_5_3
solid PEC:Pin_6_1
  facet normal 0.000000e+00 0.000000e+00 0.000000e+00
    outer loop
      vertex 2.870000e+00 7.020000e+00 6.990317e-01
      vertex 2.870000e+00 6.820000e+00 6.990317e-01
      vertex 2.870000e+00 7.020000e+00 5.990317e-01
    endloop
  endfacet
  facet normal 0.000000e+00 0.000000e+00 0.000000e+00
    outer loop
      vertex 2.870000e+00 7.020000e+00 5.990317e-01
      vertex 2.870000e+00 6.820000e+00 6.990317e-01
      vertex 2.870000e+00 6.820000e+00 5.990317e-01
    endloop
  endfacet
  facet normal -0.000000e+00 0.000000e+00 0.000000e+00
    outer loop
      vertex 2.870000e+00 6.820000e+00 6.990317e-01
      vertex 2.770000e+00 6.820000e+00 6.990317e-01
      vertex 2.870000e+00 6.820000e+00 5.990317e-01
    endloop
  endfacet
  facet normal -0.000000e+00 0.000000e+00 0.000000e+00
    outer loop
      vertex 2.870000e+00 6.820000e+00 5.990317e-01
      vertex 2.770000e+00 6.820000e+00 6.990317e-01
      vertex 2.770000e+00 6.820000e+00 5.990317e-01
    endloop
  endfacet
  facet normal -0.000000e+00 0.000000e+00 0.000000e+00
    outer loop
      vertex 2.870000e+00 7.020000e+00 5.990317e-01
      vertex 2.770000e+00 7.020000e+00 5.990317e-01
      vertex 2.870000e+00 7.020000e+00 6.990317e-01
    endloop
  endfacet
  facet normal -0.000000e+00 0.000000e+00 0.000000e+00
    outer loop
      vertex 2.870000e+00 7.020000e+00 6.990317e-01
      vertex 2.770000e+00 7.020000e+00 5.990317e-01
      vertex 2.770000e+00 7.020000e+00 6.990317e-01
    endloop
  endfacet
  facet normal 0.000000e+00 0.000000e+00 0.000000e+00
    outer loop
      vertex 2.770000e+00 7.020000e+00 6.990317e-01
      vertex 2.770000e+00 7.020000e+00 5.990317e-01
      vertex 1.200000e+00 8.450000e+00 6.990317e-01
    endloop
  endfacet
  facet normal 0.000000e+00 0.000000e+00 0.000000e+00
    outer loop
      vertex 1.200000e+00 8.450000e+00 6.990317e-01
      vertex 2.770000e+00 7.020000e+00 5.990317e-01
      vertex 1.200000e+00 8.450000e+00 5.990317e-01
    endloop
  endfacet
  facet normal 0.000000e+00 0.000000e+00 0.000000e+00
    outer loop
      vertex 2.770000e+00 6.820000e+00 5.990317e-01
      vertex 2.770000e+00 6.820000e+00 6.990317e-01
      vertex 1.200000e+00 8.150001e+00 5.990317e-01
    endloop
  endfacet
  facet normal 0.000000e+00 0.000000e+00 0.000000e+00
    outer loop
      vertex 1.200000e+00 8.150001e+00 5.990317e-01
      vertex 2.770000e+00 6.820000e+00 6.990317e-01
      vertex 1.200000e+00 8.150001e+00 6.990317e-01
    endloop
  endfacet
  facet normal 0.000000e+00 0.000000e+00 0.000000e+00
    outer loop
      vertex 1.050000e+00 8.150001e+00 1.124032e+00
      vertex 1.050000e+00 8.150001e+00 6.990317e-01
      vertex 1.050000e+00 8.450000e+00 1.124032e+00
    endloop
  endfacet
  facet normal 0.000000e+00 0.000000e+00 0.000000e+00
    outer loop
      vertex 1.050000e+00 8.450000e+00 1.124032e+00
      vertex 1.050000e+00 8.150001e+00 6.990317e-01
      vertex 1.050000e+00 8.450000e+00 6.990317e-01
    endloop
  endfacet
  facet normal 1.000000e+00 0.000000e+00 0.000000e+00
    outer loop
      vertex 1.050000e+00 8.150001e+00 6.990317e-01
      vertex 1.200000e+00 8.150001e+00 6.990317e-01
      vertex 1.050000e+00 8.450000e+00 6.990317e-01
    endloop
  endfacet
  facet normal 1.000000e+00 0.000000e+00 0.000000e+00
    outer loop
      vertex 1.050000e+00 8.450000e+00 6.990317e-01
      vertex 1.200000e+00 8.150001e+00 6.990317e-01
      vertex 1.200000e+00 8.450000e+00 6.990317e-01
    endloop
  endfacet
  facet normal 1.000000e+00 0.000000e+00 0.000000e+00
    outer loop
      vertex 1.200000e+00 8.450000e+00 6.990317e-01
      vertex 1.200000e+00 8.150001e+00 6.990317e-01
      vertex 2.770000e+00 7.020000e+00 6.990317e-01
    endloop
  endfacet
  facet normal 1.000000e+00 0.000000e+00 0.000000e+00
    outer loop
      vertex 2.770000e+00 7.020000e+00 6.990317e-01
      vertex 1.200000e+00 8.150001e+00 6.990317e-01
      vertex 2.770000e+00 6.820000e+00 6.990317e-01
    endloop
  endfacet
  facet normal 1.000000e+00 0.000000e+00 0.000000e+00
    outer loop
      vertex 2.770000e+00 7.020000e+00 6.990317e-01
      vertex 2.770000e+00 6.820000e+00 6.990317e-01
      vertex 2.870000e+00 6.820000e+00 6.990317e-01
    endloop
  endfacet
  facet normal 1.000000e+00 0.000000e+00 0.000000e+00
    outer loop
      vertex 2.870000e+00 6.820000e+00 6.990317e-01
      vertex 2.870000e+00 7.020000e+00 6.990317e-01
      vertex 2.770000e+00 7.020000e+00 6.990317e-01
    endloop
  endfacet
  facet normal -1.000000e+00 0.000000e+00 0.000000e+00
    outer loop
      vertex 9.500000e-01 8.150001e+00 5.990317e-01
      vertex 1.200000e+00 8.450000e+00 5.990317e-01
      vertex 1.200000e+00 8.150001e+00 5.990317e-01
    endloop
  endfacet
  facet normal -1.000000e+00 0.000000e+00 0.000000e+00
    outer loop
      vertex 1.200000e+00 8.150001e+00 5.990317e-01
      vertex 1.200000e+00 8.450000e+00 5.990317e-01
      vertex 2.770000e+00 7.020000e+00 5.990317e-01
    endloop
  endfacet
  facet normal -1.000000e+00 0.000000e+00 0.000000e+00
    outer loop
      vertex 1.200000e+00 8.150001e+00 5.990317e-01
      vertex 2.770000e+00 7.020000e+00 5.990317e-01
      vertex 2.770000e+00 6.820000e+00 5.990317e-01
    endloop
  endfacet
  facet normal -1.000000e+00 0.000000e+00 0.000000e+00
    outer loop
      vertex 2.770000e+00 6.820000e+00 5.990317e-01
      vertex 2.770000e+00 7.020000e+00 5.990317e-01
      vertex 2.870000e+00 7.020000e+00 5.990317e-01
    endloop
  endfacet
  facet normal -1.000000e+00 0.000000e+00 0.000000e+00
    outer loop
      vertex 2.770000e+00 6.820000e+00 5.990317e-01
      vertex 2.870000e+00 7.020000e+00 5.990317e-01
      vertex 2.870000e+00 6.820000e+00 5.990317e-01
    endloop
  endfacet
  facet normal -1.000000e+00 0.000000e+00 0.000000e+00
    outer loop
      vertex 9.500000e-01 8.150001e+00 5.990317e-01
      vertex 9.500000e-01 8.450000e+00 5.990317e-01
      vertex 1.200000e+00 8.450000e+00 5.990317e-01
    endloop
  endfacet
  facet normal 0.000000e+00 0.000000e+00 0.000000e+00
    outer loop
      vertex 9.500000e-01 8.150001e+00 5.990317e-01
      vertex 9.500000e-01 8.150001e+00 1.024032e+00
      vertex 9.500000e-01 8.450000e+00 5.990317e-01
    endloop
  endfacet
  facet normal 0.000000e+00 0.000000e+00 0.000000e+00
    outer loop
      vertex 9.500000e-01 8.450000e+00 5.990317e-01
      vertex 9.500000e-01 8.150001e+00 1.024032e+00
      vertex 9.500000e-01 8.450000e+00 1.024032e+00
    endloop
  endfacet
  facet normal 1.000000e+00 0.000000e+00 0.000000e+00
    outer loop
      vertex 1.050000e+00 8.450000e+00 1.124032e+00
      vertex -3.000000e-01 8.450000e+00 1.124032e+00
      vertex 1.050000e+00 8.150001e+00 1.124032e+00
    endloop
  endfacet
  facet normal 1.000000e+00 0.000000e+00 0.000000e+00
    outer loop
      vertex 1.050000e+00 8.150001e+00 1.124032e+00
      vertex -3.000000e-01 8.450000e+00 1.124032e+00
      vertex -3.000000e-01 8.150001e+00 1.124032e+00
    endloop
  endfacet
  facet normal 9.486833e-01 0.000000e+00 0.000000e+00
    outer loop
      vertex -3.000000e-01 8.450000e+00 1.124032e+00
      vertex -6.000000e-01 8.450000e+00 1.024032e+00
      vertex -3.000000e-01 8.150001e+00 1.124032e+00
    endloop
  endfacet
  facet normal 9.486833e-01 0.000000e+00 0.000000e+00
    outer loop
      vertex -3.000000e-01 8.150001e+00 1.124032e+00
      vertex -6.000000e-01 8.450000e+00 1.024032e+00
      vertex -6.000000e-01 8.150001e+00 1.024032e+00
    endloop
  endfacet
  facet normal 7.124705e-02 0.000000e+00 0.000000e+00
    outer loop
      vertex -6.000000e-01 8.450000e+00 1.024032e+00
      vertex -7.000000e-01 8.450000e+00 -3.759683e-01
      vertex -6.000000e-01 8.150001e+00 1.024032e+00
    endloop
  endfacet
  facet normal 7.124705e-02 0.000000e+00 0.000000e+00
    outer loop
      vertex -6.000000e-01 8.150001e+00 1.024032e+00
      vertex -7.000000e-01 8.450000e+00 -3.759683e-01
      vertex -7.000000e-01 8.150001e+00 -3.759683e-01
    endloop
  endfacet
  facet normal 1.000000e+00 0.000000e+00 0.000000e+00
    outer loop
      vertex -7.000000e-01 8.450000e+00 -3.759683e-01
      vertex -1.000000e+00 8.450000e+00 -3.759683e-01
      vertex -7.000000e-01 8.150001e+00 -3.759683e-01
    endloop
  endfacet
  facet normal 1.000000e+00 0.000000e+00 0.000000e+00
    outer loop
      vertex -7.000000e-01 8.150001e+00 -3.759683e-01
      vertex -1.000000e+00 8.450000e+00 -3.759683e-01
      vertex -1.000000e+00 8.150001e+00 -3.759683e-01
    endloop
  endfacet
  facet normal 0.000000e+00 0.000000e+00 0.000000e+00
    outer loop
      vertex -1.000000e+00 8.450000e+00 -3.759683e-01
      vertex -1.000000e+00 8.450000e+00 -4.759683e-01
      vertex -1.000000e+00 8.150001e+00 -3.759683e-01
    endloop
  endfacet
  facet normal 0.000000e+00 0.000000e+00 0.000000e+00
    outer loop
      vertex -1.000000e+00 8.150001e+00 -3.759683e-01
      vertex -1.000000e+00 8.450000e+00 -4.759683e-01
      vertex -1.000000e+00 8.150001e+00 -4.759683e-01
    endloop
  endfacet
  facet normal -1.000000e+00 0.000000e+00 0.000000e+00
    outer loop
      vertex -1.000000e+00 8.450000e+00 -4.759683e-01
      vertex -6.000000e-01 8.450000e+00 -4.759683e-01
      vertex -1.000000e+00 8.150001e+00 -4.759683e-01
    endloop
  endfacet
  facet normal -1.000000e+00 0.000000e+00 0.000000e+00
    outer loop
      vertex -1.000000e+00 8.150001e+00 -4.759683e-01
      vertex -6.000000e-01 8.450000e+00 -4.759683e-01
      vertex -6.000000e-01 8.150001e+00 -4.759683e-01
    endloop
  endfacet
  facet normal -7.024856e-02 0.000000e+00 0.000000e+00
    outer loop
      vertex -6.000000e-01 8.450000e+00 -4.759683e-01
      vertex -5.000000e-01 8.450000e+00 9.440317e-01
      vertex -6.000000e-01 8.150001e+00 -4.759683e-01
    endloop
  endfacet
  facet normal -7.024856e-02 0.000000e+00 0.000000e+00
    outer loop
      vertex -6.000000e-01 8.150001e+00 -4.759683e-01
      vertex -5.000000e-01 8.450000e+00 9.440317e-01
      vertex -5.000000e-01 8.150001e+00 9.440317e-01
    endloop
  endfacet
  facet normal -9.397934e-01 0.000000e+00 0.000000e+00
    outer loop
      vertex -5.000000e-01 8.450000e+00 9.440317e-01
      vertex -2.800000e-01 8.450000e+00 1.024032e+00
      vertex -5.000000e-01 8.150001e+00 9.440317e-01
    endloop
  endfacet
  facet normal -9.397934e-01 0.000000e+00 0.000000e+00
    outer loop
      vertex -5.000000e-01 8.150001e+00 9.440317e-01
      vertex -2.800000e-01 8.450000e+00 1.024032e+00
      vertex -2.800000e-01 8.150001e+00 1.024032e+00
    endloop
  endfacet
  facet normal -1.000000e+00 0.000000e+00 0.000000e+00
    outer loop
      vertex -2.800000e-01 8.450000e+00 1.024032e+00
      vertex 9.500000e-01 8.450000e+00 1.024032e+00
      vertex -2.800000e-01 8.150001e+00 1.024032e+00
    endloop
  endfacet
  facet normal -1.000000e+00 0.000000e+00 0.000000e+00
    outer loop
      vertex -2.800000e-01 8.150001e+00 1.024032e+00
      vertex 9.500000e-01 8.450000e+00 1.024032e+00
      vertex 9.500000e-01 8.150001e+00 1.024032e+00
    endloop
  endfacet
  facet normal 1.502787e-31 0.000000e+00 0.000000e+00
    outer loop
      vertex 1.050000e+00 8.450000e+00 1.124032e+00
      vertex 9.500000e-01 8.450000e+00 1.024032e+00
      vertex -3.000000e-01 8.450000e+00 1.124032e+00
    endloop
  endfacet
  facet normal 1.502787e-31 0.000000e+00 0.000000e+00
    outer loop
      vertex -3.000000e-01 8.450000e+00 1.124032e+00
      vertex 9.500000e-01 8.450000e+00 1.024032e+00
      vertex -2.800000e-01 8.450000e+00 1.024032e+00
    endloop
  endfacet
  facet normal 1.502787e-31 0.000000e+00 0.000000e+00
    outer loop
      vertex -3.000000e-01 8.450000e+00 1.124032e+00
      vertex -2.800000e-01 8.450000e+00 1.024032e+00
      vertex -5.000000e-01 8.450000e+00 9.440317e-01
    endloop
  endfacet
  facet normal 1.502787e-31 0.000000e+00 0.000000e+00
    outer loop
      vertex 1.050000e+00 8.450000e+00 1.124032e+00
      vertex 1.050000e+00 8.450000e+00 6.990317e-01
      vertex 9.500000e-01 8.450000e+00 1.024032e+00
    endloop
  endfacet
  facet normal 1.502787e-31 0.000000e+00 0.000000e+00
    outer loop
      vertex 9.500000e-01 8.450000e+00 1.024032e+00
      vertex 1.050000e+00 8.450000e+00 6.990317e-01
      vertex 9.500000e-01 8.450000e+00 5.990317e-01
    endloop
  endfacet
  facet normal 1.502787e-31 0.000000e+00 0.000000e+00
    outer loop
      vertex 1.200000e+00 8.450000e+00 6.990317e-01
      vertex 1.200000e+00 8.450000e+00 5.990317e-01
      vertex 1.050000e+00 8.450000e+00 6.990317e-01
    endloop
  endfacet
  facet normal 1.502787e-31 0.000000e+00 0.000000e+00
    outer loop
      vertex 1.050000e+00 8.450000e+00 6.990317e-01
      vertex 1.200000e+00 8.450000e+00 5.990317e-01
      vertex 9.500000e-01 8.450000e+00 5.990317e-01
    endloop
  endfacet
  facet normal 1.502787e-31 0.000000e+00 0.000000e+00
    outer loop
      vertex -6.000000e-01 8.450000e+00 -4.759683e-01
      vertex -7.000000e-01 8.450000e+00 -3.759683e-01
      vertex -5.000000e-01 8.450000e+00 9.440317e-01
    endloop
  endfacet
  facet normal 1.502787e-31 0.000000e+00 0.000000e+00
    outer loop
      vertex -5.000000e-01 8.450000e+00 9.440317e-01
      vertex -7.000000e-01 8.450000e+00 -3.759683e-01
      vertex -6.000000e-01 8.450000e+00 1.024032e+00
    endloop
  endfacet
  facet normal 1.502787e-31 0.000000e+00 0.000000e+00
    outer loop
      vertex -5.000000e-01 8.450000e+00 9.440317e-01
      vertex -6.000000e-01 8.450000e+00 1.024032e+00
      vertex -3.000000e-01 8.450000e+00 1.124032e+00
    endloop
  endfacet
  facet normal 1.502787e-31 0.000000e+00 0.000000e+00
    outer loop
      vertex -6.000000e-01 8.450000e+00 -4.759683e-01
      vertex -1.000000e+00 8.450000e+00 -4.759683e-01
      vertex -7.000000e-01 8.450000e+00 -3.759683e-01
    endloop
  endfacet
  facet normal 1.502787e-31 0.000000e+00 0.000000e+00
    outer loop
      vertex -7.000000e-01 8.450000e+00 -3.759683e-01
      vertex -1.000000e+00 8.450000e+00 -4.759683e-01
      vertex -1.000000e+00 8.450000e+00 -3.759683e-01
    endloop
  endfacet
  facet normal -1.502787e-31 0.000000e+00 0.000000e+00
    outer loop
      vertex 1.050000e+00 8.150001e+00 6.990317e-01
      vertex 1.050000e+00 8.150001e+00 1.124032e+00
      vertex 9.500000e-01 8.150001e+00 1.024032e+00
    endloop
  endfacet
  facet normal -1.502787e-31 0.000000e+00 0.000000e+00
    outer loop
      vertex 9.500000e-01 8.150001e+00 1.024032e+00
      vertex 1.050000e+00 8.150001e+00 1.124032e+00
      vertex -3.000000e-01 8.150001e+00 1.124032e+00
    endloop
  endfacet
  facet normal -1.502787e-31 0.000000e+00 0.000000e+00
    outer loop
      vertex 9.500000e-01 8.150001e+00 1.024032e+00
      vertex -3.000000e-01 8.150001e+00 1.124032e+00
      vertex -2.800000e-01 8.150001e+00 1.024032e+00
    endloop
  endfacet
  facet normal -1.502787e-31 0.000000e+00 0.000000e+00
    outer loop
      vertex -2.800000e-01 8.150001e+00 1.024032e+00
      vertex -3.000000e-01 8.150001e+00 1.124032e+00
      vertex -5.000000e-01 8.150001e+00 9.440317e-01
    endloop
  endfacet
  facet normal -1.502787e-31 0.000000e+00 0.000000e+00
    outer loop
      vertex -3.000000e-01 8.150001e+00 1.124032e+00
      vertex -6.000000e-01 8.150001e+00 1.024032e+00
      vertex -5.000000e-01 8.150001e+00 9.440317e-01
    endloop
  endfacet
  facet normal -1.502787e-31 0.000000e+00 0.000000e+00
    outer loop
      vertex -5.000000e-01 8.150001e+00 9.440317e-01
      vertex -6.000000e-01 8.150001e+00 1.024032e+00
      vertex -7.000000e-01 8.150001e+00 -3.759683e-01
    endloop
  endfacet
  facet normal -1.502787e-31 0.000000e+00 0.000000e+00
    outer loop
      vertex -5.000000e-01 8.150001e+00 9.440317e-01
      vertex -7.000000e-01 8.150001e+00 -3.759683e-01
      vertex -6.000000e-01 8.150001e+00 -4.759683e-01
    endloop
  endfacet
  facet normal -1.502787e-31 0.000000e+00 0.000000e+00
    outer loop
      vertex -6.000000e-01 8.150001e+00 -4.759683e-01
      vertex -7.000000e-01 8.150001e+00 -3.759683e-01
      vertex -1.000000e+00 8.150001e+00 -4.759683e-01
    endloop
  endfacet
  facet normal -1.502787e-31 0.000000e+00 0.000000e+00
    outer loop
      vertex -7.000000e-01 8.150001e+00 -3.759683e-01
      vertex -1.000000e+00 8.150001e+00 -3.759683e-01
      vertex -1.000000e+00 8.150001e+00 -4.759683e-01
    endloop
  endfacet
  facet normal -1.502787e-31 0.000000e+00 0.000000e+00
    outer loop
      vertex 9.500000e-01 8.150001e+00 1.024032e+00
      vertex 9.500000e-01 8.150001e+00 5.990317e-01
      vertex 1.050000e+00 8.150001e+00 6.990317e-01
    endloop
  endfacet
  facet normal -1.502787e-31 0.000000e+00 0.000000e+00
    outer loop
      vertex 1.050000e+00 8.150001e+00 6.990317e-01
      vertex 9.500000e-01 8.150001e+00 5.990317e-01
      vertex 1.200000e+00 8.150001e+00 5.990317e-01
    endloop
  endfacet
  facet normal -1.502787e-31 0.000000e+00 0.000000e+00
    outer loop
      vertex 1.050000e+00 8.150001e+00 6.990317e-01
      vertex 1.200000e+00 8.150001e+00 5.990317e-01
      vertex 1.200000e+00 8.150001e+00 6.990317e-01
    endloop
  endfacet
endsolid PEC:Pin_6_1
solid PEC:Pin_6_2
  facet normal 0.000000e+00 0.000000e+00 0.000000e+00
    outer loop
      vertex 2.980000e+00 2.870000e+00 6.990317e-01
      vertex 3.180000e+00 2.870000e+00 6.990317e-01
      vertex 2.980000e+00 2.870000e+00 5.990317e-01
    endloop
  endfacet
  facet normal 0.000000e+00 0.000000e+00 0.000000e+00
    outer loop
      vertex 2.980000e+00 2.870000e+00 5.990317e-01
      vertex 3.180000e+00 2.870000e+00 6.990317e-01
      vertex 3.180000e+00 2.870000e+00 5.990317e-01
    endloop
  endfacet
  facet normal -0.000000e+00 0.000000e+00 0.000000e+00
    outer loop
      vertex 3.180000e+00 2.870000e+00 6.990317e-01
      vertex 3.180000e+00 2.770000e+00 6.990317e-01
      vertex 3.180000e+00 2.870000e+00 5.990317e-01
    endloop
  endfacet
  facet normal -0.000000e+00 0.000000e+00 0.000000e+00
    outer loop
      vertex 3.180000e+00 2.870000e+00 5.990317e-01
      vertex 3.180000e+00 2.770000e+00 6.990317e-01
      vertex 3.180000e+00 2.770000e+00 5.990317e-01
    endloop
  endfacet
  facet normal -0.000000e+00 0.000000e+00 0.000000e+00
    outer loop
      vertex 2.980000e+00 2.870000e+00 5.990317e-01
      vertex 2.980000e+00 2.770000e+00 5.990317e-01
      vertex 2.980000e+00 2.870000e+00 6.990317e-01
    endloop
  endfacet
  facet normal -0.000000e+00 0.000000e+00 0.000000e+00
    outer loop
      vertex 2.980000e+00 2.870000e+00 6.990317e-01
      vertex 2.980000e+00 2.770000e+00 5.990317e-01
      vertex 2.980000e+00 2.770000e+00 6.990317e-01
    endloop
  endfacet
  facet normal 0.000000e+00 0.000000e+00 0.000000e+00
    outer loop
      vertex 2.980000e+00 2.770000e+00 6.990317e-01
      vertex 2.980000e+00 2.770000e+00 5.990317e-01
      vertex 1.550000e+00 1.200000e+00 6.990317e-01
    endloop
  endfacet
  facet normal 0.000000e+00 0.000000e+00 0.000000e+00
    outer loop
      vertex 1.550000e+00 1.200000e+00 6.990317e-01
      vertex 2.980000e+00 2.770000e+00 5.990317e-01
      vertex 1.550000e+00 1.200000e+00 5.990317e-01
    endloop
  endfacet
  facet normal 0.000000e+00 0.000000e+00 0.000000e+00
    outer loop
      vertex 3.180000e+00 2.770000e+00 5.990317e-01
      vertex 3.180000e+00 2.770000e+00 6.990317e-01
      vertex 1.850000e+00 1.200000e+00 5.990317e-01
    endloop
  endfacet
  facet normal 0.000000e+00 0.000000e+00 0.000000e+00
    outer loop
      vertex 1.850000e+00 1.200000e+00 5.990317e-01
      vertex 3.180000e+00 2.770000e+00 6.990317e-01
      vertex 1.850000e+00 1.200000e+00 6.990317e-01
    endloop
  endfacet
  facet normal 0.000000e+00 0.000000e+00 0.000000e+00
    outer loop
      vertex 1.850000e+00 1.050000e+00 1.124032e+00
      vertex 1.850000e+00 1.050000e+00 6.990317e-01
      vertex 1.550000e+00 1.050000e+00 1.124032e+00
    endloop
  endfacet
  facet normal 0.000000e+00 0.000000e+00 0.000000e+00
    outer loop
      vertex 1.550000e+00 1.050000e+00 1.124032e+00
      vertex 1.850000e+00 1.050000e+00 6.990317e-01
      vertex 1.550000e+00 1.050000e+00 6.990317e-01
    endloop
  endfacet
  facet normal 1.000000e+00 0.000000e+00 0.000000e+00
    outer loop
      vertex 1.850000e+00 1.050000e+00 6.990317e-01
      vertex 1.850000e+00 1.200000e+00 6.990317e-01
      vertex 1.550000e+00 1.050000e+00 6.990317e-01
    endloop
  endfacet
  facet normal 1.000000e+00 0.000000e+00 0.000000e+00
    outer loop
      vertex 1.550000e+00 1.050000e+00 6.990317e-01
      vertex 1.850000e+00 1.200000e+00 6.990317e-01
      vertex 1.550000e+00 1.200000e+00 6.990317e-01
    endloop
  endfacet
  facet normal 1.000000e+00 0.000000e+00 0.000000e+00
    outer loop
      vertex 1.550000e+00 1.200000e+00 6.990317e-01
      vertex 1.850000e+00 1.200000e+00 6.990317e-01
      vertex 2.980000e+00 2.770000e+00 6.990317e-01
    endloop
  endfacet
  facet normal 1.000000e+00 0.000000e+00 0.000000e+00
    outer loop
      vertex 2.980000e+00 2.770000e+00 6.990317e-01
      vertex 1.850000e+00 1.200000e+00 6.990317e-01
      vertex 3.180000e+00 2.770000e+00 6.990317e-01
    endloop
  endfacet
  facet normal 1.000000e+00 0.000000e+00 0.000000e+00
    outer loop
      vertex 2.980000e+00 2.770000e+00 6.990317e-01
      vertex 3.180000e+00 2.770000e+00 6.990317e-01
      vertex 3.180000e+00 2.870000e+00 6.990317e-01
    endloop
  endfacet
  facet normal 1.000000e+00 0.000000e+00 0.000000e+00
    outer loop
      vertex 3.180000e+00 2.870000e+00 6.990317e-01
      vertex 2.980000e+00 2.870000e+00 6.990317e-01
      vertex 2.980000e+00 2.770000e+00 6.990317e-01
    endloop
  endfacet
  facet normal -1.000000e+00 0.000000e+00 0.000000e+00
    outer loop
      vertex 1.850000e+00 9.500000e-01 5.990317e-01
      vertex 1.550000e+00 1.200000e+00 5.990317e-01
      vertex 1.850000e+00 1.200000e+00 5.990317e-01
    endloop
  endfacet
  facet normal -1.000000e+00 0.000000e+00 0.000000e+00
    outer loop
      vertex 1.850000e+00 1.200000e+00 5.990317e-01
      vertex 1.550000e+00 1.200000e+00 5.990317e-01
      vertex 2.980000e+00 2.770000e+00 5.990317e-01
    endloop
  endfacet
  facet normal -1.000000e+00 0.000000e+00 0.000000e+00
    outer loop
      vertex 1.850000e+00 1.200000e+00 5.990317e-01
      vertex 2.980000e+00 2.770000e+00 5.990317e-01
      vertex 3.180000e+00 2.770000e+00 5.990317e-01
    endloop
  endfacet
  facet normal -1.000000e+00 0.000000e+00 0.000000e+00
    outer loop
      vertex 3.180000e+00 2.770000e+00 5.990317e-01
      vertex 2.980000e+00 2.770000e+00 5.990317e-01
      vertex 2.980000e+00 2.870000e+00 5.990317e-01
    endloop
  endfacet
  facet normal -1.000000e+00 0.000000e+00 0.000000e+00
    outer loop
      vertex 3.180000e+00 2.770000e+00 5.990317e-01
      vertex 2.980000e+00 2.870000e+00 5.990317e-01
      vertex 3.180000e+00 2.870000e+00 5.990317e-01
    endloop
  endfacet
  facet normal -1.000000e+00 0.000000e+00 0.000000e+00
    outer loop
      vertex 1.850000e+00 9.500000e-01 5.990317e-01
      vertex 1.550000e+00 9.500000e-01 5.990317e-01
      vertex 1.550000e+00 1.200000e+00 5.990317e-01
    endloop
  endfacet
  facet normal 0.000000e+00 0.000000e+00 0.000000e+00
    outer loop
      vertex 1.850000e+00 9.500000e-01 5.990317e-01
      vertex 1.850000e+00 9.500000e-01 1.024032e+00
      vertex 1.550000e+00 9.500000e-01 5.990317e-01
    endloop
  endfacet
  facet normal 0.000000e+00 0.000000e+00 0.000000e+00
    outer loop
      vertex 1.550000e+00 9.500000e-01 5.990317e-01
      vertex 1.850000e+00 9.500000e-01 1.024032e+00
      vertex 1.550000e+00 9.500000e-01 1.024032e+00
    endloop
  endfacet
  facet normal 1.000000e+00 0.000000e+00 0.000000e+00
    outer loop
      vertex 1.550000e+00 1.050000e+00 1.124032e+00
      vertex 1.550000e+00 -3.000000e-01 1.124032e+00
      vertex 1.850000e+00 1.050000e+00 1.124032e+00
    endloop
  endfacet
  facet normal 1.000000e+00 0.000000e+00 0.000000e+00
    outer loop
      vertex 1.850000e+00 1.050000e+00 1.124032e+00
      vertex 1.550000e+00 -3.000000e-01 1.124032e+00
      vertex 1.850000e+00 -3.000000e-01 1.124032e+00
    endloop
  endfacet
  facet normal 9.486833e-01 0.000000e+00 0.000000e+00
    outer loop
      vertex 1.550000e+00 -3.000000e-01 1.124032e+00
      vertex 1.550000e+00 -6.000000e-01 1.024032e+00
      vertex 1.850000e+00 -3.000000e-01 1.124032e+00
    endloop
  endfacet
  facet normal 9.486833e-01 0.000000e+00 0.000000e+00
    outer loop
      vertex 1.850000e+00 -3.000000e-01 1.124032e+00
      vertex 1.550000e+00 -6.000000e-01 1.024032e+00
      vertex 1.850000e+00 -6.000000e-01 1.024032e+00
    endloop
  endfacet
  facet normal 7.124705e-02 0.000000e+00 0.000000e+00
    outer loop
      vertex 1.550000e+00 -6.000000e-01 1.024032e+00
      vertex 1.550000e+00 -7.000000e-01 -3.759683e-01
      vertex 1.850000e+00 -6.000000e-01 1.024032e+00
    endloop
  endfacet
  facet normal 7.124705e-02 0.000000e+00 0.000000e+00
    outer loop
      vertex 1.850000e+00 -6.000000e-01 1.024032e+00
      vertex 1.550000e+00 -7.000000e-01 -3.759683e-01
      vertex 1.850000e+00 -7.000000e-01 -3.759683e-01
    endloop
  endfacet
  facet normal 1.000000e+00 0.000000e+00 0.000000e+00
    outer loop
      vertex 1.550000e+00 -7.000000e-01 -3.759683e-01
      vertex 1.550000e+00 -1.000000e+00 -3.759683e-01
      vertex 1.850000e+00 -7.000000e-01 -3.759683e-01
    endloop
  endfacet
  facet normal 1.000000e+00 0.000000e+00 0.000000e+00
    outer loop
      vertex 1.850000e+00 -7.000000e-01 -3.759683e-01
      vertex 1.550000e+00 -1.000000e+00 -3.759683e-01
      vertex 1.850000e+00 -1.000000e+00 -3.759683e-01
    endloop
  endfacet
  facet normal 0.000000e+00 0.000000e+00 0.000000e+00
    outer loop
      vertex 1.550000e+00 -1.000000e+00 -3.759683e-01
      vertex 1.550000e+00 -1.000000e+00 -4.759683e-01
      vertex 1.850000e+00 -1.000000e+00 -3.759683e-01
    endloop
  endfacet
  facet normal 0.000000e+00 0.000000e+00 0.000000e+00
    outer loop
      vertex 1.850000e+00 -1.000000e+00 -3.759683e-01
      vertex 1.550000e+00 -1.000000e+00 -4.759683e-01
      vertex 1.850000e+00 -1.000000e+00 -4.759683e-01
    endloop
  endfacet
  facet normal -1.000000e+00 0.000000e+00 0.000000e+00
    outer loop
      vertex 1.550000e+00 -1.000000e+00 -4.759683e-01
      vertex 1.550000e+00 -6.000000e-01 -4.759683e-01
      vertex 1.850000e+00 -1.000000e+00 -4.759683e-01
    endloop
  endfacet
  facet normal -1.000000e+00 0.000000e+00 0.000000e+00
    outer loop
      vertex 1.850000e+00 -1.000000e+00 -4.759683e-01
      vertex 1.550000e+00 -6.000000e-01 -4.759683e-01
      vertex 1.850000e+00 -6.000000e-01 -4.759683e-01
    endloop
  endfacet
  facet normal -7.024856e-02 0.000000e+00 0.000000e+00
    outer loop
      vertex 1.550000e+00 -6.000000e-01 -4.759683e-01
      vertex 1.550000e+00 -5.000000e-01 9.440317e-01
      vertex 1.850000e+00 -6.000000e-01 -4.759683e-01
    endloop
  endfacet
  facet normal -7.024856e-02 0.000000e+00 0.000000e+00
    outer loop
      vertex 1.850000e+00 -6.000000e-01 -4.759683e-01
      vertex 1.550000e+00 -5.000000e-01 9.440317e-01
      vertex 1.850000e+00 -5.000000e-01 9.440317e-01
    endloop
  endfacet
  facet normal -9.397934e-01 0.000000e+00 0.000000e+00
    outer loop
      vertex 1.550000e+00 -5.000000e-01 9.440317e-01
      vertex 1.550000e+00 -2.800000e-01 1.024032e+00
      vertex 1.850000e+00 -5.000000e-01 9.440317e-01
    endloop
  endfacet
  facet normal -9.397934e-01 0.000000e+00 0.000000e+00
    outer loop
      vertex 1.850000e+00 -5.000000e-01 9.440317e-01
      vertex 1.550000e+00 -2.800000e-01 1.024032e+00
      vertex 1.850000e+00 -2.800000e-01 1.024032e+00
    endloop
  endfacet
  facet normal -1.000000e+00 0.000000e+00 0.000000e+00
    outer loop
      vertex 1.550000e+00 -2.800000e-01 1.024032e+00
      vertex 1.550000e+00 9.500000e-01 1.024032e+00
      vertex 1.850000e+00 -2.800000e-01 1.024032e+00
    endloop
  endfacet
  facet normal -1.000000e+00 0.000000e+00 0.000000e+00
    outer loop
      vertex 1.850000e+00 -2.800000e-01 1.024032e+00
      vertex 1.550000e+00 9.500000e-01 1.024032e+00
      vertex 1.850000e+00 9.500000e-01 1.024032e+00
    endloop
  endfacet
  facet normal 1.502787e-31 0.000000e+00 0.000000e+00
    outer loop
      vertex 1.550000e+00 1.050000e+00 1.124032e+00
      vertex 1.550000e+00 9.500000e-01 1.024032e+00
      vertex 1.550000e+00 -3.000000e-01 1.124032e+00
    endloop
  endfacet
  facet normal 1.502787e-31 0.000000e+00 0.000000e+00
    outer loop
      vertex 1.550000e+00 -3.000000e-01 1.124032e+00
      vertex 1.550000e+00 9.500000e-01 1.024032e+00
      vertex 1.550000e+00 -2.800000e-01 1.024032e+00
    endloop
  endfacet
  facet normal 1.502787e-31 0.000000e+00 0.000000e+00
    outer loop
      vertex 1.550000e+00 -3.000000e-01 1.124032e+00
      vertex 1.550000e+00 -2.800000e-01 1.024032e+00
      vertex 1.550000e+00 -5.000000e-01 9.440317e-01
    endloop
  endfacet
  facet normal 1.502787e-31 0.000000e+00 0.000000e+00
    outer loop
      vertex 1.550000e+00 1.050000e+00 1.124032e+00
      vertex 1.550000e+00 1.050000e+00 6.990317e-01
      vertex 1.550000e+00 9.500000e-01 1.024032e+00
    endloop
  endfacet
  facet normal 1.502787e-31 0.000000e+00 0.000000e+00
    outer loop
      vertex 1.550000e+00 9.500000e-01 1.024032e+00
      vertex 1.550000e+00 1.050000e+00 6.990317e-01
      vertex 1.550000e+00 9.500000e-01 5.990317e-01
    endloop
  endfacet
  facet normal 1.502787e-31 0.000000e+00 0.000000e+00
    outer loop
      vertex 1.550000e+00 1.200000e+00 6.990317e-01
      vertex 1.550000e+00 1.200000e+00 5.990317e-01
      vertex 1.550000e+00 1.050000e+00 6.990317e-01
    endloop
  endfacet
  facet normal 1.502787e-31 0.000000e+00 0.000000e+00
    outer loop
      vertex 1.550000e+00 1.050000e+00 6.990317e-01
      vertex 1.550000e+00 1.200000e+00 5.990317e-01
      vertex 1.550000e+00 9.500000e-01 5.990317e-01
    endloop
  endfacet
  facet normal 1.502787e-31 0.000000e+00 0.000000e+00
    outer loop
      vertex 1.550000e+00 -6.000000e-01 -4.759683e-01
      vertex 1.550000e+00 -7.000000e-01 -3.759683e-01
      vertex 1.550000e+00 -5.000000e-01 9.440317e-01
    endloop
  endfacet
  facet normal 1.502787e-31 0.000000e+00 0.000000e+00
    outer loop
      vertex 1.550000e+00 -5.000000e-01 9.440317e-01
      vertex 1.550000e+00 -7.000000e-01 -3.759683e-01
      vertex 1.550000e+00 -6.000000e-01 1.024032e+00
    endloop
  endfacet
  facet normal 1.502787e-31 0.000000e+00 0.000000e+00
    outer loop
      vertex 1.550000e+00 -5.000000e-01 9.440317e-01
      vertex 1.550000e+00 -6.000000e-01 1.024032e+00
      vertex 1.550000e+00 -3.000000e-01 1.124032e+00
    endloop
  endfacet
  facet normal 1.502787e-31 0.000000e+00 0.000000e+00
    outer loop
      vertex 1.550000e+00 -6.000000e-01 -4.759683e-01
      vertex 1.550000e+00 -1.000000e+00 -4.759683e-01
      vertex 1.550000e+00 -7.000000e-01 -3.759683e-01
    endloop
  endfacet
  facet normal 1.502787e-31 0.000000e+00 0.000000e+00
    outer loop
      vertex 1.550000e+00 -7.000000e-01 -3.759683e-01
      vertex 1.550000e+00 -1.000000e+00 -4.759683e-01
      vertex 1.550000e+00 -1.000000e+00 -3.759683e-01
    endloop
  endfacet
  facet normal -1.502787e-31 0.000000e+00 0.000000e+00
    outer loop
      vertex 1.850000e+00 1.050000e+00 6.990317e-01
      vertex 1.850000e+00 1.050000e+00 1.124032e+00
      vertex 1.850000e+00 9.500000e-01 1.024032e+00
    endloop
  endfacet
  facet normal -1.502787e-31 0.000000e+00 0.000000e+00
    outer loop
      vertex 1.850000e+00 9.500000e-01 1.024032e+00
      vertex 1.850000e+00 1.050000e+00 1.124032e+00
      vertex 1.850000e+00 -3.000000e-01 1.124032e+00
    endloop
  endfacet
  facet normal -1.502787e-31 0.000000e+00 0.000000e+00
    outer loop
      vertex 1.850000e+00 9.500000e-01 1.024032e+00
      vertex 1.850000e+00 -3.000000e-01 1.124032e+00
      vertex 1.850000e+00 -2.800000e-01 1.024032e+00
    endloop
  endfacet
  facet normal -1.502787e-31 0.000000e+00 0.000000e+00
    outer loop
      vertex 1.850000e+00 -2.800000e-01 1.024032e+00
      vertex 1.850000e+00 -3.000000e-01 1.124032e+00
      vertex 1.850000e+00 -5.000000e-01 9.440317e-01
    endloop
  endfacet
  facet normal -1.502787e-31 0.000000e+00 0.000000e+00
    outer loop
      vertex 1.850000e+00 -3.000000e-01 1.124032e+00
      vertex 1.850000e+00 -6.000000e-01 1.024032e+00
      vertex 1.850000e+00 -5.000000e-01 9.440317e-01
    endloop
  endfacet
  facet normal -1.502787e-31 0.000000e+00 0.000000e+00
    outer loop
      vertex 1.850000e+00 -5.000000e-01 9.440317e-01
      vertex 1.850000e+00 -6.000000e-01 1.024032e+00
      vertex 1.850000e+00 -7.000000e-01 -3.759683e-01
    endloop
  endfacet
  facet normal -1.502787e-31 0.000000e+00 0.000000e+00
    outer loop
      vertex 1.850000e+00 -5.000000e-01 9.440317e-01
      vertex 1.850000e+00 -7.000000e-01 -3.759683e-01
      vertex 1.850000e+00 -6.000000e-01 -4.759683e-01
    endloop
  endfacet
  facet normal -1.502787e-31 0.000000e+00 0.000000e+00
    outer loop
      vertex 1.850000e+00 -6.000000e-01 -4.759683e-01
      vertex 1.850000e+00 -7.000000e-01 -3.759683e-01
      vertex 1.850000e+00 -1.000000e+00 -4.759683e-01
    endloop
  endfacet
  facet normal -1.502787e-31 0.000000e+00 0.000000e+00
    outer loop
      vertex 1.850000e+00 -7.000000e-01 -3.759683e-01
      vertex 1.850000e+00 -1.000000e+00 -3.759683e-01
      vertex 1.850000e+00 -1.000000e+00 -4.759683e-01
    endloop
  endfacet
  facet normal -1.502787e-31 0.000000e+00 0.000000e+00
    outer loop
      vertex 1.850000e+00 9.500000e-01 1.024032e+00
      vertex 1.850000e+00 9.500000e-01 5.990317e-01
      vertex 1.850000e+00 1.050000e+00 6.990317e-01
    endloop
  endfacet
  facet normal -1.502787e-31 0.000000e+00 0.000000e+00
    outer loop
      vertex 1.850000e+00 1.050000e+00 6.990317e-01
      vertex 1.850000e+00 9.500000e-01 5.990317e-01
      vertex 1.850000e+00 1.200000e+00 5.990317e-01
    endloop
  endfacet
  facet normal -1.502787e-31 0.000000e+00 0.000000e+00
    outer loop
      vertex 1.850000e+00 1.050000e+00 6.990317e-01
      vertex 1.850000e+00 1.200000e+00 5.990317e-01
      vertex 1.850000e+00 1.200000e+00 6.990317e-01
    endloop
  endfacet
endsolid PEC:Pin_6_2
solid PEC:Pin_6_3
  facet normal 0.000000e+00 0.000000e+00 0.000000e+00
    outer loop
      vertex 7.130000e+00 2.980000e+00 6.990317e-01
      vertex 7.130000e+00 3.180000e+00 6.990317e-01
      vertex 7.130000e+00 2.980000e+00 5.990317e-01
    endloop
  endfacet
  facet normal 0.000000e+00 0.000000e+00 0.000000e+00
    outer loop
      vertex 7.130000e+00 2.980000e+00 5.990317e-01
      vertex 7.130000e+00 3.180000e+00 6.990317e-01
      vertex 7.130000e+00 3.180000e+00 5.990317e-01
    endloop
  endfacet
  facet normal -0.000000e+00 0.000000e+00 0.000000e+00
    outer loop
      vertex 7.130000e+00 3.180000e+00 6.990317e-01
      vertex 7.230000e+00 3.180000e+00 6.990317e-01
      vertex 7.130000e+00 3.180000e+00 5.990317e-01
    endloop
  endfacet
  facet normal -0.000000e+00 0.000000e+00 0.000000e+00
    outer loop
      vertex 7.130000e+00 3.180000e+00 5.990317e-01
      vertex 7.230000e+00 3.180000e+00 6.990317e-01
      vertex 7.230000e+00 3.180000e+00 5.990317e-01
    endloop
  endfacet
  facet normal -0.000000e+00 0.000000e+00 0.000000e+00
    outer loop
      vertex 7.130000e+00 2.980000e+00 5.990317e-01
      vertex 7.230000e+00 2.980000e+00 5.990317e-01
      vertex 7.130000e+00 2.980000e+00 6.990317e-01
    endloop
  endfacet
  facet normal -0.000000e+00 0.000000e+00 0.000000e+00
    outer loop
      vertex 7.130000e+00 2.980000e+00 6.990317e-01
      vertex 7.230000e+00 2.980000e+00 5.990317e-01
      vertex 7.230000e+00 2.980000e+00 6.990317e-01
    endloop
  endfacet
  facet normal 0.000000e+00 0.000000e+00 0.000000e+00
    outer loop
      vertex 7.230000e+00 2.980000e+00 6.990317e-01
      vertex 7.230000e+00 2.980000e+00 5.990317e-01
      vertex 8.800000e+00 1.550000e+00 6.990317e-01
    endloop
  endfacet
  facet normal 0.000000e+00 0.000000e+00 0.000000e+00
    outer loop
      vertex 8.800000e+00 1.550000e+00 6.990317e-01
      vertex 7.230000e+00 2.980000e+00 5.990317e-01
      vertex 8.800000e+00 1.550000e+00 5.990317e-01
    endloop
  endfacet
  facet normal 0.000000e+00 0.000000e+00 0.000000e+00
    outer loop
      vertex 7.230000e+00 3.180000e+00 5.990317e-01
      vertex 7.230000e+00 3.180000e+00 6.990317e-01
      vertex 8.800000e+00 1.850000e+00 5.990317e-01
    endloop
  endfacet
  facet normal 0.000000e+00 0.000000e+00 0.000000e+00
    outer loop
      vertex 8.800000e+00 1.850000e+00 5.990317e-01
      vertex 7.230000e+00 3.180000e+00 6.990317e-01
      vertex 8.800000e+00 1.850000e+00 6.990317e-01
    endloop
  endfacet
  facet normal 0.000000e+00 0.000000e+00 0.000000e+00
    outer loop
      vertex 8.950000e+00 1.850000e+00 1.124032e+00
      vertex 8.950000e+00 1.850000e+00 6.990317e-01
      vertex 8.950000e+00 1.550000e+00 1.124032e+00
    endloop
  endfacet
  facet normal 0.000000e+00 0.000000e+00 0.000000e+00
    outer loop
      vertex 8.950000e+00 1.550000e+00 1.124032e+00
      vertex 8.950000e+00 1.850000e+00 6.990317e-01
      vertex 8.950000e+00 1.550000e+00 6.990317e-01
    endloop
  endfacet
  facet normal 1.000000e+00 0.000000e+00 0.000000e+00
    outer loop
      vertex 8.950000e+00 1.850000e+00 6.990317e-01
      vertex 8.800000e+00 1.850000e+00 6.990317e-01
      vertex 8.950000e+00 1.550000e+00 6.990317e-01
    endloop
  endfacet
  facet normal 1.000000e+00 0.000000e+00 0.000000e+00
    outer loop
      vertex 8.950000e+00 1.550000e+00 6.990317e-01
      vertex 8.800000e+00 1.850000e+00 6.990317e-01
      vertex 8.800000e+00 1.550000e+00 6.990317e-01
    endloop
  endfacet
  facet normal 1.000000e+00 0.000000e+00 0.000000e+00
    outer loop
      vertex 8.800000e+00 1.550000e+00 6.990317e-01
      vertex 8.800000e+00 1.850000e+00 6.990317e-01
      vertex 7.230000e+00 2.980000e+00 6.990317e-01
    endloop
  endfacet
  facet normal 1.000000e+00 0.000000e+00 0.000000e+00
    outer loop
      vertex 7.230000e+00 2.980000e+00 6.990317e-01
      vertex 8.800000e+00 1.850000e+00 6.990317e-01
      vertex 7.230000e+00 3.180000e+00 6.990317e-01
    endloop
  endfacet
  facet normal 1.000000e+00 0.000000e+00 0.000000e+00
    outer loop
      vertex 7.230000e+00 2.980000e+00 6.990317e-01
      vertex 7.230000e+00 3.180000e+00 6.990317e-01
      vertex 7.130000e+00 3.180000e+00 6.990317e-01
    endloop
  endfacet
  facet normal 1.000000e+00 0.000000e+00 0.000000e+00
    outer loop
      vertex 7.130000e+00 3.180000e+00 6.990317e-01
      vertex 7.130000e+00 2.980000e+00 6.990317e-01
      vertex 7.230000e+00 2.980000e+00 6.990317e-01
    endloop
  endfacet
  facet normal -1.000000e+00 0.000000e+00 0.000000e+00
    outer loop
      vertex 9.050000e+00 1.850000e+00 5.990317e-01
      vertex 8.800000e+00 1.550000e+00 5.990317e-01
      vertex 8.800000e+00 1.850000e+00 5.990317e-01
    endloop
  endfacet
  facet normal -1.000000e+00 0.000000e+00 0.000000e+00
    outer loop
      vertex 8.800000e+00 1.850000e+00 5.990317e-01
      vertex 8.800000e+00 1.550000e+00 5.990317e-01
      vertex 7.230000e+00 2.980000e+00 5.990317e-01
    endloop
  endfacet
  facet normal -1.000000e+00 0.000000e+00 0.000000e+00
    outer loop
      vertex 8.800000e+00 1.850000e+00 5.990317e-01
      vertex 7.230000e+00 2.980000e+00 5.990317e-01
      vertex 7.230000e+00 3.180000e+00 5.990317e-01
    endloop
  endfacet
  facet normal -1.000000e+00 0.000000e+00 0.000000e+00
    outer loop
      vertex 7.230000e+00 3.180000e+00 5.990317e-01
      vertex 7.230000e+00 2.980000e+00 5.990317e-01
      vertex 7.130000e+00 2.980000e+00 5.990317e-01
    endloop
  endfacet
  facet normal -1.000000e+00 0.000000e+00 0.000000e+00
    outer loop
      vertex 7.230000e+00 3.180000e+00 5.990317e-01
      vertex 7.130000e+00 2.980000e+00 5.990317e-01
      vertex 7.130000e+00 3.180000e+00 5.990317e-01
    endloop
  endfacet
  facet normal -1.000000e+00 0.000000e+00 0.000000e+00
    outer loop
      vertex 9.050000e+00 1.850000e+00 5.990317e-01
      vertex 9.050000e+00 1.550000e+00 5.990317e-01
      vertex 8.800000e+00 1.550000e+00 5.990317e-01
    endloop
  endfacet
  facet normal 0.000000e+00 0.000000e+00 0.000000e+00
    outer loop
      vertex 9.050000e+00 1.850000e+00 5.990317e-01
      vertex 9.050000e+00 1.850000e+00 1.024032e+00
      vertex 9.050000e+00 1.550000e+00 5.990317e-01
    endloop
  endfacet
  facet normal 0.000000e+00 0.000000e+00 0.000000e+00
    outer loop
      vertex 9.050000e+00 1.550000e+00 5.990317e-01
      vertex 9.050000e+00 1.850000e+00 1.024032e+00
      vertex 9.050000e+00 1.550000e+00 1.024032e+00
    endloop
  endfacet
  facet normal 1.000000e+00 0.000000e+00 0.000000e+00
    outer loop
      vertex 8.950000e+00 1.550000e+00 1.124032e+00
      vertex 1.030000e+01 1.550000e+00 1.124032e+00
      vertex 8.950000e+00 1.850000e+00 1.124032e+00
    endloop
  endfacet
  facet normal 1.000000e+00 0.000000e+00 0.000000e+00
    outer loop
      vertex 8.950000e+00 1.850000e+00 1.124032e+00
      vertex 1.030000e+01 1.550000e+00 1.124032e+00
      vertex 1.030000e+01 1.850000e+00 1.124032e+00
    endloop
  endfacet
  facet normal 9.486833e-01 0.000000e+00 0.000000e+00
    outer loop
      vertex 1.030000e+01 1.550000e+00 1.124032e+00
      vertex 1.060000e+01 1.550000e+00 1.024032e+00
      vertex 1.030000e+01 1.850000e+00 1.124032e+00
    endloop
  endfacet
  facet normal 9.486833e-01 0.000000e+00 0.000000e+00
    outer loop
      vertex 1.030000e+01 1.850000e+00 1.124032e+00
      vertex 1.060000e+01 1.550000e+00 1.024032e+00
      vertex 1.060000e+01 1.850000e+00 1.024032e+00
    endloop
  endfacet
  facet normal 7.124705e-02 0.000000e+00 0.000000e+00
    outer loop
      vertex 1.060000e+01 1.550000e+00 1.024032e+00
      vertex 1.070000e+01 1.550000e+00 -3.759683e-01
      vertex 1.060000e+01 1.850000e+00 1.024032e+00
    endloop
  endfacet
  facet normal 7.124705e-02 0.000000e+00 0.000000e+00
    outer loop
      vertex 1.060000e+01 1.850000e+00 1.024032e+00
      vertex 1.070000e+01 1.550000e+00 -3.759683e-01
      vertex 1.070000e+01 1.850000e+00 -3.759683e-01
    endloop
  endfacet
  facet normal 1.000000e+00 0.000000e+00 0.000000e+00
    outer loop
      vertex 1.070000e+01 1.550000e+00 -3.759683e-01
      vertex 1.100000e+01 1.550000e+00 -3.759683e-01
      vertex 1.070000e+01 1.850000e+00 -3.759683e-01
    endloop
  endfacet
  facet normal 1.000000e+00 0.000000e+00 0.000000e+00
    outer loop
      vertex 1.070000e+01 1.850000e+00 -3.759683e-01
      vertex 1.100000e+01 1.550000e+00 -3.759683e-01
      vertex 1.100000e+01 1.850000e+00 -3.759683e-01
    endloop
  endfacet
  facet normal 0.000000e+00 0.000000e+00 0.000000e+00
    outer loop
      vertex 1.100000e+01 1.550000e+00 -3.759683e-01
      vertex 1.100000e+01 1.550000e+00 -4.759683e-01
      vertex 1.100000e+01 1.850000e+00 -3.759683e-01
    endloop
  endfacet
  facet normal 0.000000e+00 0.000000e+00 0.000000e+00
    outer loop
      vertex 1.100000e+01 1.850000e+00 -3.759683e-01
      vertex 1.100000e+01 1.550000e+00 -4.759683e-01
      vertex 1.100000e+01 1.850000e+00 -4.759683e-01
    endloop
  endfacet
  facet normal -1.000000e+00 0.000000e+00 0.000000e+00
    outer loop
      vertex 1.100000e+01 1.550000e+00 -4.759683e-01
      vertex 1.060000e+01 1.550000e+00 -4.759683e-01
      vertex 1.100000e+01 1.850000e+00 -4.759683e-01
    endloop
  endfacet
  facet normal -1.000000e+00 0.000000e+00 0.000000e+00
    outer loop
      vertex 1.100000e+01 1.850000e+00 -4.759683e-01
      vertex 1.060000e+01 1.550000e+00 -4.759683e-01
      vertex 1.060000e+01 1.850000e+00 -4.759683e-01
    endloop
  endfacet
  facet normal -7.024856e-02 0.000000e+00 0.000000e+00
    outer loop
      vertex 1.060000e+01 1.550000e+00 -4.759683e-01
      vertex 1.050000e+01 1.550000e+00 9.440317e-01
      vertex 1.060000e+01 1.850000e+00 -4.759683e-01
    endloop
  endfacet
  facet normal -7.024856e-02 0.000000e+00 0.000000e+00
    outer loop
      vertex 1.060000e+01 1.850000e+00 -4.759683e-01
      vertex 1.050000e+01 1.550000e+00 9.440317e-01
      vertex 1.050000e+01 1.850000e+00 9.440317e-01
    endloop
  endfacet
  facet normal -9.397934e-01 0.000000e+00 0.000000e+00
    outer loop
      vertex 1.050000e+01 1.550000e+00 9.440317e-01
      vertex 1.028000e+01 1.550000e+00 1.024032e+00
      vertex 1.050000e+01 1.850000e+00 9.440317e-01
    endloop
  endfacet
  facet normal -9.397934e-01 0.000000e+00 0.000000e+00
    outer loop
      vertex 1.050000e+01 1.850000e+00 9.440317e-01
      vertex 1.028000e+01 1.550000e+00 1.024032e+00
      vertex 1.028000e+01 1.850000e+00 1.024032e+00
    endloop
  endfacet
  facet normal -1.000000e+00 0.000000e+00 0.000000e+00
    outer loop
      vertex 1.028000e+01 1.550000e+00 1.024032e+00
      vertex 9.050000e+00 1.550000e+00 1.024032e+00
      vertex 1.028000e+01 1.850000e+00 1.024032e+00
    endloop
  endfacet
  facet normal -1.000000e+00 0.000000e+00 0.000000e+00
    outer loop
      vertex 1.028000e+01 1.850000e+00 1.024032e+00
      vertex 9.050000e+00 1.550000e+00 1.024032e+00
      vertex 9.050000e+00 1.850000e+00 1.024032e+00
    endloop
  endfacet
  facet normal 1.502787e-31 0.000000e+00 0.000000e+00
    outer loop
      vertex 8.950000e+00 1.550000e+00 1.124032e+00
      vertex 9.050000e+00 1.550000e+00 1.024032e+00
      vertex 1.030000e+01 1.550000e+00 1.124032e+00
    endloop
  endfacet
  facet normal 1.502787e-31 0.000000e+00 0.000000e+00
    outer loop
      vertex 1.030000e+01 1.550000e+00 1.124032e+00
      vertex 9.050000e+00 1.550000e+00 1.024032e+00
      vertex 1.028000e+01 1.550000e+00 1.024032e+00
    endloop
  endfacet
  facet normal 1.502787e-31 0.000000e+00 0.000000e+00
    outer loop
      vertex 1.030000e+01 1.550000e+00 1.124032e+00
      vertex 1.028000e+01 1.550000e+00 1.024032e+00
      vertex 1.050000e+01 1.550000e+00 9.440317e-01
    endloop
  endfacet
  facet normal 1.502787e-31 0.000000e+00 0.000000e+00
    outer loop
      vertex 8.950000e+00 1.550000e+00 1.124032e+00
      vertex 8.950000e+00 1.550000e+00 6.990317e-01
      vertex 9.050000e+00 1.550000e+00 1.024032e+00
    endloop
  endfacet
  facet normal 1.502787e-31 0.000000e+00 0.000000e+00
    outer loop
      vertex 9.050000e+00 1.550000e+00 1.024032e+00
      vertex 8.950000e+00 1.550000e+00 6.990317e-01
      vertex 9.050000e+00 1.550000e+00 5.990317e-01
    endloop
  endfacet
  facet normal 1.502787e-31 0.000000e+00 0.000000e+00
    outer loop
      vertex 8.800000e+00 1.550000e+00 6.990317e-01
      vertex 8.800000e+00 1.550000e+00 5.990317e-01
      vertex 8.950000e+00 1.550000e+00 6.990317e-01
    endloop
  endfacet
  facet normal 1.502787e-31 0.000000e+00 0.000000e+00
    outer loop
      vertex 8.950000e+00 1.550000e+00 6.990317e-01
      vertex 8.800000e+00 1.550000e+00 5.990317e-01
      vertex 9.050000e+00 1.550000e+00 5.990317e-01
    endloop
  endfacet
  facet normal 1.502787e-31 0.000000e+00 0.000000e+00
    outer loop
      vertex 1.060000e+01 1.550000e+00 -4.759683e-01
      vertex 1.070000e+01 1.550000e+00 -3.759683e-01
      vertex 1.050000e+01 1.550000e+00 9.440317e-01
    endloop
  endfacet
  facet normal 1.502787e-31 0.000000e+00 0.000000e+00
    outer loop
      vertex 1.050000e+01 1.550000e+00 9.440317e-01
      vertex 1.070000e+01 1.550000e+00 -3.759683e-01
      vertex 1.060000e+01 1.550000e+00 1.024032e+00
    endloop
  endfacet
  facet normal 1.502787e-31 0.000000e+00 0.000000e+00
    outer loop
      vertex 1.050000e+01 1.550000e+00 9.440317e-01
      vertex 1.060000e+01 1.550000e+00 1.024032e+00
      vertex 1.030000e+01 1.550000e+00 1.124032e+00
    endloop
  endfacet
  facet normal 1.502787e-31 0.000000e+00 0.000000e+00
    outer loop
      vertex 1.060000e+01 1.550000e+00 -4.759683e-01
      vertex 1.100000e+01 1.550000e+00 -4.759683e-01
      vertex 1.070000e+01 1.550000e+00 -3.759683e-01
    endloop
  endfacet
  facet normal 1.502787e-31 0.000000e+00 0.000000e+00
    outer loop
      vertex 1.070000e+01 1.550000e+00 -3.759683e-01
      vertex 1.100000e+01 1.550000e+00 -4.759683e-01
      vertex 1.100000e+01 1.550000e+00 -3.759683e-01
    endloop
  endfacet
  facet normal -1.502787e-31 0.000000e+00 0.000000e+00
    outer loop
      vertex 8.950000e+00 1.850000e+00 6.990317e-01
      vertex 8.950000e+00 1.850000e+00 1.124032e+00
      vertex 9.050000e+00 1.850000e+00 1.024032e+00
    endloop
  endfacet
  facet normal -1.502787e-31 0.000000e+00 0.000000e+00
    outer loop
      vertex 9.050000e+00 1.850000e+00 1.024032e+00
      vertex 8.950000e+00 1.850000e+00 1.124032e+00
      vertex 1.030000e+01 1.850000e+00 1.124032e+00
    endloop
  endfacet
  facet normal -1.502787e-31 0.000000e+00 0.000000e+00
    outer loop
      vertex 9.050000e+00 1.850000e+00 1.024032e+00
      vertex 1.030000e+01 1.850000e+00 1.124032e+00
      vertex 1.028000e+01 1.850000e+00 1.024032e+00
    endloop
  endfacet
  facet normal -1.502787e-31 0.000000e+00 0.000000e+00
    outer loop
      vertex 1.028000e+01 1.850000e+00 1.024032e+00
      vertex 1.030000e+01 1.850000e+00 1.124032e+00
      vertex 1.050000e+01 1.850000e+00 9.440317e-01
    endloop
  endfacet
  facet normal -1.502787e-31 0.000000e+00 0.000000e+00
    outer loop
      vertex 1.030000e+01 1.850000e+00 1.124032e+00
      vertex 1.060000e+01 1.850000e+00 1.024032e+00
      vertex 1.050000e+01 1.850000e+00 9.440317e-01
    endloop
  endfacet
  facet normal -1.502787e-31 0.000000e+00 0.000000e+00
    outer loop
      vertex 1.050000e+01 1.850000e+00 9.440317e-01
      vertex 1.060000e+01 1.850000e+00 1.024032e+00
      vertex 1.070000e+01 1.850000e+00 -3.759683e-01
    endloop
  endfacet
  facet normal -1.502787e-31 0.000000e+00 0.000000e+00
    outer loop
      vertex 1.050000e+01 1.850000e+00 9.440317e-01
      vertex 1.070000e+01 1.850000e+00 -3.759683e-01
      vertex 1.060000e+01 1.850000e+00 -4.759683e-01
    endloop
  endfacet
  facet normal -1.502787e-31 0.000000e+00 0.000000e+00
    outer loop
      vertex 1.060000e+01 1.850000e+00 -4.759683e-01
      vertex 1.070000e+01 1.850000e+00 -3.759683e-01
      vertex 1.100000e+01 1.850000e+00 -4.759683e-01
    endloop
  endfacet
  facet normal -1.502787e-31 0.000000e+00 0.000000e+00
    outer loop
      vertex 1.070000e+01 1.850000e+00 -3.759683e-01
      vertex 1.100000e+01 1.850000e+00 -3.759683e-01
      vertex 1.100000e+01 1.850000e+00 -4.759683e-01
    endloop
  endfacet
  facet normal -1.502787e-31 0.000000e+00 0.000000e+00
    outer loop
      vertex 9.050000e+00 1.850000e+00 1.024032e+00
      vertex 9.050000e+00 1.850000e+00 5.990317e-01
      vertex 8.950000e+00 1.850000e+00 6.990317e-01
    endloop
  endfacet
  facet normal -1.502787e-31 0.000000e+00 0.000000e+00
    outer loop
      vertex 8.950000e+00 1.850000e+00 6.990317e-01
      vertex 9.050000e+00 1.850000e+00 5.990317e-01
      vertex 8.800000e+00 1.850000e+00 5.990317e-01
    endloop
  endfacet
  facet normal -1.502787e-31 0.000000e+00 0.000000e+00
    outer loop
      vertex 8.950000e+00 1.850000e+00 6.990317e-01
      vertex 8.800000e+00 1.850000e+00 5.990317e-01
      vertex 8.800000e+00 1.850000e+00 6.990317e-01
    endloop
  endfacet
endsolid PEC:Pin_6_3
solid PEC:Pin_7_1
  facet normal 0.000000e+00 0.000000e+00 0.000000e+00
    outer loop
      vertex 2.870000e+00 4.780000e+00 6.990317e-01
      vertex 2.870000e+00 4.580000e+00 6.990317e-01
      vertex 2.870000e+00 4.780000e+00 5.990317e-01
    endloop
  endfacet
  facet normal 0.000000e+00 0.000000e+00 0.000000e+00
    outer loop
      vertex 2.870000e+00 4.780000e+00 5.990317e-01
      vertex 2.870000e+00 4.580000e+00 6.990317e-01
      vertex 2.870000e+00 4.580000e+00 5.990317e-01
    endloop
  endfacet
  facet normal -0.000000e+00 0.000000e+00 0.000000e+00
    outer loop
      vertex 2.870000e+00 4.580000e+00 6.990317e-01
      vertex 2.770000e+00 4.580000e+00 6.990317e-01
      vertex 2.870000e+00 4.580000e+00 5.990317e-01
    endloop
  endfacet
  facet normal -0.000000e+00 0.000000e+00 0.000000e+00
    outer loop
      vertex 2.870000e+00 4.580000e+00 5.990317e-01
      vertex 2.770000e+00 4.580000e+00 6.990317e-01
      vertex 2.770000e+00 4.580000e+00 5.990317e-01
    endloop
  endfacet
  facet normal -0.000000e+00 0.000000e+00 0.000000e+00
    outer loop
      vertex 2.870000e+00 4.780000e+00 5.990317e-01
      vertex 2.770000e+00 4.780000e+00 5.990317e-01
      vertex 2.870000e+00 4.780000e+00 6.990317e-01
    endloop
  endfacet
  facet normal -0.000000e+00 0.000000e+00 0.000000e+00
    outer loop
      vertex 2.870000e+00 4.780000e+00 6.990317e-01
      vertex 2.770000e+00 4.780000e+00 5.990317e-01
      vertex 2.770000e+00 4.780000e+00 6.990317e-01
    endloop
  endfacet
  facet normal 0.000000e+00 0.000000e+00 0.000000e+00
    outer loop
      vertex 2.770000e+00 4.780000e+00 6.990317e-01
      vertex 2.770000e+00 4.780000e+00 5.990317e-01
      vertex 1.200000e+00 4.600000e+00 6.990317e-01
    endloop
  endfacet
  facet normal 0.000000e+00 0.000000e+00 0.000000e+00
    outer loop
      vertex 1.200000e+00 4.600000e+00 6.990317e-01
      vertex 2.770000e+00 4.780000e+00 5.990317e-01
      vertex 1.200000e+00 4.600000e+00 5.990317e-01
    endloop
  endfacet
  facet normal 0.000000e+00 0.000000e+00 0.000000e+00
    outer loop
      vertex 2.770000e+00 4.580000e+00 5.990317e-01
      vertex 2.770000e+00 4.580000e+00 6.990317e-01
      vertex 1.200000e+00 4.300000e+00 5.990317e-01
    endloop
  endfacet
  facet normal 0.000000e+00 0.000000e+00 0.000000e+00
    outer loop
      vertex 1.200000e+00 4.300000e+00 5.990317e-01
      vertex 2.770000e+00 4.580000e+00 6.990317e-01
      vertex 1.200000e+00 4.300000e+00 6.990317e-01
    endloop
  endfacet
  facet normal 0.000000e+00 0.000000e+00 0.000000e+00
    outer loop
      vertex 1.050000e+00 4.300000e+00 1.124032e+00
      vertex 1.050000e+00 4.300000e+00 6.990317e-01
      vertex 1.050000e+00 4.600000e+00 1.124032e+00
    endloop
  endfacet
  facet normal 0.000000e+00 0.000000e+00 0.000000e+00
    outer loop
      vertex 1.050000e+00 4.600000e+00 1.124032e+00
      vertex 1.050000e+00 4.300000e+00 6.990317e-01
      vertex 1.050000e+00 4.600000e+00 6.990317e-01
    endloop
  endfacet
  facet normal 1.000000e+00 0.000000e+00 0.000000e+00
    outer loop
      vertex 1.050000e+00 4.300000e+00 6.990317e-01
      vertex 1.200000e+00 4.300000e+00 6.990317e-01
      vertex 1.050000e+00 4.600000e+00 6.990317e-01
    endloop
  endfacet
  facet normal 1.000000e+00 0.000000e+00 0.000000e+00
    outer loop
      vertex 1.050000e+00 4.600000e+00 6.990317e-01
      vertex 1.200000e+00 4.300000e+00 6.990317e-01
      vertex 1.200000e+00 4.600000e+00 6.990317e-01
    endloop
  endfacet
  facet normal 1.000000e+00 0.000000e+00 0.000000e+00
    outer loop
      vertex 1.200000e+00 4.300000e+00 6.990317e-01
      vertex 2.770000e+00 4.580000e+00 6.990317e-01
      vertex 1.200000e+00 4.600000e+00 6.990317e-01
    endloop
  endfacet
  facet normal 1.000000e+00 0.000000e+00 0.000000e+00
    outer loop
      vertex 1.200000e+00 4.600000e+00 6.990317e-01
      vertex 2.770000e+00 4.580000e+00 6.990317e-01
      vertex 2.770000e+00 4.780000e+00 6.990317e-01
    endloop
  endfacet
  facet normal 1.000000e+00 0.000000e+00 0.000000e+00
    outer loop
      vertex 2.770000e+00 4.580000e+00 6.990317e-01
      vertex 2.870000e+00 4.580000e+00 6.990317e-01
      vertex 2.770000e+00 4.780000e+00 6.990317e-01
    endloop
  endfacet
  facet normal 1.000000e+00 0.000000e+00 0.000000e+00
    outer loop
      vertex 2.770000e+00 4.780000e+00 6.990317e-01
      vertex 2.870000e+00 4.580000e+00 6.990317e-01
      vertex 2.870000e+00 4.780000e+00 6.990317e-01
    endloop
  endfacet
  facet normal -1.000000e+00 0.000000e+00 0.000000e+00
    outer loop
      vertex 2.770000e+00 4.580000e+00 5.990317e-01
      vertex 1.200000e+00 4.300000e+00 5.990317e-01
      vertex 1.200000e+00 4.600000e+00 5.990317e-01
    endloop
  endfacet
  facet normal -1.000000e+00 0.000000e+00 0.000000e+00
    outer loop
      vertex 1.200000e+00 4.600000e+00 5.990317e-01
      vertex 1.200000e+00 4.300000e+00 5.990317e-01
      vertex 9.500000e-01 4.300000e+00 5.990317e-01
    endloop
  endfacet
  facet normal -1.000000e+00 0.000000e+00 0.000000e+00
    outer loop
      vertex 1.200000e+00 4.600000e+00 5.990317e-01
      vertex 9.500000e-01 4.300000e+00 5.990317e-01
      vertex 9.500000e-01 4.600000e+00 5.990317e-01
    endloop
  endfacet
  facet normal -1.000000e+00 0.000000e+00 0.000000e+00
    outer loop
      vertex 1.200000e+00 4.600000e+00 5.990317e-01
      vertex 2.770000e+00 4.780000e+00 5.990317e-01
      vertex 2.770000e+00 4.580000e+00 5.990317e-01
    endloop
  endfacet
  facet normal -1.000000e+00 0.000000e+00 0.000000e+00
    outer loop
      vertex 2.770000e+00 4.580000e+00 5.990317e-01
      vertex 2.770000e+00 4.780000e+00 5.990317e-01
      vertex 2.870000e+00 4.780000e+00 5.990317e-01
    endloop
  endfacet
  facet normal -1.000000e+00 0.000000e+00 0.000000e+00
    outer loop
      vertex 2.770000e+00 4.580000e+00 5.990317e-01
      vertex 2.870000e+00 4.780000e+00 5.990317e-01
      vertex 2.870000e+00 4.580000e+00 5.990317e-01
    endloop
  endfacet
  facet normal 0.000000e+00 0.000000e+00 0.000000e+00
    outer loop
      vertex 9.500000e-01 4.300000e+00 5.990317e-01
      vertex 9.500000e-01 4.300000e+00 1.024032e+00
      vertex 9.500000e-01 4.600000e+00 5.990317e-01
    endloop
  endfacet
  facet normal 0.000000e+00 0.000000e+00 0.000000e+00
    outer loop
      vertex 9.500000e-01 4.600000e+00 5.990317e-01
      vertex 9.500000e-01 4.300000e+00 1.024032e+00
      vertex 9.500000e-01 4.600000e+00 1.024032e+00
    endloop
  endfacet
  facet normal 1.000000e+00 0.000000e+00 0.000000e+00
    outer loop
      vertex 1.050000e+00 4.600000e+00 1.124032e+00
      vertex -3.000000e-01 4.600000e+00 1.124032e+00
      vertex 1.050000e+00 4.300000e+00 1.124032e+00
    endloop
  endfacet
  facet normal 1.000000e+00 0.000000e+00 0.000000e+00
    outer loop
      vertex 1.050000e+00 4.300000e+00 1.124032e+00
      vertex -3.000000e-01 4.600000e+00 1.124032e+00
      vertex -3.000000e-01 4.300000e+00 1.124032e+00
    endloop
  endfacet
  facet normal 9.486833e-01 0.000000e+00 0.000000e+00
    outer loop
      vertex -3.000000e-01 4.600000e+00 1.124032e+00
      vertex -6.000000e-01 4.600000e+00 1.024032e+00
      vertex -3.000000e-01 4.300000e+00 1.124032e+00
    endloop
  endfacet
  facet normal 9.486833e-01 0.000000e+00 0.000000e+00
    outer loop
      vertex -3.000000e-01 4.300000e+00 1.124032e+00
      vertex -6.000000e-01 4.600000e+00 1.024032e+00
      vertex -6.000000e-01 4.300000e+00 1.024032e+00
    endloop
  endfacet
  facet normal 7.124705e-02 0.000000e+00 0.000000e+00
    outer loop
      vertex -6.000000e-01 4.600000e+00 1.024032e+00
      vertex -7.000000e-01 4.600000e+00 -3.759683e-01
      vertex -6.000000e-01 4.300000e+00 1.024032e+00
    endloop
  endfacet
  facet normal 7.124705e-02 0.000000e+00 0.000000e+00
    outer loop
      vertex -6.000000e-01 4.300000e+00 1.024032e+00
      vertex -7.000000e-01 4.600000e+00 -3.759683e-01
      vertex -7.000000e-01 4.300000e+00 -3.759683e-01
    endloop
  endfacet
  facet normal 1.000000e+00 0.000000e+00 0.000000e+00
    outer loop
      vertex -7.000000e-01 4.600000e+00 -3.759683e-01
      vertex -1.000000e+00 4.600000e+00 -3.759683e-01
      vertex -7.000000e-01 4.300000e+00 -3.759683e-01
    endloop
  endfacet
  facet normal 1.000000e+00 0.000000e+00 0.000000e+00
    outer loop
      vertex -7.000000e-01 4.300000e+00 -3.759683e-01
      vertex -1.000000e+00 4.600000e+00 -3.759683e-01
      vertex -1.000000e+00 4.300000e+00 -3.759683e-01
    endloop
  endfacet
  facet normal 0.000000e+00 0.000000e+00 0.000000e+00
    outer loop
      vertex -1.000000e+00 4.600000e+00 -3.759683e-01
      vertex -1.000000e+00 4.600000e+00 -4.759683e-01
      vertex -1.000000e+00 4.300000e+00 -3.759683e-01
    endloop
  endfacet
  facet normal 0.000000e+00 0.000000e+00 0.000000e+00
    outer loop
      vertex -1.000000e+00 4.300000e+00 -3.759683e-01
      vertex -1.000000e+00 4.600000e+00 -4.759683e-01
      vertex -1.000000e+00 4.300000e+00 -4.759683e-01
    endloop
  endfacet
  facet normal -1.000000e+00 0.000000e+00 0.000000e+00
    outer loop
      vertex -1.000000e+00 4.600000e+00 -4.759683e-01
      vertex -6.000000e-01 4.600000e+00 -4.759683e-01
      vertex -1.000000e+00 4.300000e+00 -4.759683e-01
    endloop
  endfacet
  facet normal -1.000000e+00 0.000000e+00 0.000000e+00
    outer loop
      vertex -1.000000e+00 4.300000e+00 -4.759683e-01
      vertex -6.000000e-01 4.600000e+00 -4.759683e-01
      vertex -6.000000e-01 4.300000e+00 -4.759683e-01
    endloop
  endfacet
  facet normal -7.024856e-02 0.000000e+00 0.000000e+00
    outer loop
      vertex -6.000000e-01 4.600000e+00 -4.759683e-01
      vertex -5.000000e-01 4.600000e+00 9.440317e-01
      vertex -6.000000e-01 4.300000e+00 -4.759683e-01
    endloop
  endfacet
  facet normal -7.024856e-02 0.000000e+00 0.000000e+00
    outer loop
      vertex -6.000000e-01 4.300000e+00 -4.759683e-01
      vertex -5.000000e-01 4.600000e+00 9.440317e-01
      vertex -5.000000e-01 4.300000e+00 9.440317e-01
    endloop
  endfacet
  facet normal -9.397934e-01 0.000000e+00 0.000000e+00
    outer loop
      vertex -5.000000e-01 4.600000e+00 9.440317e-01
      vertex -2.800000e-01 4.600000e+00 1.024032e+00
      vertex -5.000000e-01 4.300000e+00 9.440317e-01
    endloop
  endfacet
  facet normal -9.397934e-01 0.000000e+00 0.000000e+00
    outer loop
      vertex -5.000000e-01 4.300000e+00 9.440317e-01
      vertex -2.800000e-01 4.600000e+00 1.024032e+00
      vertex -2.800000e-01 4.300000e+00 1.024032e+00
    endloop
  endfacet
  facet normal -1.000000e+00 0.000000e+00 0.000000e+00
    outer loop
      vertex -2.800000e-01 4.600000e+00 1.024032e+00
      vertex 9.500000e-01 4.600000e+00 1.024032e+00
      vertex -2.800000e-01 4.300000e+00 1.024032e+00
    endloop
  endfacet
  facet normal -1.000000e+00 0.000000e+00 0.000000e+00
    outer loop
      vertex -2.800000e-01 4.300000e+00 1.024032e+00
      vertex 9.500000e-01 4.600000e+00 1.024032e+00
      vertex 9.500000e-01 4.300000e+00 1.024032e+00
    endloop
  endfacet
  facet normal 1.502787e-31 0.000000e+00 0.000000e+00
    outer loop
      vertex 1.050000e+00 4.600000e+00 1.124032e+00
      vertex 9.500000e-01 4.600000e+00 1.024032e+00
      vertex -3.000000e-01 4.600000e+00 1.124032e+00
    endloop
  endfacet
  facet normal 1.502787e-31 0.000000e+00 0.000000e+00
    outer loop
      vertex -3.000000e-01 4.600000e+00 1.124032e+00
      vertex 9.500000e-01 4.600000e+00 1.024032e+00
      vertex -2.800000e-01 4.600000e+00 1.024032e+00
    endloop
  endfacet
  facet normal 1.502787e-31 0.000000e+00 0.000000e+00
    outer loop
      vertex -3.000000e-01 4.600000e+00 1.124032e+00
      vertex -2.800000e-01 4.600000e+00 1.024032e+00
      vertex -5.000000e-01 4.600000e+00 9.440317e-01
    endloop
  endfacet
  facet normal 1.502787e-31 0.000000e+00 0.000000e+00
    outer loop
      vertex 1.050000e+00 4.600000e+00 1.124032e+00
      vertex 1.050000e+00 4.600000e+00 6.990317e-01
      vertex 9.500000e-01 4.600000e+00 1.024032e+00
    endloop
  endfacet
  facet normal 1.502787e-31 0.000000e+00 0.000000e+00
    outer loop
      vertex 9.500000e-01 4.600000e+00 1.024032e+00
      vertex 1.050000e+00 4.600000e+00 6.990317e-01
      vertex 9.500000e-01 4.600000e+00 5.990317e-01
    endloop
  endfacet
  facet normal 1.502787e-31 0.000000e+00 0.000000e+00
    outer loop
      vertex 1.200000e+00 4.600000e+00 6.990317e-01
      vertex 1.200000e+00 4.600000e+00 5.990317e-01
      vertex 1.050000e+00 4.600000e+00 6.990317e-01
    endloop
  endfacet
  facet normal 1.502787e-31 0.000000e+00 0.000000e+00
    outer loop
      vertex 1.050000e+00 4.600000e+00 6.990317e-01
      vertex 1.200000e+00 4.600000e+00 5.990317e-01
      vertex 9.500000e-01 4.600000e+00 5.990317e-01
    endloop
  endfacet
  facet normal 1.502787e-31 0.000000e+00 0.000000e+00
    outer loop
      vertex -6.000000e-01 4.600000e+00 -4.759683e-01
      vertex -7.000000e-01 4.600000e+00 -3.759683e-01
      vertex -5.000000e-01 4.600000e+00 9.440317e-01
    endloop
  endfacet
  facet normal 1.502787e-31 0.000000e+00 0.000000e+00
    outer loop
      vertex -5.000000e-01 4.600000e+00 9.440317e-01
      vertex -7.000000e-01 4.600000e+00 -3.759683e-01
      vertex -6.000000e-01 4.600000e+00 1.024032e+00
    endloop
  endfacet
  facet normal 1.502787e-31 0.000000e+00 0.000000e+00
    outer loop
      vertex -5.000000e-01 4.600000e+00 9.440317e-01
      vertex -6.000000e-01 4.600000e+00 1.024032e+00
      vertex -3.000000e-01 4.600000e+00 1.124032e+00
    endloop
  endfacet
  facet normal 1.502787e-31 0.000000e+00 0.000000e+00
    outer loop
      vertex -6.000000e-01 4.600000e+00 -4.759683e-01
      vertex -1.000000e+00 4.600000e+00 -4.759683e-01
      vertex -7.000000e-01 4.600000e+00 -3.759683e-01
    endloop
  endfacet
  facet normal 1.502787e-31 0.000000e+00 0.000000e+00
    outer loop
      vertex -7.000000e-01 4.600000e+00 -3.759683e-01
      vertex -1.000000e+00 4.600000e+00 -4.759683e-01
      vertex -1.000000e+00 4.600000e+00 -3.759683e-01
    endloop
  endfacet
  facet normal -1.502787e-31 0.000000e+00 0.000000e+00
    outer loop
      vertex 1.050000e+00 4.300000e+00 6.990317e-01
      vertex 1.050000e+00 4.300000e+00 1.124032e+00
      vertex 9.500000e-01 4.300000e+00 1.024032e+00
    endloop
  endfacet
  facet normal -1.502787e-31 0.000000e+00 0.000000e+00
    outer loop
      vertex 9.500000e-01 4.300000e+00 1.024032e+00
      vertex 1.050000e+00 4.300000e+00 1.124032e+00
      vertex -3.000000e-01 4.300000e+00 1.124032e+00
    endloop
  endfacet
  facet normal -1.502787e-31 0.000000e+00 0.000000e+00
    outer loop
      vertex 9.500000e-01 4.300000e+00 1.024032e+00
      vertex -3.000000e-01 4.300000e+00 1.124032e+00
      vertex -2.800000e-01 4.300000e+00 1.024032e+00
    endloop
  endfacet
  facet normal -1.502787e-31 0.000000e+00 0.000000e+00
    outer loop
      vertex -2.800000e-01 4.300000e+00 1.024032e+00
      vertex -3.000000e-01 4.300000e+00 1.124032e+00
      vertex -5.000000e-01 4.300000e+00 9.440317e-01
    endloop
  endfacet
  facet normal -1.502787e-31 0.000000e+00 0.000000e+00
    outer loop
      vertex -3.000000e-01 4.300000e+00 1.124032e+00
      vertex -6.000000e-01 4.300000e+00 1.024032e+00
      vertex -5.000000e-01 4.300000e+00 9.440317e-01
    endloop
  endfacet
  facet normal -1.502787e-31 0.000000e+00 0.000000e+00
    outer loop
      vertex -5.000000e-01 4.300000e+00 9.440317e-01
      vertex -6.000000e-01 4.300000e+00 1.024032e+00
      vertex -7.000000e-01 4.300000e+00 -3.759683e-01
    endloop
  endfacet
  facet normal -1.502787e-31 0.000000e+00 0.000000e+00
    outer loop
      vertex -5.000000e-01 4.300000e+00 9.440317e-01
      vertex -7.000000e-01 4.300000e+00 -3.759683e-01
      vertex -6.000000e-01 4.300000e+00 -4.759683e-01
    endloop
  endfacet
  facet normal -1.502787e-31 0.000000e+00 0.000000e+00
    outer loop
      vertex -6.000000e-01 4.300000e+00 -4.759683e-01
      vertex -7.000000e-01 4.300000e+00 -3.759683e-01
      vertex -1.000000e+00 4.300000e+00 -4.759683e-01
    endloop
  endfacet
  facet normal -1.502787e-31 0.000000e+00 0.000000e+00
    outer loop
      vertex -7.000000e-01 4.300000e+00 -3.759683e-01
      vertex -1.000000e+00 4.300000e+00 -3.759683e-01
      vertex -1.000000e+00 4.300000e+00 -4.759683e-01
    endloop
  endfacet
  facet normal -1.502787e-31 0.000000e+00 0.000000e+00
    outer loop
      vertex 9.500000e-01 4.300000e+00 1.024032e+00
      vertex 9.500000e-01 4.300000e+00 5.990317e-01
      vertex 1.050000e+00 4.300000e+00 6.990317e-01
    endloop
  endfacet
  facet normal -1.502787e-31 0.000000e+00 0.000000e+00
    outer loop
      vertex 1.050000e+00 4.300000e+00 6.990317e-01
      vertex 9.500000e-01 4.300000e+00 5.990317e-01
      vertex 1.200000e+00 4.300000e+00 5.990317e-01
    endloop
  endfacet
  facet normal -1.502787e-31 0.000000e+00 0.000000e+00
    outer loop
      vertex 1.050000e+00 4.300000e+00 6.990317e-01
      vertex 1.200000e+00 4.300000e+00 5.990317e-01
      vertex 1.200000e+00 4.300000e+00 6.990317e-01
    endloop
  endfacet
endsolid PEC:Pin_7_1
solid PEC:Pin_7_2
  facet normal 0.000000e+00 0.000000e+00 0.000000e+00
    outer loop
      vertex 5.220000e+00 2.870000e+00 6.990317e-01
      vertex 5.420000e+00 2.870000e+00 6.990317e-01
      vertex 5.220000e+00 2.870000e+00 5.990317e-01
    endloop
  endfacet
  facet normal 0.000000e+00 0.000000e+00 0.000000e+00
    outer loop
      vertex 5.220000e+00 2.870000e+00 5.990317e-01
      vertex 5.420000e+00 2.870000e+00 6.990317e-01
      vertex 5.420000e+00 2.870000e+00 5.990317e-01
    endloop
  endfacet
  facet normal -0.000000e+00 0.000000e+00 0.000000e+00
    outer loop
      vertex 5.420000e+00 2.870000e+00 6.990317e-01
      vertex 5.420000e+00 2.770000e+00 6.990317e-01
      vertex 5.420000e+00 2.870000e+00 5.990317e-01
    endloop
  endfacet
  facet normal -0.000000e+00 0.000000e+00 0.000000e+00
    outer loop
      vertex 5.420000e+00 2.870000e+00 5.990317e-01
      vertex 5.420000e+00 2.770000e+00 6.990317e-01
      vertex 5.420000e+00 2.770000e+00 5.990317e-01
    endloop
  endfacet
  facet normal -0.000000e+00 0.000000e+00 0.000000e+00
    outer loop
      vertex 5.220000e+00 2.870000e+00 5.990317e-01
      vertex 5.220000e+00 2.770000e+00 5.990317e-01
      vertex 5.220000e+00 2.870000e+00 6.990317e-01
    endloop
  endfacet
  facet normal -0.000000e+00 0.000000e+00 0.000000e+00
    outer loop
      vertex 5.220000e+00 2.870000e+00 6.990317e-01
      vertex 5.220000e+00 2.770000e+00 5.990317e-01
      vertex 5.220000e+00 2.770000e+00 6.990317e-01
    endloop
  endfacet
  facet normal 0.000000e+00 0.000000e+00 0.000000e+00
    outer loop
      vertex 5.220000e+00 2.770000e+00 6.990317e-01
      vertex 5.220000e+00 2.770000e+00 5.990317e-01
      vertex 5.400000e+00 1.200000e+00 6.990317e-01
    endloop
  endfacet
  facet normal 0.000000e+00 0.000000e+00 0.000000e+00
    outer loop
      vertex 5.400000e+00 1.200000e+00 6.990317e-01
      vertex 5.220000e+00 2.770000e+00 5.990317e-01
      vertex 5.400000e+00 1.200000e+00 5.990317e-01
    endloop
  endfacet
  facet normal 0.000000e+00 0.000000e+00 0.000000e+00
    outer loop
      vertex 5.420000e+00 2.770000e+00 5.990317e-01
      vertex 5.420000e+00 2.770000e+00 6.990317e-01
      vertex 5.700000e+00 1.200000e+00 5.990317e-01
    endloop
  endfacet
  facet normal 0.000000e+00 0.000000e+00 0.000000e+00
    outer loop
      vertex 5.700000e+00 1.200000e+00 5.990317e-01
      vertex 5.420000e+00 2.770000e+00 6.990317e-01
      vertex 5.700000e+00 1.200000e+00 6.990317e-01
    endloop
  endfacet
  facet normal 0.000000e+00 0.000000e+00 0.000000e+00
    outer loop
      vertex 5.700000e+00 1.050000e+00 1.124032e+00
      vertex 5.700000e+00 1.050000e+00 6.990317e-01
      vertex 5.400000e+00 1.050000e+00 1.124032e+00
    endloop
  endfacet
  facet normal 0.000000e+00 0.000000e+00 0.000000e+00
    outer loop
      vertex 5.400000e+00 1.050000e+00 1.124032e+00
      vertex 5.700000e+00 1.050000e+00 6.990317e-01
      vertex 5.400000e+00 1.050000e+00 6.990317e-01
    endloop
  endfacet
  facet normal 1.000000e+00 0.000000e+00 0.000000e+00
    outer loop
      vertex 5.700000e+00 1.050000e+00 6.990317e-01
      vertex 5.700000e+00 1.200000e+00 6.990317e-01
      vertex 5.400000e+00 1.050000e+00 6.990317e-01
    endloop
  endfacet
  facet normal 1.000000e+00 0.000000e+00 0.000000e+00
    outer loop
      vertex 5.400000e+00 1.050000e+00 6.990317e-01
      vertex 5.700000e+00 1.200000e+00 6.990317e-01
      vertex 5.400000e+00 1.200000e+00 6.990317e-01
    endloop
  endfacet
  facet normal 1.000000e+00 0.000000e+00 0.000000e+00
    outer loop
      vertex 5.700000e+00 1.200000e+00 6.990317e-01
      vertex 5.420000e+00 2.770000e+00 6.990317e-01
      vertex 5.400000e+00 1.200000e+00 6.990317e-01
    endloop
  endfacet
  facet normal 1.000000e+00 0.000000e+00 0.000000e+00
    outer loop
      vertex 5.400000e+00 1.200000e+00 6.990317e-01
      vertex 5.420000e+00 2.770000e+00 6.990317e-01
      vertex 5.220000e+00 2.770000e+00 6.990317e-01
    endloop
  endfacet
  facet normal 1.000000e+00 0.000000e+00 0.000000e+00
    outer loop
      vertex 5.420000e+00 2.770000e+00 6.990317e-01
      vertex 5.420000e+00 2.870000e+00 6.990317e-01
      vertex 5.220000e+00 2.770000e+00 6.990317e-01
    endloop
  endfacet
  facet normal 1.000000e+00 0.000000e+00 0.000000e+00
    outer loop
      vertex 5.220000e+00 2.770000e+00 6.990317e-01
      vertex 5.420000e+00 2.870000e+00 6.990317e-01
      vertex 5.220000e+00 2.870000e+00 6.990317e-01
    endloop
  endfacet
  facet normal -1.000000e+00 0.000000e+00 0.000000e+00
    outer loop
      vertex 5.420000e+00 2.770000e+00 5.990317e-01
      vertex 5.700000e+00 1.200000e+00 5.990317e-01
      vertex 5.400000e+00 1.200000e+00 5.990317e-01
    endloop
  endfacet
  facet normal -1.000000e+00 0.000000e+00 0.000000e+00
    outer loop
      vertex 5.400000e+00 1.200000e+00 5.990317e-01
      vertex 5.700000e+00 1.200000e+00 5.990317e-01
      vertex 5.700000e+00 9.500000e-01 5.990317e-01
    endloop
  endfacet
  facet normal -1.000000e+00 0.000000e+00 0.000000e+00
    outer loop
      vertex 5.400000e+00 1.200000e+00 5.990317e-01
      vertex 5.700000e+00 9.500000e-01 5.990317e-01
      vertex 5.400000e+00 9.500000e-01 5.990317e-01
    endloop
  endfacet
  facet normal -1.000000e+00 0.000000e+00 0.000000e+00
    outer loop
      vertex 5.400000e+00 1.200000e+00 5.990317e-01
      vertex 5.220000e+00 2.770000e+00 5.990317e-01
      vertex 5.420000e+00 2.770000e+00 5.990317e-01
    endloop
  endfacet
  facet normal -1.000000e+00 0.000000e+00 0.000000e+00
    outer loop
      vertex 5.420000e+00 2.770000e+00 5.990317e-01
      vertex 5.220000e+00 2.770000e+00 5.990317e-01
      vertex 5.220000e+00 2.870000e+00 5.990317e-01
    endloop
  endfacet
  facet normal -1.000000e+00 0.000000e+00 0.000000e+00
    outer loop
      vertex 5.420000e+00 2.770000e+00 5.990317e-01
      vertex 5.220000e+00 2.870000e+00 5.990317e-01
      vertex 5.420000e+00 2.870000e+00 5.990317e-01
    endloop
  endfacet
  facet normal 0.000000e+00 0.000000e+00 0.000000e+00
    outer loop
      vertex 5.700000e+00 9.500000e-01 5.990317e-01
      vertex 5.700000e+00 9.500000e-01 1.024032e+00
      vertex 5.400000e+00 9.500000e-01 5.990317e-01
    endloop
  endfacet
  facet normal 0.000000e+00 0.000000e+00 0.000000e+00
    outer loop
      vertex 5.400000e+00 9.500000e-01 5.990317e-01
      vertex 5.700000e+00 9.500000e-01 1.024032e+00
      vertex 5.400000e+00 9.500000e-01 1.024032e+00
    endloop
  endfacet
  facet normal 1.000000e+00 0.000000e+00 0.000000e+00
    outer loop
      vertex 5.400000e+00 1.050000e+00 1.124032e+00
      vertex 5.400000e+00 -3.000000e-01 1.124032e+00
      vertex 5.700000e+00 1.050000e+00 1.124032e+00
    endloop
  endfacet
  facet normal 1.000000e+00 0.000000e+00 0.000000e+00
    outer loop
      vertex 5.700000e+00 1.050000e+00 1.124032e+00
      vertex 5.400000e+00 -3.000000e-01 1.124032e+00
      vertex 5.700000e+00 -3.000000e-01 1.124032e+00
    endloop
  endfacet
  facet normal 9.486833e-01 0.000000e+00 0.000000e+00
    outer loop
      vertex 5.400000e+00 -3.000000e-01 1.124032e+00
      vertex 5.400000e+00 -6.000000e-01 1.024032e+00
      vertex 5.700000e+00 -3.000000e-01 1.124032e+00
    endloop
  endfacet
  facet normal 9.486833e-01 0.000000e+00 0.000000e+00
    outer loop
      vertex 5.700000e+00 -3.000000e-01 1.124032e+00
      vertex 5.400000e+00 -6.000000e-01 1.024032e+00
      vertex 5.700000e+00 -6.000000e-01 1.024032e+00
    endloop
  endfacet
  facet normal 7.124705e-02 0.000000e+00 0.000000e+00
    outer loop
      vertex 5.400000e+00 -6.000000e-01 1.024032e+00
      vertex 5.400000e+00 -7.000000e-01 -3.759683e-01
      vertex 5.700000e+00 -6.000000e-01 1.024032e+00
    endloop
  endfacet
  facet normal 7.124705e-02 0.000000e+00 0.000000e+00
    outer loop
      vertex 5.700000e+00 -6.000000e-01 1.024032e+00
      vertex 5.400000e+00 -7.000000e-01 -3.759683e-01
      vertex 5.700000e+00 -7.000000e-01 -3.759683e-01
    endloop
  endfacet
  facet normal 1.000000e+00 0.000000e+00 0.000000e+00
    outer loop
      vertex 5.400000e+00 -7.000000e-01 -3.759683e-01
      vertex 5.400000e+00 -1.000000e+00 -3.759683e-01
      vertex 5.700000e+00 -7.000000e-01 -3.759683e-01
    endloop
  endfacet
  facet normal 1.000000e+00 0.000000e+00 0.000000e+00
    outer loop
      vertex 5.700000e+00 -7.000000e-01 -3.759683e-01
      vertex 5.400000e+00 -1.000000e+00 -3.759683e-01
      vertex 5.700000e+00 -1.000000e+00 -3.759683e-01
    endloop
  endfacet
  facet normal 0.000000e+00 0.000000e+00 0.000000e+00
    outer loop
      vertex 5.400000e+00 -1.000000e+00 -3.759683e-01
      vertex 5.400000e+00 -1.000000e+00 -4.759683e-01
      vertex 5.700000e+00 -1.000000e+00 -3.759683e-01
    endloop
  endfacet
  facet normal 0.000000e+00 0.000000e+00 0.000000e+00
    outer loop
      vertex 5.700000e+00 -1.000000e+00 -3.759683e-01
      vertex 5.400000e+00 -1.000000e+00 -4.759683e-01
      vertex 5.700000e+00 -1.000000e+00 -4.759683e-01
    endloop
  endfacet
  facet normal -1.000000e+00 0.000000e+00 0.000000e+00
    outer loop
      vertex 5.400000e+00 -1.000000e+00 -4.759683e-01
      vertex 5.400000e+00 -6.000000e-01 -4.759683e-01
      vertex 5.700000e+00 -1.000000e+00 -4.759683e-01
    endloop
  endfacet
  facet normal -1.000000e+00 0.000000e+00 0.000000e+00
    outer loop
      vertex 5.700000e+00 -1.000000e+00 -4.759683e-01
      vertex 5.400000e+00 -6.000000e-01 -4.759683e-01
      vertex 5.700000e+00 -6.000000e-01 -4.759683e-01
    endloop
  endfacet
  facet normal -7.024856e-02 0.000000e+00 0.000000e+00
    outer loop
      vertex 5.400000e+00 -6.000000e-01 -4.759683e-01
      vertex 5.400000e+00 -5.000000e-01 9.440317e-01
      vertex 5.700000e+00 -6.000000e-01 -4.759683e-01
    endloop
  endfacet
  facet normal -7.024856e-02 0.000000e+00 0.000000e+00
    outer loop
      vertex 5.700000e+00 -6.000000e-01 -4.759683e-01
      vertex 5.400000e+00 -5.000000e-01 9.440317e-01
      vertex 5.700000e+00 -5.000000e-01 9.440317e-01
    endloop
  endfacet
  facet normal -9.397934e-01 0.000000e+00 0.000000e+00
    outer loop
      vertex 5.400000e+00 -5.000000e-01 9.440317e-01
      vertex 5.400000e+00 -2.800000e-01 1.024032e+00
      vertex 5.700000e+00 -5.000000e-01 9.440317e-01
    endloop
  endfacet
  facet normal -9.397934e-01 0.000000e+00 0.000000e+00
    outer loop
      vertex 5.700000e+00 -5.000000e-01 9.440317e-01
      vertex 5.400000e+00 -2.800000e-01 1.024032e+00
      vertex 5.700000e+00 -2.800000e-01 1.024032e+00
    endloop
  endfacet
  facet normal -1.000000e+00 0.000000e+00 0.000000e+00
    outer loop
      vertex 5.400000e+00 -2.800000e-01 1.024032e+00
      vertex 5.400000e+00 9.500000e-01 1.024032e+00
      vertex 5.700000e+00 -2.800000e-01 1.024032e+00
    endloop
  endfacet
  facet normal -1.000000e+00 0.000000e+00 0.000000e+00
    outer loop
      vertex 5.700000e+00 -2.800000e-01 1.024032e+00
      vertex 5.400000e+00 9.500000e-01 1.024032e+00
      vertex 5.700000e+00 9.500000e-01 1.024032e+00
    endloop
  endfacet
  facet normal 1.502787e-31 0.000000e+00 0.000000e+00
    outer loop
      vertex 5.400000e+00 1.050000e+00 1.124032e+00
      vertex 5.400000e+00 9.500000e-01 1.024032e+00
      vertex 5.400000e+00 -3.000000e-01 1.124032e+00
    endloop
  endfacet
  facet normal 1.502787e-31 0.000000e+00 0.000000e+00
    outer loop
      vertex 5.400000e+00 -3.000000e-01 1.124032e+00
      vertex 5.400000e+00 9.500000e-01 1.024032e+00
      vertex 5.400000e+00 -2.800000e-01 1.024032e+00
    endloop
  endfacet
  facet normal 1.502787e-31 0.000000e+00 0.000000e+00
    outer loop
      vertex 5.400000e+00 -3.000000e-01 1.124032e+00
      vertex 5.400000e+00 -2.800000e-01 1.024032e+00
      vertex 5.400000e+00 -5.000000e-01 9.440317e-01
    endloop
  endfacet
  facet normal 1.502787e-31 0.000000e+00 0.000000e+00
    outer loop
      vertex 5.400000e+00 1.050000e+00 1.124032e+00
      vertex 5.400000e+00 1.050000e+00 6.990317e-01
      vertex 5.400000e+00 9.500000e-01 1.024032e+00
    endloop
  endfacet
  facet normal 1.502787e-31 0.000000e+00 0.000000e+00
    outer loop
      vertex 5.400000e+00 9.500000e-01 1.024032e+00
      vertex 5.400000e+00 1.050000e+00 6.990317e-01
      vertex 5.400000e+00 9.500000e-01 5.990317e-01
    endloop
  endfacet
  facet normal 1.502787e-31 0.000000e+00 0.000000e+00
    outer loop
      vertex 5.400000e+00 1.200000e+00 6.990317e-01
      vertex 5.400000e+00 1.200000e+00 5.990317e-01
      vertex 5.400000e+00 1.050000e+00 6.990317e-01
    endloop
  endfacet
  facet normal 1.502787e-31 0.000000e+00 0.000000e+00
    outer loop
      vertex 5.400000e+00 1.050000e+00 6.990317e-01
      vertex 5.400000e+00 1.200000e+00 5.990317e-01
      vertex 5.400000e+00 9.500000e-01 5.990317e-01
    endloop
  endfacet
  facet normal 1.502787e-31 0.000000e+00 0.000000e+00
    outer loop
      vertex 5.400000e+00 -6.000000e-01 -4.759683e-01
      vertex 5.400000e+00 -7.000000e-01 -3.759683e-01
      vertex 5.400000e+00 -5.000000e-01 9.440317e-01
    endloop
  endfacet
  facet normal 1.502787e-31 0.000000e+00 0.000000e+00
    outer loop
      vertex 5.400000e+00 -5.000000e-01 9.440317e-01
      vertex 5.400000e+00 -7.000000e-01 -3.759683e-01
      vertex 5.400000e+00 -6.000000e-01 1.024032e+00
    endloop
  endfacet
  facet normal 1.502787e-31 0.000000e+00 0.000000e+00
    outer loop
      vertex 5.400000e+00 -5.000000e-01 9.440317e-01
      vertex 5.400000e+00 -6.000000e-01 1.024032e+00
      vertex 5.400000e+00 -3.000000e-01 1.124032e+00
    endloop
  endfacet
  facet normal 1.502787e-31 0.000000e+00 0.000000e+00
    outer loop
      vertex 5.400000e+00 -6.000000e-01 -4.759683e-01
      vertex 5.400000e+00 -1.000000e+00 -4.759683e-01
      vertex 5.400000e+00 -7.000000e-01 -3.759683e-01
    endloop
  endfacet
  facet normal 1.502787e-31 0.000000e+00 0.000000e+00
    outer loop
      vertex 5.400000e+00 -7.000000e-01 -3.759683e-01
      vertex 5.400000e+00 -1.000000e+00 -4.759683e-01
      vertex 5.400000e+00 -1.000000e+00 -3.759683e-01
    endloop
  endfacet
  facet normal -1.502787e-31 0.000000e+00 0.000000e+00
    outer loop
      vertex 5.700000e+00 1.050000e+00 6.990317e-01
      vertex 5.700000e+00 1.050000e+00 1.124032e+00
      vertex 5.700000e+00 9.500000e-01 1.024032e+00
    endloop
  endfacet
  facet normal -1.502787e-31 0.000000e+00 0.000000e+00
    outer loop
      vertex 5.700000e+00 9.500000e-01 1.024032e+00
      vertex 5.700000e+00 1.050000e+00 1.124032e+00
      vertex 5.700000e+00 -3.000000e-01 1.124032e+00
    endloop
  endfacet
  facet normal -1.502787e-31 0.000000e+00 0.000000e+00
    outer loop
      vertex 5.700000e+00 9.500000e-01 1.024032e+00
      vertex 5.700000e+00 -3.000000e-01 1.124032e+00
      vertex 5.700000e+00 -2.800000e-01 1.024032e+00
    endloop
  endfacet
  facet normal -1.502787e-31 0.000000e+00 0.000000e+00
    outer loop
      vertex 5.700000e+00 -2.800000e-01 1.024032e+00
      vertex 5.700000e+00 -3.000000e-01 1.124032e+00
      vertex 5.700000e+00 -5.000000e-01 9.440317e-01
    endloop
  endfacet
  facet normal -1.502787e-31 0.000000e+00 0.000000e+00
    outer loop
      vertex 5.700000e+00 -3.000000e-01 1.124032e+00
      vertex 5.700000e+00 -6.000000e-01 1.024032e+00
      vertex 5.700000e+00 -5.000000e-01 9.440317e-01
    endloop
  endfacet
  facet normal -1.502787e-31 0.000000e+00 0.000000e+00
    outer loop
      vertex 5.700000e+00 -5.000000e-01 9.440317e-01
      vertex 5.700000e+00 -6.000000e-01 1.024032e+00
      vertex 5.700000e+00 -7.000000e-01 -3.759683e-01
    endloop
  endfacet
  facet normal -1.502787e-31 0.000000e+00 0.000000e+00
    outer loop
      vertex 5.700000e+00 -5.000000e-01 9.440317e-01
      vertex 5.700000e+00 -7.000000e-01 -3.759683e-01
      vertex 5.700000e+00 -6.000000e-01 -4.759683e-01
    endloop
  endfacet
  facet normal -1.502787e-31 0.000000e+00 0.000000e+00
    outer loop
      vertex 5.700000e+00 -6.000000e-01 -4.759683e-01
      vertex 5.700000e+00 -7.000000e-01 -3.759683e-01
      vertex 5.700000e+00 -1.000000e+00 -4.759683e-01
    endloop
  endfacet
  facet normal -1.502787e-31 0.000000e+00 0.000000e+00
    outer loop
      vertex 5.700000e+00 -7.000000e-01 -3.759683e-01
      vertex 5.700000e+00 -1.000000e+00 -3.759683e-01
      vertex 5.700000e+00 -1.000000e+00 -4.759683e-01
    endloop
  endfacet
  facet normal -1.502787e-31 0.000000e+00 0.000000e+00
    outer loop
      vertex 5.700000e+00 9.500000e-01 1.024032e+00
      vertex 5.700000e+00 9.500000e-01 5.990317e-01
      vertex 5.700000e+00 1.050000e+00 6.990317e-01
    endloop
  endfacet
  facet normal -1.502787e-31 0.000000e+00 0.000000e+00
    outer loop
      vertex 5.700000e+00 1.050000e+00 6.990317e-01
      vertex 5.700000e+00 9.500000e-01 5.990317e-01
      vertex 5.700000e+00 1.200000e+00 5.990317e-01
    endloop
  endfacet
  facet normal -1.502787e-31 0.000000e+00 0.000000e+00
    outer loop
      vertex 5.700000e+00 1.050000e+00 6.990317e-01
      vertex 5.700000e+00 1.200000e+00 5.990317e-01
      vertex 5.700000e+00 1.200000e+00 6.990317e-01
    endloop
  endfacet
endsolid PEC:Pin_7_2
solid PEC:Pin_7_3
  facet normal 0.000000e+00 0.000000e+00 0.000000e+00
    outer loop
      vertex 7.130000e+00 5.220000e+00 6.990317e-01
      vertex 7.130000e+00 5.420000e+00 6.990317e-01
      vertex 7.130000e+00 5.220000e+00 5.990317e-01
    endloop
  endfacet
  facet normal 0.000000e+00 0.000000e+00 0.000000e+00
    outer loop
      vertex 7.130000e+00 5.220000e+00 5.990317e-01
      vertex 7.130000e+00 5.420000e+00 6.990317e-01
      vertex 7.130000e+00 5.420000e+00 5.990317e-01
    endloop
  endfacet
  facet normal -0.000000e+00 0.000000e+00 0.000000e+00
    outer loop
      vertex 7.130000e+00 5.420000e+00 6.990317e-01
      vertex 7.230000e+00 5.420000e+00 6.990317e-01
      vertex 7.130000e+00 5.420000e+00 5.990317e-01
    endloop
  endfacet
  facet normal -0.000000e+00 0.000000e+00 0.000000e+00
    outer loop
      vertex 7.130000e+00 5.420000e+00 5.990317e-01
      vertex 7.230000e+00 5.420000e+00 6.990317e-01
      vertex 7.230000e+00 5.420000e+00 5.990317e-01
    endloop
  endfacet
  facet normal -0.000000e+00 0.000000e+00 0.000000e+00
    outer loop
      vertex 7.130000e+00 5.220000e+00 5.990317e-01
      vertex 7.230000e+00 5.220000e+00 5.990317e-01
      vertex 7.130000e+00 5.220000e+00 6.990317e-01
    endloop
  endfacet
  facet normal -0.000000e+00 0.000000e+00 0.000000e+00
    outer loop
      vertex 7.130000e+00 5.220000e+00 6.990317e-01
      vertex 7.230000e+00 5.220000e+00 5.990317e-01
      vertex 7.230000e+00 5.220000e+00 6.990317e-01
    endloop
  endfacet
  facet normal 0.000000e+00 0.000000e+00 0.000000e+00
    outer loop
      vertex 7.230000e+00 5.220000e+00 6.990317e-01
      vertex 7.230000e+00 5.220000e+00 5.990317e-01
      vertex 8.800000e+00 5.400000e+00 6.990317e-01
    endloop
  endfacet
  facet normal 0.000000e+00 0.000000e+00 0.000000e+00
    outer loop
      vertex 8.800000e+00 5.400000e+00 6.990317e-01
      vertex 7.230000e+00 5.220000e+00 5.990317e-01
      vertex 8.800000e+00 5.400000e+00 5.990317e-01
    endloop
  endfacet
  facet normal 0.000000e+00 0.000000e+00 0.000000e+00
    outer loop
      vertex 7.230000e+00 5.420000e+00 5.990317e-01
      vertex 7.230000e+00 5.420000e+00 6.990317e-01
      vertex 8.800000e+00 5.700000e+00 5.990317e-01
    endloop
  endfacet
  facet normal 0.000000e+00 0.000000e+00 0.000000e+00
    outer loop
      vertex 8.800000e+00 5.700000e+00 5.990317e-01
      vertex 7.230000e+00 5.420000e+00 6.990317e-01
      vertex 8.800000e+00 5.700000e+00 6.990317e-01
    endloop
  endfacet
  facet normal 0.000000e+00 0.000000e+00 0.000000e+00
    outer loop
      vertex 8.950000e+00 5.700000e+00 1.124032e+00
      vertex 8.950000e+00 5.700000e+00 6.990317e-01
      vertex 8.950000e+00 5.400000e+00 1.124032e+00
    endloop
  endfacet
  facet normal 0.000000e+00 0.000000e+00 0.000000e+00
    outer loop
      vertex 8.950000e+00 5.400000e+00 1.124032e+00
      vertex 8.950000e+00 5.700000e+00 6.990317e-01
      vertex 8.950000e+00 5.400000e+00 6.990317e-01
    endloop
  endfacet
  facet normal 1.000000e+00 0.000000e+00 0.000000e+00
    outer loop
      vertex 8.950000e+00 5.700000e+00 6.990317e-01
      vertex 8.800000e+00 5.700000e+00 6.990317e-01
      vertex 8.950000e+00 5.400000e+00 6.990317e-01
    endloop
  endfacet
  facet normal 1.000000e+00 0.000000e+00 0.000000e+00
    outer loop
      vertex 8.950000e+00 5.400000e+00 6.990317e-01
      vertex 8.800000e+00 5.700000e+00 6.990317e-01
      vertex 8.800000e+00 5.400000e+00 6.990317e-01
    endloop
  endfacet
  facet normal 1.000000e+00 0.000000e+00 0.000000e+00
    outer loop
      vertex 8.800000e+00 5.700000e+00 6.990317e-01
      vertex 7.230000e+00 5.420000e+00 6.990317e-01
      vertex 8.800000e+00 5.400000e+00 6.990317e-01
    endloop
  endfacet
  facet normal 1.000000e+00 0.000000e+00 0.000000e+00
    outer loop
      vertex 8.800000e+00 5.400000e+00 6.990317e-01
      vertex 7.230000e+00 5.420000e+00 6.990317e-01
      vertex 7.230000e+00 5.220000e+00 6.990317e-01
    endloop
  endfacet
  facet normal 1.000000e+00 0.000000e+00 0.000000e+00
    outer loop
      vertex 7.230000e+00 5.420000e+00 6.990317e-01
      vertex 7.130000e+00 5.420000e+00 6.990317e-01
      vertex 7.230000e+00 5.220000e+00 6.990317e-01
    endloop
  endfacet
  facet normal 1.000000e+00 0.000000e+00 0.000000e+00
    outer loop
      vertex 7.230000e+00 5.220000e+00 6.990317e-01
      vertex 7.130000e+00 5.420000e+00 6.990317e-01
      vertex 7.130000e+00 5.220000e+00 6.990317e-01
    endloop
  endfacet
  facet normal -1.000000e+00 0.000000e+00 0.000000e+00
    outer loop
      vertex 7.230000e+00 5.420000e+00 5.990317e-01
      vertex 8.800000e+00 5.700000e+00 5.990317e-01
      vertex 8.800000e+00 5.400000e+00 5.990317e-01
    endloop
  endfacet
  facet normal -1.000000e+00 0.000000e+00 0.000000e+00
    outer loop
      vertex 8.800000e+00 5.400000e+00 5.990317e-01
      vertex 8.800000e+00 5.700000e+00 5.990317e-01
      vertex 9.050000e+00 5.700000e+00 5.990317e-01
    endloop
  endfacet
  facet normal -1.000000e+00 0.000000e+00 0.000000e+00
    outer loop
      vertex 8.800000e+00 5.400000e+00 5.990317e-01
      vertex 9.050000e+00 5.700000e+00 5.990317e-01
      vertex 9.050000e+00 5.400000e+00 5.990317e-01
    endloop
  endfacet
  facet normal -1.000000e+00 0.000000e+00 0.000000e+00
    outer loop
      vertex 8.800000e+00 5.400000e+00 5.990317e-01
      vertex 7.230000e+00 5.220000e+00 5.990317e-01
      vertex 7.230000e+00 5.420000e+00 5.990317e-01
    endloop
  endfacet
  facet normal -1.000000e+00 0.000000e+00 0.000000e+00
    outer loop
      vertex 7.230000e+00 5.420000e+00 5.990317e-01
      vertex 7.230000e+00 5.220000e+00 5.990317e-01
      vertex 7.130000e+00 5.220000e+00 5.990317e-01
    endloop
  endfacet
  facet normal -1.000000e+00 0.000000e+00 0.000000e+00
    outer loop
      vertex 7.230000e+00 5.420000e+00 5.990317e-01
      vertex 7.130000e+00 5.220000e+00 5.990317e-01
      vertex 7.130000e+00 5.420000e+00 5.990317e-01
    endloop
  endfacet
  facet normal 0.000000e+00 0.000000e+00 0.000000e+00
    outer loop
      vertex 9.050000e+00 5.700000e+00 5.990317e-01
      vertex 9.050000e+00 5.700000e+00 1.024032e+00
      vertex 9.050000e+00 5.400000e+00 5.990317e-01
    endloop
  endfacet
  facet normal 0.000000e+00 0.000000e+00 0.000000e+00
    outer loop
      vertex 9.050000e+00 5.400000e+00 5.990317e-01
      vertex 9.050000e+00 5.700000e+00 1.024032e+00
      vertex 9.050000e+00 5.400000e+00 1.024032e+00
    endloop
  endfacet
  facet normal 1.000000e+00 0.000000e+00 0.000000e+00
    outer loop
      vertex 8.950000e+00 5.400000e+00 1.124032e+00
      vertex 1.030000e+01 5.400000e+00 1.124032e+00
      vertex 8.950000e+00 5.700000e+00 1.124032e+00
    endloop
  endfacet
  facet normal 1.000000e+00 0.000000e+00 0.000000e+00
    outer loop
      vertex 8.950000e+00 5.700000e+00 1.124032e+00
      vertex 1.030000e+01 5.400000e+00 1.124032e+00
      vertex 1.030000e+01 5.700000e+00 1.124032e+00
    endloop
  endfacet
  facet normal 9.486833e-01 0.000000e+00 0.000000e+00
    outer loop
      vertex 1.030000e+01 5.400000e+00 1.124032e+00
      vertex 1.060000e+01 5.400000e+00 1.024032e+00
      vertex 1.030000e+01 5.700000e+00 1.124032e+00
    endloop
  endfacet
  facet normal 9.486833e-01 0.000000e+00 0.000000e+00
    outer loop
      vertex 1.030000e+01 5.700000e+00 1.124032e+00
      vertex 1.060000e+01 5.400000e+00 1.024032e+00
      vertex 1.060000e+01 5.700000e+00 1.024032e+00
    endloop
  endfacet
  facet normal 7.124705e-02 0.000000e+00 0.000000e+00
    outer loop
      vertex 1.060000e+01 5.400000e+00 1.024032e+00
      vertex 1.070000e+01 5.400000e+00 -3.759683e-01
      vertex 1.060000e+01 5.700000e+00 1.024032e+00
    endloop
  endfacet
  facet normal 7.124705e-02 0.000000e+00 0.000000e+00
    outer loop
      vertex 1.060000e+01 5.700000e+00 1.024032e+00
      vertex 1.070000e+01 5.400000e+00 -3.759683e-01
      vertex 1.070000e+01 5.700000e+00 -3.759683e-01
    endloop
  endfacet
  facet normal 1.000000e+00 0.000000e+00 0.000000e+00
    outer loop
      vertex 1.070000e+01 5.400000e+00 -3.759683e-01
      vertex 1.100000e+01 5.400000e+00 -3.759683e-01
      vertex 1.070000e+01 5.700000e+00 -3.759683e-01
    endloop
  endfacet
  facet normal 1.000000e+00 0.000000e+00 0.000000e+00
    outer loop
      vertex 1.070000e+01 5.700000e+00 -3.759683e-01
      vertex 1.100000e+01 5.400000e+00 -3.759683e-01
      vertex 1.100000e+01 5.700000e+00 -3.759683e-01
    endloop
  endfacet
  facet normal 0.000000e+00 0.000000e+00 0.000000e+00
    outer loop
      vertex 1.100000e+01 5.400000e+00 -3.759683e-01
      vertex 1.100000e+01 5.400000e+00 -4.759683e-01
      vertex 1.100000e+01 5.700000e+00 -3.759683e-01
    endloop
  endfacet
  facet normal 0.000000e+00 0.000000e+00 0.000000e+00
    outer loop
      vertex 1.100000e+01 5.700000e+00 -3.759683e-01
      vertex 1.100000e+01 5.400000e+00 -4.759683e-01
      vertex 1.100000e+01 5.700000e+00 -4.759683e-01
    endloop
  endfacet
  facet normal -1.000000e+00 0.000000e+00 0.000000e+00
    outer loop
      vertex 1.100000e+01 5.400000e+00 -4.759683e-01
      vertex 1.060000e+01 5.400000e+00 -4.759683e-01
      vertex 1.100000e+01 5.700000e+00 -4.759683e-01
    endloop
  endfacet
  facet normal -1.000000e+00 0.000000e+00 0.000000e+00
    outer loop
      vertex 1.100000e+01 5.700000e+00 -4.759683e-01
      vertex 1.060000e+01 5.400000e+00 -4.759683e-01
      vertex 1.060000e+01 5.700000e+00 -4.759683e-01
    endloop
  endfacet
  facet normal -7.024856e-02 0.000000e+00 0.000000e+00
    outer loop
      vertex 1.060000e+01 5.400000e+00 -4.759683e-01
      vertex 1.050000e+01 5.400000e+00 9.440317e-01
      vertex 1.060000e+01 5.700000e+00 -4.759683e-01
    endloop
  endfacet
  facet normal -7.024856e-02 0.000000e+00 0.000000e+00
    outer loop
      vertex 1.060000e+01 5.700000e+00 -4.759683e-01
      vertex 1.050000e+01 5.400000e+00 9.440317e-01
      vertex 1.050000e+01 5.700000e+00 9.440317e-01
    endloop
  endfacet
  facet normal -9.397934e-01 0.000000e+00 0.000000e+00
    outer loop
      vertex 1.050000e+01 5.400000e+00 9.440317e-01
      vertex 1.028000e+01 5.400000e+00 1.024032e+00
      vertex 1.050000e+01 5.700000e+00 9.440317e-01
    endloop
  endfacet
  facet normal -9.397934e-01 0.000000e+00 0.000000e+00
    outer loop
      vertex 1.050000e+01 5.700000e+00 9.440317e-01
      vertex 1.028000e+01 5.400000e+00 1.024032e+00
      vertex 1.028000e+01 5.700000e+00 1.024032e+00
    endloop
  endfacet
  facet normal -1.000000e+00 0.000000e+00 0.000000e+00
    outer loop
      vertex 1.028000e+01 5.400000e+00 1.024032e+00
      vertex 9.050000e+00 5.400000e+00 1.024032e+00
      vertex 1.028000e+01 5.700000e+00 1.024032e+00
    endloop
  endfacet
  facet normal -1.000000e+00 0.000000e+00 0.000000e+00
    outer loop
      vertex 1.028000e+01 5.700000e+00 1.024032e+00
      vertex 9.050000e+00 5.400000e+00 1.024032e+00
      vertex 9.050000e+00 5.700000e+00 1.024032e+00
    endloop
  endfacet
  facet normal 1.502787e-31 0.000000e+00 0.000000e+00
    outer loop
      vertex 8.950000e+00 5.400000e+00 1.124032e+00
      vertex 9.050000e+00 5.400000e+00 1.024032e+00
      vertex 1.030000e+01 5.400000e+00 1.124032e+00
    endloop
  endfacet
  facet normal 1.502787e-31 0.000000e+00 0.000000e+00
    outer loop
      vertex 1.030000e+01 5.400000e+00 1.124032e+00
      vertex 9.050000e+00 5.400000e+00 1.024032e+00
      vertex 1.028000e+01 5.400000e+00 1.024032e+00
    endloop
  endfacet
  facet normal 1.502787e-31 0.000000e+00 0.000000e+00
    outer loop
      vertex 1.030000e+01 5.400000e+00 1.124032e+00
      vertex 1.028000e+01 5.400000e+00 1.024032e+00
      vertex 1.050000e+01 5.400000e+00 9.440317e-01
    endloop
  endfacet
  facet normal 1.502787e-31 0.000000e+00 0.000000e+00
    outer loop
      vertex 8.950000e+00 5.400000e+00 1.124032e+00
      vertex 8.950000e+00 5.400000e+00 6.990317e-01
      vertex 9.050000e+00 5.400000e+00 1.024032e+00
    endloop
  endfacet
  facet normal 1.502787e-31 0.000000e+00 0.000000e+00
    outer loop
      vertex 9.050000e+00 5.400000e+00 1.024032e+00
      vertex 8.950000e+00 5.400000e+00 6.990317e-01
      vertex 9.050000e+00 5.400000e+00 5.990317e-01
    endloop
  endfacet
  facet normal 1.502787e-31 0.000000e+00 0.000000e+00
    outer loop
      vertex 8.800000e+00 5.400000e+00 6.990317e-01
      vertex 8.800000e+00 5.400000e+00 5.990317e-01
      vertex 8.950000e+00 5.400000e+00 6.990317e-01
    endloop
  endfacet
  facet normal 1.502787e-31 0.000000e+00 0.000000e+00
    outer loop
      vertex 8.950000e+00 5.400000e+00 6.990317e-01
      vertex 8.800000e+00 5.400000e+00 5.990317e-01
      vertex 9.050000e+00 5.400000e+00 5.990317e-01
    endloop
  endfacet
  facet normal 1.502787e-31 0.000000e+00 0.000000e+00
    outer loop
      vertex 1.060000e+01 5.400000e+00 -4.759683e-01
      vertex 1.070000e+01 5.400000e+00 -3.759683e-01
      vertex 1.050000e+01 5.400000e+00 9.440317e-01
    endloop
  endfacet
  facet normal 1.502787e-31 0.000000e+00 0.000000e+00
    outer loop
      vertex 1.050000e+01 5.400000e+00 9.440317e-01
      vertex 1.070000e+01 5.400000e+00 -3.759683e-01
      vertex 1.060000e+01 5.400000e+00 1.024032e+00
    endloop
  endfacet
  facet normal 1.502787e-31 0.000000e+00 0.000000e+00
    outer loop
      vertex 1.050000e+01 5.400000e+00 9.440317e-01
      vertex 1.060000e+01 5.400000e+00 1.024032e+00
      vertex 1.030000e+01 5.400000e+00 1.124032e+00
    endloop
  endfacet
  facet normal 1.502787e-31 0.000000e+00 0.000000e+00
    outer loop
      vertex 1.060000e+01 5.400000e+00 -4.759683e-01
      vertex 1.100000e+01 5.400000e+00 -4.759683e-01
      vertex 1.070000e+01 5.400000e+00 -3.759683e-01
    endloop
  endfacet
  facet normal 1.502787e-31 0.000000e+00 0.000000e+00
    outer loop
      vertex 1.070000e+01 5.400000e+00 -3.759683e-01
      vertex 1.100000e+01 5.400000e+00 -4.759683e-01
      vertex 1.100000e+01 5.400000e+00 -3.759683e-01
    endloop
  endfacet
  facet normal -1.502787e-31 0.000000e+00 0.000000e+00
    outer loop
      vertex 8.950000e+00 5.700000e+00 6.990317e-01
      vertex 8.950000e+00 5.700000e+00 1.124032e+00
      vertex 9.050000e+00 5.700000e+00 1.024032e+00
    endloop
  endfacet
  facet normal -1.502787e-31 0.000000e+00 0.000000e+00
    outer loop
      vertex 9.050000e+00 5.700000e+00 1.024032e+00
      vertex 8.950000e+00 5.700000e+00 1.124032e+00
      vertex 1.030000e+01 5.700000e+00 1.124032e+00
    endloop
  endfacet
  facet normal -1.502787e-31 0.000000e+00 0.000000e+00
    outer loop
      vertex 9.050000e+00 5.700000e+00 1.024032e+00
      vertex 1.030000e+01 5.700000e+00 1.124032e+00
      vertex 1.028000e+01 5.700000e+00 1.024032e+00
    endloop
  endfacet
  facet normal -1.502787e-31 0.000000e+00 0.000000e+00
    outer loop
      vertex 1.028000e+01 5.700000e+00 1.024032e+00
      vertex 1.030000e+01 5.700000e+00 1.124032e+00
      vertex 1.050000e+01 5.700000e+00 9.440317e-01
    endloop
  endfacet
  facet normal -1.502787e-31 0.000000e+00 0.000000e+00
    outer loop
      vertex 1.030000e+01 5.700000e+00 1.124032e+00
      vertex 1.060000e+01 5.700000e+00 1.024032e+00
      vertex 1.050000e+01 5.700000e+00 9.440317e-01
    endloop
  endfacet
  facet normal -1.502787e-31 0.000000e+00 0.000000e+00
    outer loop
      vertex 1.050000e+01 5.700000e+00 9.440317e-01
      vertex 1.060000e+01 5.700000e+00 1.024032e+00
      vertex 1.070000e+01 5.700000e+00 -3.759683e-01
    endloop
  endfacet
  facet normal -1.502787e-31 0.000000e+00 0.000000e+00
    outer loop
      vertex 1.050000e+01 5.700000e+00 9.440317e-01
      vertex 1.070000e+01 5.700000e+00 -3.759683e-01
      vertex 1.060000e+01 5.700000e+00 -4.759683e-01
    endloop
  endfacet
  facet normal -1.502787e-31 0.000000e+00 0.000000e+00
    outer loop
      vertex 1.060000e+01 5.700000e+00 -4.759683e-01
      vertex 1.070000e+01 5.700000e+00 -3.759683e-01
      vertex 1.100000e+01 5.700000e+00 -4.759683e-01
    endloop
  endfacet
  facet normal -1.502787e-31 0.000000e+00 0.000000e+00
    outer loop
      vertex 1.070000e+01 5.700000e+00 -3.759683e-01
      vertex 1.100000e+01 5.700000e+00 -3.759683e-01
      vertex 1.100000e+01 5.700000e+00 -4.759683e-01
    endloop
  endfacet
  facet normal -1.502787e-31 0.000000e+00 0.000000e+00
    outer loop
      vertex 9.050000e+00 5.700000e+00 1.024032e+00
      vertex 9.050000e+00 5.700000e+00 5.990317e-01
      vertex 8.950000e+00 5.700000e+00 6.990317e-01
    endloop
  endfacet
  facet normal -1.502787e-31 0.000000e+00 0.000000e+00
    outer loop
      vertex 8.950000e+00 5.700000e+00 6.990317e-01
      vertex 9.050000e+00 5.700000e+00 5.990317e-01
      vertex 8.800000e+00 5.700000e+00 5.990317e-01
    endloop
  endfacet
  facet normal -1.502787e-31 0.000000e+00 0.000000e+00
    outer loop
      vertex 8.950000e+00 5.700000e+00 6.990317e-01
      vertex 8.800000e+00 5.700000e+00 5.990317e-01
      vertex 8.800000e+00 5.700000e+00 6.990317e-01
    endloop
  endfacet
endsolid PEC:Pin_7_3
solid PEC:Pin_8_1
  facet normal 0.000000e+00 0.000000e+00 0.000000e+00
    outer loop
      vertex 2.870000e+00 4.460000e+00 6.990317e-01
      vertex 2.870000e+00 4.260000e+00 6.990317e-01
      vertex 2.870000e+00 4.460000e+00 5.990317e-01
    endloop
  endfacet
  facet normal 0.000000e+00 0.000000e+00 0.000000e+00
    outer loop
      vertex 2.870000e+00 4.460000e+00 5.990317e-01
      vertex 2.870000e+00 4.260000e+00 6.990317e-01
      vertex 2.870000e+00 4.260000e+00 5.990317e-01
    endloop
  endfacet
  facet normal -0.000000e+00 0.000000e+00 0.000000e+00
    outer loop
      vertex 2.870000e+00 4.260000e+00 6.990317e-01
      vertex 2.770000e+00 4.260000e+00 6.990317e-01
      vertex 2.870000e+00 4.260000e+00 5.990317e-01
    endloop
  endfacet
  facet normal -0.000000e+00 0.000000e+00 0.000000e+00
    outer loop
      vertex 2.870000e+00 4.260000e+00 5.990317e-01
      vertex 2.770000e+00 4.260000e+00 6.990317e-01
      vertex 2.770000e+00 4.260000e+00 5.990317e-01
    endloop
  endfacet
  facet normal -0.000000e+00 0.000000e+00 0.000000e+00
    outer loop
      vertex 2.870000e+00 4.460000e+00 5.990317e-01
      vertex 2.770000e+00 4.460000e+00 5.990317e-01
      vertex 2.870000e+00 4.460000e+00 6.990317e-01
    endloop
  endfacet
  facet normal -0.000000e+00 0.000000e+00 0.000000e+00
    outer loop
      vertex 2.870000e+00 4.460000e+00 6.990317e-01
      vertex 2.770000e+00 4.460000e+00 5.990317e-01
      vertex 2.770000e+00 4.460000e+00 6.990317e-01
    endloop
  endfacet
  facet normal 0.000000e+00 0.000000e+00 0.000000e+00
    outer loop
      vertex 2.770000e+00 4.460000e+00 6.990317e-01
      vertex 2.770000e+00 4.460000e+00 5.990317e-01
      vertex 1.200000e+00 4.050000e+00 6.990317e-01
    endloop
  endfacet
  facet normal 0.000000e+00 0.000000e+00 0.000000e+00
    outer loop
      vertex 1.200000e+00 4.050000e+00 6.990317e-01
      vertex 2.770000e+00 4.460000e+00 5.990317e-01
      vertex 1.200000e+00 4.050000e+00 5.990317e-01
    endloop
  endfacet
  facet normal 0.000000e+00 0.000000e+00 0.000000e+00
    outer loop
      vertex 2.770000e+00 4.260000e+00 5.990317e-01
      vertex 2.770000e+00 4.260000e+00 6.990317e-01
      vertex 1.200000e+00 3.750000e+00 5.990317e-01
    endloop
  endfacet
  facet normal 0.000000e+00 0.000000e+00 0.000000e+00
    outer loop
      vertex 1.200000e+00 3.750000e+00 5.990317e-01
      vertex 2.770000e+00 4.260000e+00 6.990317e-01
      vertex 1.200000e+00 3.750000e+00 6.990317e-01
    endloop
  endfacet
  facet normal 0.000000e+00 0.000000e+00 0.000000e+00
    outer loop
      vertex 1.050000e+00 3.750000e+00 1.124032e+00
      vertex 1.050000e+00 3.750000e+00 6.990317e-01
      vertex 1.050000e+00 4.050000e+00 1.124032e+00
    endloop
  endfacet
  facet normal 0.000000e+00 0.000000e+00 0.000000e+00
    outer loop
      vertex 1.050000e+00 4.050000e+00 1.124032e+00
      vertex 1.050000e+00 3.750000e+00 6.990317e-01
      vertex 1.050000e+00 4.050000e+00 6.990317e-01
    endloop
  endfacet
  facet normal 1.000000e+00 0.000000e+00 0.000000e+00
    outer loop
      vertex 1.050000e+00 3.750000e+00 6.990317e-01
      vertex 1.200000e+00 3.750000e+00 6.990317e-01
      vertex 1.050000e+00 4.050000e+00 6.990317e-01
    endloop
  endfacet
  facet normal 1.000000e+00 0.000000e+00 0.000000e+00
    outer loop
      vertex 1.050000e+00 4.050000e+00 6.990317e-01
      vertex 1.200000e+00 3.750000e+00 6.990317e-01
      vertex 1.200000e+00 4.050000e+00 6.990317e-01
    endloop
  endfacet
  facet normal 1.000000e+00 0.000000e+00 0.000000e+00
    outer loop
      vertex 1.200000e+00 3.750000e+00 6.990317e-01
      vertex 2.770000e+00 4.260000e+00 6.990317e-01
      vertex 1.200000e+00 4.050000e+00 6.990317e-01
    endloop
  endfacet
  facet normal 1.000000e+00 0.000000e+00 0.000000e+00
    outer loop
      vertex 1.200000e+00 4.050000e+00 6.990317e-01
      vertex 2.770000e+00 4.260000e+00 6.990317e-01
      vertex 2.770000e+00 4.460000e+00 6.990317e-01
    endloop
  endfacet
  facet normal 1.000000e+00 0.000000e+00 0.000000e+00
    outer loop
      vertex 2.770000e+00 4.260000e+00 6.990317e-01
      vertex 2.870000e+00 4.260000e+00 6.990317e-01
      vertex 2.770000e+00 4.460000e+00 6.990317e-01
    endloop
  endfacet
  facet normal 1.000000e+00 0.000000e+00 0.000000e+00
    outer loop
      vertex 2.770000e+00 4.460000e+00 6.990317e-01
      vertex 2.870000e+00 4.260000e+00 6.990317e-01
      vertex 2.870000e+00 4.460000e+00 6.990317e-01
    endloop
  endfacet
  facet normal -1.000000e+00 0.000000e+00 0.000000e+00
    outer loop
      vertex 2.770000e+00 4.260000e+00 5.990317e-01
      vertex 1.200000e+00 3.750000e+00 5.990317e-01
      vertex 1.200000e+00 4.050000e+00 5.990317e-01
    endloop
  endfacet
  facet normal -1.000000e+00 0.000000e+00 0.000000e+00
    outer loop
      vertex 1.200000e+00 4.050000e+00 5.990317e-01
      vertex 1.200000e+00 3.750000e+00 5.990317e-01
      vertex 9.500000e-01 3.750000e+00 5.990317e-01
    endloop
  endfacet
  facet normal -1.000000e+00 0.000000e+00 0.000000e+00
    outer loop
      vertex 1.200000e+00 4.050000e+00 5.990317e-01
      vertex 9.500000e-01 3.750000e+00 5.990317e-01
      vertex 9.500000e-01 4.050000e+00 5.990317e-01
    endloop
  endfacet
  facet normal -1.000000e+00 0.000000e+00 0.000000e+00
    outer loop
      vertex 1.200000e+00 4.050000e+00 5.990317e-01
      vertex 2.770000e+00 4.460000e+00 5.990317e-01
      vertex 2.770000e+00 4.260000e+00 5.990317e-01
    endloop
  endfacet
  facet normal -1.000000e+00 0.000000e+00 0.000000e+00
    outer loop
      vertex 2.770000e+00 4.260000e+00 5.990317e-01
      vertex 2.770000e+00 4.460000e+00 5.990317e-01
      vertex 2.870000e+00 4.460000e+00 5.990317e-01
    endloop
  endfacet
  facet normal -1.000000e+00 0.000000e+00 0.000000e+00
    outer loop
      vertex 2.770000e+00 4.260000e+00 5.990317e-01
      vertex 2.870000e+00 4.460000e+00 5.990317e-01
      vertex 2.870000e+00 4.260000e+00 5.990317e-01
    endloop
  endfacet
  facet normal 0.000000e+00 0.000000e+00 0.000000e+00
    outer loop
      vertex 9.500000e-01 3.750000e+00 5.990317e-01
      vertex 9.500000e-01 3.750000e+00 1.024032e+00
      vertex 9.500000e-01 4.050000e+00 5.990317e-01
    endloop
  endfacet
  facet normal 0.000000e+00 0.000000e+00 0.000000e+00
    outer loop
      vertex 9.500000e-01 4.050000e+00 5.990317e-01
      vertex 9.500000e-01 3.750000e+00 1.024032e+00
      vertex 9.500000e-01 4.050000e+00 1.024032e+00
    endloop
  endfacet
  facet normal 1.000000e+00 0.000000e+00 0.000000e+00
    outer loop
      vertex 1.050000e+00 4.050000e+00 1.124032e+00
      vertex -3.000000e-01 4.050000e+00 1.124032e+00
      vertex 1.050000e+00 3.750000e+00 1.124032e+00
    endloop
  endfacet
  facet normal 1.000000e+00 0.000000e+00 0.000000e+00
    outer loop
      vertex 1.050000e+00 3.750000e+00 1.124032e+00
      vertex -3.000000e-01 4.050000e+00 1.124032e+00
      vertex -3.000000e-01 3.750000e+00 1.124032e+00
    endloop
  endfacet
  facet normal 9.486833e-01 0.000000e+00 0.000000e+00
    outer loop
      vertex -3.000000e-01 4.050000e+00 1.124032e+00
      vertex -6.000000e-01 4.050000e+00 1.024032e+00
      vertex -3.000000e-01 3.750000e+00 1.124032e+00
    endloop
  endfacet
  facet normal 9.486833e-01 0.000000e+00 0.000000e+00
    outer loop
      vertex -3.000000e-01 3.750000e+00 1.124032e+00
      vertex -6.000000e-01 4.050000e+00 1.024032e+00
      vertex -6.000000e-01 3.750000e+00 1.024032e+00
    endloop
  endfacet
  facet normal 7.124705e-02 0.000000e+00 0.000000e+00
    outer loop
      vertex -6.000000e-01 4.050000e+00 1.024032e+00
      vertex -7.000000e-01 4.050000e+00 -3.759683e-01
      vertex -6.000000e-01 3.750000e+00 1.024032e+00
    endloop
  endfacet
  facet normal 7.124705e-02 0.000000e+00 0.000000e+00
    outer loop
      vertex -6.000000e-01 3.750000e+00 1.024032e+00
      vertex -7.000000e-01 4.050000e+00 -3.759683e-01
      vertex -7.000000e-01 3.750000e+00 -3.759683e-01
    endloop
  endfacet
  facet normal 1.000000e+00 0.000000e+00 0.000000e+00
    outer loop
      vertex -7.000000e-01 4.050000e+00 -3.759683e-01
      vertex -1.000000e+00 4.050000e+00 -3.759683e-01
      vertex -7.000000e-01 3.750000e+00 -3.759683e-01
    endloop
  endfacet
  facet normal 1.000000e+00 0.000000e+00 0.000000e+00
    outer loop
      vertex -7.000000e-01 3.750000e+00 -3.759683e-01
      vertex -1.000000e+00 4.050000e+00 -3.759683e-01
      vertex -1.000000e+00 3.750000e+00 -3.759683e-01
    endloop
  endfacet
  facet normal 0.000000e+00 0.000000e+00 0.000000e+00
    outer loop
      vertex -1.000000e+00 4.050000e+00 -3.759683e-01
      vertex -1.000000e+00 4.050000e+00 -4.759683e-01
      vertex -1.000000e+00 3.750000e+00 -3.759683e-01
    endloop
  endfacet
  facet normal 0.000000e+00 0.000000e+00 0.000000e+00
    outer loop
      vertex -1.000000e+00 3.750000e+00 -3.759683e-01
      vertex -1.000000e+00 4.050000e+00 -4.759683e-01
      vertex -1.000000e+00 3.750000e+00 -4.759683e-01
    endloop
  endfacet
  facet normal -1.000000e+00 0.000000e+00 0.000000e+00
    outer loop
      vertex -1.000000e+00 4.050000e+00 -4.759683e-01
      vertex -6.000000e-01 4.050000e+00 -4.759683e-01
      vertex -1.000000e+00 3.750000e+00 -4.759683e-01
    endloop
  endfacet
  facet normal -1.000000e+00 0.000000e+00 0.000000e+00
    outer loop
      vertex -1.000000e+00 3.750000e+00 -4.759683e-01
      vertex -6.000000e-01 4.050000e+00 -4.759683e-01
      vertex -6.000000e-01 3.750000e+00 -4.759683e-01
    endloop
  endfacet
  facet normal -7.024856e-02 0.000000e+00 0.000000e+00
    outer loop
      vertex -6.000000e-01 4.050000e+00 -4.759683e-01
      vertex -5.000000e-01 4.050000e+00 9.440317e-01
      vertex -6.000000e-01 3.750000e+00 -4.759683e-01
    endloop
  endfacet
  facet normal -7.024856e-02 0.000000e+00 0.000000e+00
    outer loop
      vertex -6.000000e-01 3.750000e+00 -4.759683e-01
      vertex -5.000000e-01 4.050000e+00 9.440317e-01
      vertex -5.000000e-01 3.750000e+00 9.440317e-01
    endloop
  endfacet
  facet normal -9.397934e-01 0.000000e+00 0.000000e+00
    outer loop
      vertex -5.000000e-01 4.050000e+00 9.440317e-01
      vertex -2.800000e-01 4.050000e+00 1.024032e+00
      vertex -5.000000e-01 3.750000e+00 9.440317e-01
    endloop
  endfacet
  facet normal -9.397934e-01 0.000000e+00 0.000000e+00
    outer loop
      vertex -5.000000e-01 3.750000e+00 9.440317e-01
      vertex -2.800000e-01 4.050000e+00 1.024032e+00
      vertex -2.800000e-01 3.750000e+00 1.024032e+00
    endloop
  endfacet
  facet normal -1.000000e+00 0.000000e+00 0.000000e+00
    outer loop
      vertex -2.800000e-01 4.050000e+00 1.024032e+00
      vertex 9.500000e-01 4.050000e+00 1.024032e+00
      vertex -2.800000e-01 3.750000e+00 1.024032e+00
    endloop
  endfacet
  facet normal -1.000000e+00 0.000000e+00 0.000000e+00
    outer loop
      vertex -2.800000e-01 3.750000e+00 1.024032e+00
      vertex 9.500000e-01 4.050000e+00 1.024032e+00
      vertex 9.500000e-01 3.750000e+00 1.024032e+00
    endloop
  endfacet
  facet normal 1.502787e-31 0.000000e+00 0.000000e+00
    outer loop
      vertex 1.050000e+00 4.050000e+00 1.124032e+00
      vertex 9.500000e-01 4.050000e+00 1.024032e+00
      vertex -3.000000e-01 4.050000e+00 1.124032e+00
    endloop
  endfacet
  facet normal 1.502787e-31 0.000000e+00 0.000000e+00
    outer loop
      vertex -3.000000e-01 4.050000e+00 1.124032e+00
      vertex 9.500000e-01 4.050000e+00 1.024032e+00
      vertex -2.800000e-01 4.050000e+00 1.024032e+00
    endloop
  endfacet
  facet normal 1.502787e-31 0.000000e+00 0.000000e+00
    outer loop
      vertex -3.000000e-01 4.050000e+00 1.124032e+00
      vertex -2.800000e-01 4.050000e+00 1.024032e+00
      vertex -5.000000e-01 4.050000e+00 9.440317e-01
    endloop
  endfacet
  facet normal 1.502787e-31 0.000000e+00 0.000000e+00
    outer loop
      vertex 1.050000e+00 4.050000e+00 1.124032e+00
      vertex 1.050000e+00 4.050000e+00 6.990317e-01
      vertex 9.500000e-01 4.050000e+00 1.024032e+00
    endloop
  endfacet
  facet normal 1.502787e-31 0.000000e+00 0.000000e+00
    outer loop
      vertex 9.500000e-01 4.050000e+00 1.024032e+00
      vertex 1.050000e+00 4.050000e+00 6.990317e-01
      vertex 9.500000e-01 4.050000e+00 5.990317e-01
    endloop
  endfacet
  facet normal 1.502787e-31 0.000000e+00 0.000000e+00
    outer loop
      vertex 1.200000e+00 4.050000e+00 6.990317e-01
      vertex 1.200000e+00 4.050000e+00 5.990317e-01
      vertex 1.050000e+00 4.050000e+00 6.990317e-01
    endloop
  endfacet
  facet normal 1.502787e-31 0.000000e+00 0.000000e+00
    outer loop
      vertex 1.050000e+00 4.050000e+00 6.990317e-01
      vertex 1.200000e+00 4.050000e+00 5.990317e-01
      vertex 9.500000e-01 4.050000e+00 5.990317e-01
    endloop
  endfacet
  facet normal 1.502787e-31 0.000000e+00 0.000000e+00
    outer loop
      vertex -6.000000e-01 4.050000e+00 -4.759683e-01
      vertex -7.000000e-01 4.050000e+00 -3.759683e-01
      vertex -5.000000e-01 4.050000e+00 9.440317e-01
    endloop
  endfacet
  facet normal 1.502787e-31 0.000000e+00 0.000000e+00
    outer loop
      vertex -5.000000e-01 4.050000e+00 9.440317e-01
      vertex -7.000000e-01 4.050000e+00 -3.759683e-01
      vertex -6.000000e-01 4.050000e+00 1.024032e+00
    endloop
  endfacet
  facet normal 1.502787e-31 0.000000e+00 0.000000e+00
    outer loop
      vertex -5.000000e-01 4.050000e+00 9.440317e-01
      vertex -6.000000e-01 4.050000e+00 1.024032e+00
      vertex -3.000000e-01 4.050000e+00 1.124032e+00
    endloop
  endfacet
  facet normal 1.502787e-31 0.000000e+00 0.000000e+00
    outer loop
      vertex -6.000000e-01 4.050000e+00 -4.759683e-01
      vertex -1.000000e+00 4.050000e+00 -4.759683e-01
      vertex -7.000000e-01 4.050000e+00 -3.759683e-01
    endloop
  endfacet
  facet normal 1.502787e-31 0.000000e+00 0.000000e+00
    outer loop
      vertex -7.000000e-01 4.050000e+00 -3.759683e-01
      vertex -1.000000e+00 4.050000e+00 -4.759683e-01
      vertex -1.000000e+00 4.050000e+00 -3.759683e-01
    endloop
  endfacet
  facet normal -1.502787e-31 0.000000e+00 0.000000e+00
    outer loop
      vertex 1.050000e+00 3.750000e+00 6.990317e-01
      vertex 1.050000e+00 3.750000e+00 1.124032e+00
      vertex 9.500000e-01 3.750000e+00 1.024032e+00
    endloop
  endfacet
  facet normal -1.502787e-31 0.000000e+00 0.000000e+00
    outer loop
      vertex 9.500000e-01 3.750000e+00 1.024032e+00
      vertex 1.050000e+00 3.750000e+00 1.124032e+00
      vertex -3.000000e-01 3.750000e+00 1.124032e+00
    endloop
  endfacet
  facet normal -1.502787e-31 0.000000e+00 0.000000e+00
    outer loop
      vertex 9.500000e-01 3.750000e+00 1.024032e+00
      vertex -3.000000e-01 3.750000e+00 1.124032e+00
      vertex -2.800000e-01 3.750000e+00 1.024032e+00
    endloop
  endfacet
  facet normal -1.502787e-31 0.000000e+00 0.000000e+00
    outer loop
      vertex -2.800000e-01 3.750000e+00 1.024032e+00
      vertex -3.000000e-01 3.750000e+00 1.124032e+00
      vertex -5.000000e-01 3.750000e+00 9.440317e-01
    endloop
  endfacet
  facet normal -1.502787e-31 0.000000e+00 0.000000e+00
    outer loop
      vertex -3.000000e-01 3.750000e+00 1.124032e+00
      vertex -6.000000e-01 3.750000e+00 1.024032e+00
      vertex -5.000000e-01 3.750000e+00 9.440317e-01
    endloop
  endfacet
  facet normal -1.502787e-31 0.000000e+00 0.000000e+00
    outer loop
      vertex -5.000000e-01 3.750000e+00 9.440317e-01
      vertex -6.000000e-01 3.750000e+00 1.024032e+00
      vertex -7.000000e-01 3.750000e+00 -3.759683e-01
    endloop
  endfacet
  facet normal -1.502787e-31 0.000000e+00 0.000000e+00
    outer loop
      vertex -5.000000e-01 3.750000e+00 9.440317e-01
      vertex -7.000000e-01 3.750000e+00 -3.759683e-01
      vertex -6.000000e-01 3.750000e+00 -4.759683e-01
    endloop
  endfacet
  facet normal -1.502787e-31 0.000000e+00 0.000000e+00
    outer loop
      vertex -6.000000e-01 3.750000e+00 -4.759683e-01
      vertex -7.000000e-01 3.750000e+00 -3.759683e-01
      vertex -1.000000e+00 3.750000e+00 -4.759683e-01
    endloop
  endfacet
  facet normal -1.502787e-31 0.000000e+00 0.000000e+00
    outer loop
      vertex -7.000000e-01 3.750000e+00 -3.759683e-01
      vertex -1.000000e+00 3.750000e+00 -3.759683e-01
      vertex -1.000000e+00 3.750000e+00 -4.759683e-01
    endloop
  endfacet
  facet normal -1.502787e-31 0.000000e+00 0.000000e+00
    outer loop
      vertex 9.500000e-01 3.750000e+00 1.024032e+00
      vertex 9.500000e-01 3.750000e+00 5.990317e-01
      vertex 1.050000e+00 3.750000e+00 6.990317e-01
    endloop
  endfacet
  facet normal -1.502787e-31 0.000000e+00 0.000000e+00
    outer loop
      vertex 1.050000e+00 3.750000e+00 6.990317e-01
      vertex 9.500000e-01 3.750000e+00 5.990317e-01
      vertex 1.200000e+00 3.750000e+00 5.990317e-01
    endloop
  endfacet
  facet normal -1.502787e-31 0.000000e+00 0.000000e+00
    outer loop
      vertex 1.050000e+00 3.750000e+00 6.990317e-01
      vertex 1.200000e+00 3.750000e+00 5.990317e-01
      vertex 1.200000e+00 3.750000e+00 6.990317e-01
    endloop
  endfacet
endsolid PEC:Pin_8_1
solid PEC:Pin_8_2
  facet normal 0.000000e+00 0.000000e+00 0.000000e+00
    outer loop
      vertex 5.540000e+00 2.870000e+00 6.990317e-01
      vertex 5.740000e+00 2.870000e+00 6.990317e-01
      vertex 5.540000e+00 2.870000e+00 5.990317e-01
    endloop
  endfacet
  facet normal 0.000000e+00 0.000000e+00 0.000000e+00
    outer loop
      vertex 5.540000e+00 2.870000e+00 5.990317e-01
      vertex 5.740000e+00 2.870000e+00 6.990317e-01
      vertex 5.740000e+00 2.870000e+00 5.990317e-01
    endloop
  endfacet
  facet normal -0.000000e+00 0.000000e+00 0.000000e+00
    outer loop
      vertex 5.740000e+00 2.870000e+00 6.990317e-01
      vertex 5.740000e+00 2.770000e+00 6.990317e-01
      vertex 5.740000e+00 2.870000e+00 5.990317e-01
    endloop
  endfacet
  facet normal -0.000000e+00 0.000000e+00 0.000000e+00
    outer loop
      vertex 5.740000e+00 2.870000e+00 5.990317e-01
      vertex 5.740000e+00 2.770000e+00 6.990317e-01
      vertex 5.740000e+00 2.770000e+00 5.990317e-01
    endloop
  endfacet
  facet normal -0.000000e+00 0.000000e+00 0.000000e+00
    outer loop
      vertex 5.540000e+00 2.870000e+00 5.990317e-01
      vertex 5.540000e+00 2.770000e+00 5.990317e-01
      vertex 5.540000e+00 2.870000e+00 6.990317e-01
    endloop
  endfacet
  facet normal -0.000000e+00 0.000000e+00 0.000000e+00
    outer loop
      vertex 5.540000e+00 2.870000e+00 6.990317e-01
      vertex 5.540000e+00 2.770000e+00 5.990317e-01
      vertex 5.540000e+00 2.770000e+00 6.990317e-01
    endloop
  endfacet
  facet normal 0.000000e+00 0.000000e+00 0.000000e+00
    outer loop
      vertex 5.540000e+00 2.770000e+00 6.990317e-01
      vertex 5.540000e+00 2.770000e+00 5.990317e-01
      vertex 5.950000e+00 1.200000e+00 6.990317e-01
    endloop
  endfacet
  facet normal 0.000000e+00 0.000000e+00 0.000000e+00
    outer loop
      vertex 5.950000e+00 1.200000e+00 6.990317e-01
      vertex 5.540000e+00 2.770000e+00 5.990317e-01
      vertex 5.950000e+00 1.200000e+00 5.990317e-01
    endloop
  endfacet
  facet normal 0.000000e+00 0.000000e+00 0.000000e+00
    outer loop
      vertex 5.740000e+00 2.770000e+00 5.990317e-01
      vertex 5.740000e+00 2.770000e+00 6.990317e-01
      vertex 6.250000e+00 1.200000e+00 5.990317e-01
    endloop
  endfacet
  facet normal 0.000000e+00 0.000000e+00 0.000000e+00
    outer loop
      vertex 6.250000e+00 1.200000e+00 5.990317e-01
      vertex 5.740000e+00 2.770000e+00 6.990317e-01
      vertex 6.250000e+00 1.200000e+00 6.990317e-01
    endloop
  endfacet
  facet normal 0.000000e+00 0.000000e+00 0.000000e+00
    outer loop
      vertex 6.250000e+00 1.050000e+00 1.124032e+00
      vertex 6.250000e+00 1.050000e+00 6.990317e-01
      vertex 5.950000e+00 1.050000e+00 1.124032e+00
    endloop
  endfacet
  facet normal 0.000000e+00 0.000000e+00 0.000000e+00
    outer loop
      vertex 5.950000e+00 1.050000e+00 1.124032e+00
      vertex 6.250000e+00 1.050000e+00 6.990317e-01
      vertex 5.950000e+00 1.050000e+00 6.990317e-01
    endloop
  endfacet
  facet normal 1.000000e+00 0.000000e+00 0.000000e+00
    outer loop
      vertex 6.250000e+00 1.050000e+00 6.990317e-01
      vertex 6.250000e+00 1.200000e+00 6.990317e-01
      vertex 5.950000e+00 1.050000e+00 6.990317e-01
    endloop
  endfacet
  facet normal 1.000000e+00 0.000000e+00 0.000000e+00
    outer loop
      vertex 5.950000e+00 1.050000e+00 6.990317e-01
      vertex 6.250000e+00 1.200000e+00 6.990317e-01
      vertex 5.950000e+00 1.200000e+00 6.990317e-01
    endloop
  endfacet
  facet normal 1.000000e+00 0.000000e+00 0.000000e+00
    outer loop
      vertex 6.250000e+00 1.200000e+00 6.990317e-01
      vertex 5.740000e+00 2.770000e+00 6.990317e-01
      vertex 5.950000e+00 1.200000e+00 6.990317e-01
    endloop
  endfacet
  facet normal 1.000000e+00 0.000000e+00 0.000000e+00
    outer loop
      vertex 5.950000e+00 1.200000e+00 6.990317e-01
      vertex 5.740000e+00 2.770000e+00 6.990317e-01
      vertex 5.540000e+00 2.770000e+00 6.990317e-01
    endloop
  endfacet
  facet normal 1.000000e+00 0.000000e+00 0.000000e+00
    outer loop
      vertex 5.740000e+00 2.770000e+00 6.990317e-01
      vertex 5.740000e+00 2.870000e+00 6.990317e-01
      vertex 5.540000e+00 2.770000e+00 6.990317e-01
    endloop
  endfacet
  facet normal 1.000000e+00 0.000000e+00 0.000000e+00
    outer loop
      vertex 5.540000e+00 2.770000e+00 6.990317e-01
      vertex 5.740000e+00 2.870000e+00 6.990317e-01
      vertex 5.540000e+00 2.870000e+00 6.990317e-01
    endloop
  endfacet
  facet normal -1.000000e+00 0.000000e+00 0.000000e+00
    outer loop
      vertex 5.740000e+00 2.770000e+00 5.990317e-01
      vertex 6.250000e+00 1.200000e+00 5.990317e-01
      vertex 5.950000e+00 1.200000e+00 5.990317e-01
    endloop
  endfacet
  facet normal -1.000000e+00 0.000000e+00 0.000000e+00
    outer loop
      vertex 5.950000e+00 1.200000e+00 5.990317e-01
      vertex 6.250000e+00 1.200000e+00 5.990317e-01
      vertex 6.250000e+00 9.500000e-01 5.990317e-01
    endloop
  endfacet
  facet normal -1.000000e+00 0.000000e+00 0.000000e+00
    outer loop
      vertex 5.950000e+00 1.200000e+00 5.990317e-01
      vertex 6.250000e+00 9.500000e-01 5.990317e-01
      vertex 5.950000e+00 9.500000e-01 5.990317e-01
    endloop
  endfacet
  facet normal -1.000000e+00 0.000000e+00 0.000000e+00
    outer loop
      vertex 5.950000e+00 1.200000e+00 5.990317e-01
      vertex 5.540000e+00 2.770000e+00 5.990317e-01
      vertex 5.740000e+00 2.770000e+00 5.990317e-01
    endloop
  endfacet
  facet normal -1.000000e+00 0.000000e+00 0.000000e+00
    outer loop
      vertex 5.740000e+00 2.770000e+00 5.990317e-01
      vertex 5.540000e+00 2.770000e+00 5.990317e-01
      vertex 5.540000e+00 2.870000e+00 5.990317e-01
    endloop
  endfacet
  facet normal -1.000000e+00 0.000000e+00 0.000000e+00
    outer loop
      vertex 5.740000e+00 2.770000e+00 5.990317e-01
      vertex 5.540000e+00 2.870000e+00 5.990317e-01
      vertex 5.740000e+00 2.870000e+00 5.990317e-01
    endloop
  endfacet
  facet normal 0.000000e+00 0.000000e+00 0.000000e+00
    outer loop
      vertex 6.250000e+00 9.500000e-01 5.990317e-01
      vertex 6.250000e+00 9.500000e-01 1.024032e+00
      vertex 5.950000e+00 9.500000e-01 5.990317e-01
    endloop
  endfacet
  facet normal 0.000000e+00 0.000000e+00 0.000000e+00
    outer loop
      vertex 5.950000e+00 9.500000e-01 5.990317e-01
      vertex 6.250000e+00 9.500000e-01 1.024032e+00
      vertex 5.950000e+00 9.500000e-01 1.024032e+00
    endloop
  endfacet
  facet normal 1.000000e+00 0.000000e+00 0.000000e+00
    outer loop
      vertex 5.950000e+00 1.050000e+00 1.124032e+00
      vertex 5.950000e+00 -3.000000e-01 1.124032e+00
      vertex 6.250000e+00 1.050000e+00 1.124032e+00
    endloop
  endfacet
  facet normal 1.000000e+00 0.000000e+00 0.000000e+00
    outer loop
      vertex 6.250000e+00 1.050000e+00 1.124032e+00
      vertex 5.950000e+00 -3.000000e-01 1.124032e+00
      vertex 6.250000e+00 -3.000000e-01 1.124032e+00
    endloop
  endfacet
  facet normal 9.486833e-01 0.000000e+00 0.000000e+00
    outer loop
      vertex 5.950000e+00 -3.000000e-01 1.124032e+00
      vertex 5.950000e+00 -6.000000e-01 1.024032e+00
      vertex 6.250000e+00 -3.000000e-01 1.124032e+00
    endloop
  endfacet
  facet normal 9.486833e-01 0.000000e+00 0.000000e+00
    outer loop
      vertex 6.250000e+00 -3.000000e-01 1.124032e+00
      vertex 5.950000e+00 -6.000000e-01 1.024032e+00
      vertex 6.250000e+00 -6.000000e-01 1.024032e+00
    endloop
  endfacet
  facet normal 7.124705e-02 0.000000e+00 0.000000e+00
    outer loop
      vertex 5.950000e+00 -6.000000e-01 1.024032e+00
      vertex 5.950000e+00 -7.000000e-01 -3.759683e-01
      vertex 6.250000e+00 -6.000000e-01 1.024032e+00
    endloop
  endfacet
  facet normal 7.124705e-02 0.000000e+00 0.000000e+00
    outer loop
      vertex 6.250000e+00 -6.000000e-01 1.024032e+00
      vertex 5.950000e+00 -7.000000e-01 -3.759683e-01
      vertex 6.250000e+00 -7.000000e-01 -3.759683e-01
    endloop
  endfacet
  facet normal 1.000000e+00 0.000000e+00 0.000000e+00
    outer loop
      vertex 5.950000e+00 -7.000000e-01 -3.759683e-01
      vertex 5.950000e+00 -1.000000e+00 -3.759683e-01
      vertex 6.250000e+00 -7.000000e-01 -3.759683e-01
    endloop
  endfacet
  facet normal 1.000000e+00 0.000000e+00 0.000000e+00
    outer loop
      vertex 6.250000e+00 -7.000000e-01 -3.759683e-01
      vertex 5.950000e+00 -1.000000e+00 -3.759683e-01
      vertex 6.250000e+00 -1.000000e+00 -3.759683e-01
    endloop
  endfacet
  facet normal 0.000000e+00 0.000000e+00 0.000000e+00
    outer loop
      vertex 5.950000e+00 -1.000000e+00 -3.759683e-01
      vertex 5.950000e+00 -1.000000e+00 -4.759683e-01
      vertex 6.250000e+00 -1.000000e+00 -3.759683e-01
    endloop
  endfacet
  facet normal 0.000000e+00 0.000000e+00 0.000000e+00
    outer loop
      vertex 6.250000e+00 -1.000000e+00 -3.759683e-01
      vertex 5.950000e+00 -1.000000e+00 -4.759683e-01
      vertex 6.250000e+00 -1.000000e+00 -4.759683e-01
    endloop
  endfacet
  facet normal -1.000000e+00 0.000000e+00 0.000000e+00
    outer loop
      vertex 5.950000e+00 -1.000000e+00 -4.759683e-01
      vertex 5.950000e+00 -6.000000e-01 -4.759683e-01
      vertex 6.250000e+00 -1.000000e+00 -4.759683e-01
    endloop
  endfacet
  facet normal -1.000000e+00 0.000000e+00 0.000000e+00
    outer loop
      vertex 6.250000e+00 -1.000000e+00 -4.759683e-01
      vertex 5.950000e+00 -6.000000e-01 -4.759683e-01
      vertex 6.250000e+00 -6.000000e-01 -4.759683e-01
    endloop
  endfacet
  facet normal -7.024856e-02 0.000000e+00 0.000000e+00
    outer loop
      vertex 5.950000e+00 -6.000000e-01 -4.759683e-01
      vertex 5.950000e+00 -5.000000e-01 9.440317e-01
      vertex 6.250000e+00 -6.000000e-01 -4.759683e-01
    endloop
  endfacet
  facet normal -7.024856e-02 0.000000e+00 0.000000e+00
    outer loop
      vertex 6.250000e+00 -6.000000e-01 -4.759683e-01
      vertex 5.950000e+00 -5.000000e-01 9.440317e-01
      vertex 6.250000e+00 -5.000000e-01 9.440317e-01
    endloop
  endfacet
  facet normal -9.397934e-01 0.000000e+00 0.000000e+00
    outer loop
      vertex 5.950000e+00 -5.000000e-01 9.440317e-01
      vertex 5.950000e+00 -2.800000e-01 1.024032e+00
      vertex 6.250000e+00 -5.000000e-01 9.440317e-01
    endloop
  endfacet
  facet normal -9.397934e-01 0.000000e+00 0.000000e+00
    outer loop
      vertex 6.250000e+00 -5.000000e-01 9.440317e-01
      vertex 5.950000e+00 -2.800000e-01 1.024032e+00
      vertex 6.250000e+00 -2.800000e-01 1.024032e+00
    endloop
  endfacet
  facet normal -1.000000e+00 0.000000e+00 0.000000e+00
    outer loop
      vertex 5.950000e+00 -2.800000e-01 1.024032e+00
      vertex 5.950000e+00 9.500000e-01 1.024032e+00
      vertex 6.250000e+00 -2.800000e-01 1.024032e+00
    endloop
  endfacet
  facet normal -1.000000e+00 0.000000e+00 0.000000e+00
    outer loop
      vertex 6.250000e+00 -2.800000e-01 1.024032e+00
      vertex 5.950000e+00 9.500000e-01 1.024032e+00
      vertex 6.250000e+00 9.500000e-01 1.024032e+00
    endloop
  endfacet
  facet normal 1.502787e-31 0.000000e+00 0.000000e+00
    outer loop
      vertex 5.950000e+00 1.050000e+00 1.124032e+00
      vertex 5.950000e+00 9.500000e-01 1.024032e+00
      vertex 5.950000e+00 -3.000000e-01 1.124032e+00
    endloop
  endfacet
  facet normal 1.502787e-31 0.000000e+00 0.000000e+00
    outer loop
      vertex 5.950000e+00 -3.000000e-01 1.124032e+00
      vertex 5.950000e+00 9.500000e-01 1.024032e+00
      vertex 5.950000e+00 -2.800000e-01 1.024032e+00
    endloop
  endfacet
  facet normal 1.502787e-31 0.000000e+00 0.000000e+00
    outer loop
      vertex 5.950000e+00 -3.000000e-01 1.124032e+00
      vertex 5.950000e+00 -2.800000e-01 1.024032e+00
      vertex 5.950000e+00 -5.000000e-01 9.440317e-01
    endloop
  endfacet
  facet normal 1.502787e-31 0.000000e+00 0.000000e+00
    outer loop
      vertex 5.950000e+00 1.050000e+00 1.124032e+00
      vertex 5.950000e+00 1.050000e+00 6.990317e-01
      vertex 5.950000e+00 9.500000e-01 1.024032e+00
    endloop
  endfacet
  facet normal 1.502787e-31 0.000000e+00 0.000000e+00
    outer loop
      vertex 5.950000e+00 9.500000e-01 1.024032e+00
      vertex 5.950000e+00 1.050000e+00 6.990317e-01
      vertex 5.950000e+00 9.500000e-01 5.990317e-01
    endloop
  endfacet
  facet normal 1.502787e-31 0.000000e+00 0.000000e+00
    outer loop
      vertex 5.950000e+00 1.200000e+00 6.990317e-01
      vertex 5.950000e+00 1.200000e+00 5.990317e-01
      vertex 5.950000e+00 1.050000e+00 6.990317e-01
    endloop
  endfacet
  facet normal 1.502787e-31 0.000000e+00 0.000000e+00
    outer loop
      vertex 5.950000e+00 1.050000e+00 6.990317e-01
      vertex 5.950000e+00 1.200000e+00 5.990317e-01
      vertex 5.950000e+00 9.500000e-01 5.990317e-01
    endloop
  endfacet
  facet normal 1.502787e-31 0.000000e+00 0.000000e+00
    outer loop
      vertex 5.950000e+00 -6.000000e-01 -4.759683e-01
      vertex 5.950000e+00 -7.000000e-01 -3.759683e-01
      vertex 5.950000e+00 -5.000000e-01 9.440317e-01
    endloop
  endfacet
  facet normal 1.502787e-31 0.000000e+00 0.000000e+00
    outer loop
      vertex 5.950000e+00 -5.000000e-01 9.440317e-01
      vertex 5.950000e+00 -7.000000e-01 -3.759683e-01
      vertex 5.950000e+00 -6.000000e-01 1.024032e+00
    endloop
  endfacet
  facet normal 1.502787e-31 0.000000e+00 0.000000e+00
    outer loop
      vertex 5.950000e+00 -5.000000e-01 9.440317e-01
      vertex 5.950000e+00 -6.000000e-01 1.024032e+00
      vertex 5.950000e+00 -3.000000e-01 1.124032e+00
    endloop
  endfacet
  facet normal 1.502787e-31 0.000000e+00 0.000000e+00
    outer loop
      vertex 5.950000e+00 -6.000000e-01 -4.759683e-01
      vertex 5.950000e+00 -1.000000e+00 -4.759683e-01
      vertex 5.950000e+00 -7.000000e-01 -3.759683e-01
    endloop
  endfacet
  facet normal 1.502787e-31 0.000000e+00 0.000000e+00
    outer loop
      vertex 5.950000e+00 -7.000000e-01 -3.759683e-01
      vertex 5.950000e+00 -1.000000e+00 -4.759683e-01
      vertex 5.950000e+00 -1.000000e+00 -3.759683e-01
    endloop
  endfacet
  facet normal -1.502787e-31 0.000000e+00 0.000000e+00
    outer loop
      vertex 6.250000e+00 1.050000e+00 6.990317e-01
      vertex 6.250000e+00 1.050000e+00 1.124032e+00
      vertex 6.250000e+00 9.500000e-01 1.024032e+00
    endloop
  endfacet
  facet normal -1.502787e-31 0.000000e+00 0.000000e+00
    outer loop
      vertex 6.250000e+00 9.500000e-01 1.024032e+00
      vertex 6.250000e+00 1.050000e+00 1.124032e+00
      vertex 6.250000e+00 -3.000000e-01 1.124032e+00
    endloop
  endfacet
  facet normal -1.502787e-31 0.000000e+00 0.000000e+00
    outer loop
      vertex 6.250000e+00 9.500000e-01 1.024032e+00
      vertex 6.250000e+00 -3.000000e-01 1.124032e+00
      vertex 6.250000e+00 -2.800000e-01 1.024032e+00
    endloop
  endfacet
  facet normal -1.502787e-31 0.000000e+00 0.000000e+00
    outer loop
      vertex 6.250000e+00 -2.800000e-01 1.024032e+00
      vertex 6.250000e+00 -3.000000e-01 1.124032e+00
      vertex 6.250000e+00 -5.000000e-01 9.440317e-01
    endloop
  endfacet
  facet normal -1.502787e-31 0.000000e+00 0.000000e+00
    outer loop
      vertex 6.250000e+00 -3.000000e-01 1.124032e+00
      vertex 6.250000e+00 -6.000000e-01 1.024032e+00
      vertex 6.250000e+00 -5.000000e-01 9.440317e-01
    endloop
  endfacet
  facet normal -1.502787e-31 0.000000e+00 0.000000e+00
    outer loop
      vertex 6.250000e+00 -5.000000e-01 9.440317e-01
      vertex 6.250000e+00 -6.000000e-01 1.024032e+00
      vertex 6.250000e+00 -7.000000e-01 -3.759683e-01
    endloop
  endfacet
  facet normal -1.502787e-31 0.000000e+00 0.000000e+00
    outer loop
      vertex 6.250000e+00 -5.000000e-01 9.440317e-01
      vertex 6.250000e+00 -7.000000e-01 -3.759683e-01
      vertex 6.250000e+00 -6.000000e-01 -4.759683e-01
    endloop
  endfacet
  facet normal -1.502787e-31 0.000000e+00 0.000000e+00
    outer loop
      vertex 6.250000e+00 -6.000000e-01 -4.759683e-01
      vertex 6.250000e+00 -7.000000e-01 -3.759683e-01
      vertex 6.250000e+00 -1.000000e+00 -4.759683e-01
    endloop
  endfacet
  facet normal -1.502787e-31 0.000000e+00 0.000000e+00
    outer loop
      vertex 6.250000e+00 -7.000000e-01 -3.759683e-01
      vertex 6.250000e+00 -1.000000e+00 -3.759683e-01
      vertex 6.250000e+00 -1.000000e+00 -4.759683e-01
    endloop
  endfacet
  facet normal -1.502787e-31 0.000000e+00 0.000000e+00
    outer loop
      vertex 6.250000e+00 9.500000e-01 1.024032e+00
      vertex 6.250000e+00 9.500000e-01 5.990317e-01
      vertex 6.250000e+00 1.050000e+00 6.990317e-01
    endloop
  endfacet
  facet normal -1.502787e-31 0.000000e+00 0.000000e+00
    outer loop
      vertex 6.250000e+00 1.050000e+00 6.990317e-01
      vertex 6.250000e+00 9.500000e-01 5.990317e-01
      vertex 6.250000e+00 1.200000e+00 5.990317e-01
    endloop
  endfacet
  facet normal -1.502787e-31 0.000000e+00 0.000000e+00
    outer loop
      vertex 6.250000e+00 1.050000e+00 6.990317e-01
      vertex 6.250000e+00 1.200000e+00 5.990317e-01
      vertex 6.250000e+00 1.200000e+00 6.990317e-01
    endloop
  endfacet
endsolid PEC:Pin_8_2
solid PEC:Pin_8_3
  facet normal 0.000000e+00 0.000000e+00 0.000000e+00
    outer loop
      vertex 7.130000e+00 5.540000e+00 6.990317e-01
      vertex 7.130000e+00 5.740000e+00 6.990317e-01
      vertex 7.130000e+00 5.540000e+00 5.990317e-01
    endloop
  endfacet
  facet normal 0.000000e+00 0.000000e+00 0.000000e+00
    outer loop
      vertex 7.130000e+00 5.540000e+00 5.990317e-01
      vertex 7.130000e+00 5.740000e+00 6.990317e-01
      vertex 7.130000e+00 5.740000e+00 5.990317e-01
    endloop
  endfacet
  facet normal -0.000000e+00 0.000000e+00 0.000000e+00
    outer loop
      vertex 7.130000e+00 5.740000e+00 6.990317e-01
      vertex 7.230000e+00 5.740000e+00 6.990317e-01
      vertex 7.130000e+00 5.740000e+00 5.990317e-01
    endloop
  endfacet
  facet normal -0.000000e+00 0.000000e+00 0.000000e+00
    outer loop
      vertex 7.130000e+00 5.740000e+00 5.990317e-01
      vertex 7.230000e+00 5.740000e+00 6.990317e-01
      vertex 7.230000e+00 5.740000e+00 5.990317e-01
    endloop
  endfacet
  facet normal -0.000000e+00 0.000000e+00 0.000000e+00
    outer loop
      vertex 7.130000e+00 5.540000e+00 5.990317e-01
      vertex 7.230000e+00 5.540000e+00 5.990317e-01
      vertex 7.130000e+00 5.540000e+00 6.990317e-01
    endloop
  endfacet
  facet normal -0.000000e+00 0.000000e+00 0.000000e+00
    outer loop
      vertex 7.130000e+00 5.540000e+00 6.990317e-01
      vertex 7.230000e+00 5.540000e+00 5.990317e-01
      vertex 7.230000e+00 5.540000e+00 6.990317e-01
    endloop
  endfacet
  facet normal 0.000000e+00 0.000000e+00 0.000000e+00
    outer loop
      vertex 7.230000e+00 5.540000e+00 6.990317e-01
      vertex 7.230000e+00 5.540000e+00 5.990317e-01
      vertex 8.800000e+00 5.950000e+00 6.990317e-01
    endloop
  endfacet
  facet normal 0.000000e+00 0.000000e+00 0.000000e+00
    outer loop
      vertex 8.800000e+00 5.950000e+00 6.990317e-01
      vertex 7.230000e+00 5.540000e+00 5.990317e-01
      vertex 8.800000e+00 5.950000e+00 5.990317e-01
    endloop
  endfacet
  facet normal 0.000000e+00 0.000000e+00 0.000000e+00
    outer loop
      vertex 7.230000e+00 5.740000e+00 5.990317e-01
      vertex 7.230000e+00 5.740000e+00 6.990317e-01
      vertex 8.800000e+00 6.250000e+00 5.990317e-01
    endloop
  endfacet
  facet normal 0.000000e+00 0.000000e+00 0.000000e+00
    outer loop
      vertex 8.800000e+00 6.250000e+00 5.990317e-01
      vertex 7.230000e+00 5.740000e+00 6.990317e-01
      vertex 8.800000e+00 6.250000e+00 6.990317e-01
    endloop
  endfacet
  facet normal 0.000000e+00 0.000000e+00 0.000000e+00
    outer loop
      vertex 8.950000e+00 6.250000e+00 1.124032e+00
      vertex 8.950000e+00 6.250000e+00 6.990317e-01
      vertex 8.950000e+00 5.950000e+00 1.124032e+00
    endloop
  endfacet
  facet normal 0.000000e+00 0.000000e+00 0.000000e+00
    outer loop
      vertex 8.950000e+00 5.950000e+00 1.124032e+00
      vertex 8.950000e+00 6.250000e+00 6.990317e-01
      vertex 8.950000e+00 5.950000e+00 6.990317e-01
    endloop
  endfacet
  facet normal 1.000000e+00 0.000000e+00 0.000000e+00
    outer loop
      vertex 8.950000e+00 6.250000e+00 6.990317e-01
      vertex 8.800000e+00 6.250000e+00 6.990317e-01
      vertex 8.950000e+00 5.950000e+00 6.990317e-01
    endloop
  endfacet
  facet normal 1.000000e+00 0.000000e+00 0.000000e+00
    outer loop
      vertex 8.950000e+00 5.950000e+00 6.990317e-01
      vertex 8.800000e+00 6.250000e+00 6.990317e-01
      vertex 8.800000e+00 5.950000e+00 6.990317e-01
    endloop
  endfacet
  facet normal 1.000000e+00 0.000000e+00 0.000000e+00
    outer loop
      vertex 8.800000e+00 6.250000e+00 6.990317e-01
      vertex 7.230000e+00 5.740000e+00 6.990317e-01
      vertex 8.800000e+00 5.950000e+00 6.990317e-01
    endloop
  endfacet
  facet normal 1.000000e+00 0.000000e+00 0.000000e+00
    outer loop
      vertex 8.800000e+00 5.950000e+00 6.990317e-01
      vertex 7.230000e+00 5.740000e+00 6.990317e-01
      vertex 7.230000e+00 5.540000e+00 6.990317e-01
    endloop
  endfacet
  facet normal 1.000000e+00 0.000000e+00 0.000000e+00
    outer loop
      vertex 7.230000e+00 5.740000e+00 6.990317e-01
      vertex 7.130000e+00 5.740000e+00 6.990317e-01
      vertex 7.230000e+00 5.540000e+00 6.990317e-01
    endloop
  endfacet
  facet normal 1.000000e+00 0.000000e+00 0.000000e+00
    outer loop
      vertex 7.230000e+00 5.540000e+00 6.990317e-01
      vertex 7.130000e+00 5.740000e+00 6.990317e-01
      vertex 7.130000e+00 5.540000e+00 6.990317e-01
    endloop
  endfacet
  facet normal -1.000000e+00 0.000000e+00 0.000000e+00
    outer loop
      vertex 7.230000e+00 5.740000e+00 5.990317e-01
      vertex 8.800000e+00 6.250000e+00 5.990317e-01
      vertex 8.800000e+00 5.950000e+00 5.990317e-01
    endloop
  endfacet
  facet normal -1.000000e+00 0.000000e+00 0.000000e+00
    outer loop
      vertex 8.800000e+00 5.950000e+00 5.990317e-01
      vertex 8.800000e+00 6.250000e+00 5.990317e-01
      vertex 9.050000e+00 6.250000e+00 5.990317e-01
    endloop
  endfacet
  facet normal -1.000000e+00 0.000000e+00 0.000000e+00
    outer loop
      vertex 8.800000e+00 5.950000e+00 5.990317e-01
      vertex 9.050000e+00 6.250000e+00 5.990317e-01
      vertex 9.050000e+00 5.950000e+00 5.990317e-01
    endloop
  endfacet
  facet normal -1.000000e+00 0.000000e+00 0.000000e+00
    outer loop
      vertex 8.800000e+00 5.950000e+00 5.990317e-01
      vertex 7.230000e+00 5.540000e+00 5.990317e-01
      vertex 7.230000e+00 5.740000e+00 5.990317e-01
    endloop
  endfacet
  facet normal -1.000000e+00 0.000000e+00 0.000000e+00
    outer loop
      vertex 7.230000e+00 5.740000e+00 5.990317e-01
      vertex 7.230000e+00 5.540000e+00 5.990317e-01
      vertex 7.130000e+00 5.540000e+00 5.990317e-01
    endloop
  endfacet
  facet normal -1.000000e+00 0.000000e+00 0.000000e+00
    outer loop
      vertex 7.230000e+00 5.740000e+00 5.990317e-01
      vertex 7.130000e+00 5.540000e+00 5.990317e-01
      vertex 7.130000e+00 5.740000e+00 5.990317e-01
    endloop
  endfacet
  facet normal 0.000000e+00 0.000000e+00 0.000000e+00
    outer loop
      vertex 9.050000e+00 6.250000e+00 5.990317e-01
      vertex 9.050000e+00 6.250000e+00 1.024032e+00
      vertex 9.050000e+00 5.950000e+00 5.990317e-01
    endloop
  endfacet
  facet normal 0.000000e+00 0.000000e+00 0.000000e+00
    outer loop
      vertex 9.050000e+00 5.950000e+00 5.990317e-01
      vertex 9.050000e+00 6.250000e+00 1.024032e+00
      vertex 9.050000e+00 5.950000e+00 1.024032e+00
    endloop
  endfacet
  facet normal 1.000000e+00 0.000000e+00 0.000000e+00
    outer loop
      vertex 8.950000e+00 5.950000e+00 1.124032e+00
      vertex 1.030000e+01 5.950000e+00 1.124032e+00
      vertex 8.950000e+00 6.250000e+00 1.124032e+00
    endloop
  endfacet
  facet normal 1.000000e+00 0.000000e+00 0.000000e+00
    outer loop
      vertex 8.950000e+00 6.250000e+00 1.124032e+00
      vertex 1.030000e+01 5.950000e+00 1.124032e+00
      vertex 1.030000e+01 6.250000e+00 1.124032e+00
    endloop
  endfacet
  facet normal 9.486833e-01 0.000000e+00 0.000000e+00
    outer loop
      vertex 1.030000e+01 5.950000e+00 1.124032e+00
      vertex 1.060000e+01 5.950000e+00 1.024032e+00
      vertex 1.030000e+01 6.250000e+00 1.124032e+00
    endloop
  endfacet
  facet normal 9.486833e-01 0.000000e+00 0.000000e+00
    outer loop
      vertex 1.030000e+01 6.250000e+00 1.124032e+00
      vertex 1.060000e+01 5.950000e+00 1.024032e+00
      vertex 1.060000e+01 6.250000e+00 1.024032e+00
    endloop
  endfacet
  facet normal 7.124705e-02 0.000000e+00 0.000000e+00
    outer loop
      vertex 1.060000e+01 5.950000e+00 1.024032e+00
      vertex 1.070000e+01 5.950000e+00 -3.759683e-01
      vertex 1.060000e+01 6.250000e+00 1.024032e+00
    endloop
  endfacet
  facet normal 7.124705e-02 0.000000e+00 0.000000e+00
    outer loop
      vertex 1.060000e+01 6.250000e+00 1.024032e+00
      vertex 1.070000e+01 5.950000e+00 -3.759683e-01
      vertex 1.070000e+01 6.250000e+00 -3.759683e-01
    endloop
  endfacet
  facet normal 1.000000e+00 0.000000e+00 0.000000e+00
    outer loop
      vertex 1.070000e+01 5.950000e+00 -3.759683e-01
      vertex 1.100000e+01 5.950000e+00 -3.759683e-01
      vertex 1.070000e+01 6.250000e+00 -3.759683e-01
    endloop
  endfacet
  facet normal 1.000000e+00 0.000000e+00 0.000000e+00
    outer loop
      vertex 1.070000e+01 6.250000e+00 -3.759683e-01
      vertex 1.100000e+01 5.950000e+00 -3.759683e-01
      vertex 1.100000e+01 6.250000e+00 -3.759683e-01
    endloop
  endfacet
  facet normal 0.000000e+00 0.000000e+00 0.000000e+00
    outer loop
      vertex 1.100000e+01 5.950000e+00 -3.759683e-01
      vertex 1.100000e+01 5.950000e+00 -4.759683e-01
      vertex 1.100000e+01 6.250000e+00 -3.759683e-01
    endloop
  endfacet
  facet normal 0.000000e+00 0.000000e+00 0.000000e+00
    outer loop
      vertex 1.100000e+01 6.250000e+00 -3.759683e-01
      vertex 1.100000e+01 5.950000e+00 -4.759683e-01
      vertex 1.100000e+01 6.250000e+00 -4.759683e-01
    endloop
  endfacet
  facet normal -1.000000e+00 0.000000e+00 0.000000e+00
    outer loop
      vertex 1.100000e+01 5.950000e+00 -4.759683e-01
      vertex 1.060000e+01 5.950000e+00 -4.759683e-01
      vertex 1.100000e+01 6.250000e+00 -4.759683e-01
    endloop
  endfacet
  facet normal -1.000000e+00 0.000000e+00 0.000000e+00
    outer loop
      vertex 1.100000e+01 6.250000e+00 -4.759683e-01
      vertex 1.060000e+01 5.950000e+00 -4.759683e-01
      vertex 1.060000e+01 6.250000e+00 -4.759683e-01
    endloop
  endfacet
  facet normal -7.024856e-02 0.000000e+00 0.000000e+00
    outer loop
      vertex 1.060000e+01 5.950000e+00 -4.759683e-01
      vertex 1.050000e+01 5.950000e+00 9.440317e-01
      vertex 1.060000e+01 6.250000e+00 -4.759683e-01
    endloop
  endfacet
  facet normal -7.024856e-02 0.000000e+00 0.000000e+00
    outer loop
      vertex 1.060000e+01 6.250000e+00 -4.759683e-01
      vertex 1.050000e+01 5.950000e+00 9.440317e-01
      vertex 1.050000e+01 6.250000e+00 9.440317e-01
    endloop
  endfacet
  facet normal -9.397934e-01 0.000000e+00 0.000000e+00
    outer loop
      vertex 1.050000e+01 5.950000e+00 9.440317e-01
      vertex 1.028000e+01 5.950000e+00 1.024032e+00
      vertex 1.050000e+01 6.250000e+00 9.440317e-01
    endloop
  endfacet
  facet normal -9.397934e-01 0.000000e+00 0.000000e+00
    outer loop
      vertex 1.050000e+01 6.250000e+00 9.440317e-01
      vertex 1.028000e+01 5.950000e+00 1.024032e+00
      vertex 1.028000e+01 6.250000e+00 1.024032e+00
    endloop
  endfacet
  facet normal -1.000000e+00 0.000000e+00 0.000000e+00
    outer loop
      vertex 1.028000e+01 5.950000e+00 1.024032e+00
      vertex 9.050000e+00 5.950000e+00 1.024032e+00
      vertex 1.028000e+01 6.250000e+00 1.024032e+00
    endloop
  endfacet
  facet normal -1.000000e+00 0.000000e+00 0.000000e+00
    outer loop
      vertex 1.028000e+01 6.250000e+00 1.024032e+00
      vertex 9.050000e+00 5.950000e+00 1.024032e+00
      vertex 9.050000e+00 6.250000e+00 1.024032e+00
    endloop
  endfacet
  facet normal 1.502787e-31 0.000000e+00 0.000000e+00
    outer loop
      vertex 8.950000e+00 5.950000e+00 1.124032e+00
      vertex 9.050000e+00 5.950000e+00 1.024032e+00
      vertex 1.030000e+01 5.950000e+00 1.124032e+00
    endloop
  endfacet
  facet normal 1.502787e-31 0.000000e+00 0.000000e+00
    outer loop
      vertex 1.030000e+01 5.950000e+00 1.124032e+00
      vertex 9.050000e+00 5.950000e+00 1.024032e+00
      vertex 1.028000e+01 5.950000e+00 1.024032e+00
    endloop
  endfacet
  facet normal 1.502787e-31 0.000000e+00 0.000000e+00
    outer loop
      vertex 1.030000e+01 5.950000e+00 1.124032e+00
      vertex 1.028000e+01 5.950000e+00 1.024032e+00
      vertex 1.050000e+01 5.950000e+00 9.440317e-01
    endloop
  endfacet
  facet normal 1.502787e-31 0.000000e+00 0.000000e+00
    outer loop
      vertex 8.950000e+00 5.950000e+00 1.124032e+00
      vertex 8.950000e+00 5.950000e+00 6.990317e-01
      vertex 9.050000e+00 5.950000e+00 1.024032e+00
    endloop
  endfacet
  facet normal 1.502787e-31 0.000000e+00 0.000000e+00
    outer loop
      vertex 9.050000e+00 5.950000e+00 1.024032e+00
      vertex 8.950000e+00 5.950000e+00 6.990317e-01
      vertex 9.050000e+00 5.950000e+00 5.990317e-01
    endloop
  endfacet
  facet normal 1.502787e-31 0.000000e+00 0.000000e+00
    outer loop
      vertex 8.800000e+00 5.950000e+00 6.990317e-01
      vertex 8.800000e+00 5.950000e+00 5.990317e-01
      vertex 8.950000e+00 5.950000e+00 6.990317e-01
    endloop
  endfacet
  facet normal 1.502787e-31 0.000000e+00 0.000000e+00
    outer loop
      vertex 8.950000e+00 5.950000e+00 6.990317e-01
      vertex 8.800000e+00 5.950000e+00 5.990317e-01
      vertex 9.050000e+00 5.950000e+00 5.990317e-01
    endloop
  endfacet
  facet normal 1.502787e-31 0.000000e+00 0.000000e+00
    outer loop
      vertex 1.060000e+01 5.950000e+00 -4.759683e-01
      vertex 1.070000e+01 5.950000e+00 -3.759683e-01
      vertex 1.050000e+01 5.950000e+00 9.440317e-01
    endloop
  endfacet
  facet normal 1.502787e-31 0.000000e+00 0.000000e+00
    outer loop
      vertex 1.050000e+01 5.950000e+00 9.440317e-01
      vertex 1.070000e+01 5.950000e+00 -3.759683e-01
      vertex 1.060000e+01 5.950000e+00 1.024032e+00
    endloop
  endfacet
  facet normal 1.502787e-31 0.000000e+00 0.000000e+00
    outer loop
      vertex 1.050000e+01 5.950000e+00 9.440317e-01
      vertex 1.060000e+01 5.950000e+00 1.024032e+00
      vertex 1.030000e+01 5.950000e+00 1.124032e+00
    endloop
  endfacet
  facet normal 1.502787e-31 0.000000e+00 0.000000e+00
    outer loop
      vertex 1.060000e+01 5.950000e+00 -4.759683e-01
      vertex 1.100000e+01 5.950000e+00 -4.759683e-01
      vertex 1.070000e+01 5.950000e+00 -3.759683e-01
    endloop
  endfacet
  facet normal 1.502787e-31 0.000000e+00 0.000000e+00
    outer loop
      vertex 1.070000e+01 5.950000e+00 -3.759683e-01
      vertex 1.100000e+01 5.950000e+00 -4.759683e-01
      vertex 1.100000e+01 5.950000e+00 -3.759683e-01
    endloop
  endfacet
  facet normal -1.502787e-31 0.000000e+00 0.000000e+00
    outer loop
      vertex 8.950000e+00 6.250000e+00 6.990317e-01
      vertex 8.950000e+00 6.250000e+00 1.124032e+00
      vertex 9.050000e+00 6.250000e+00 1.024032e+00
    endloop
  endfacet
  facet normal -1.502787e-31 0.000000e+00 0.000000e+00
    outer loop
      vertex 9.050000e+00 6.250000e+00 1.024032e+00
      vertex 8.950000e+00 6.250000e+00 1.124032e+00
      vertex 1.030000e+01 6.250000e+00 1.124032e+00
    endloop
  endfacet
  facet normal -1.502787e-31 0.000000e+00 0.000000e+00
    outer loop
      vertex 9.050000e+00 6.250000e+00 1.024032e+00
      vertex 1.030000e+01 6.250000e+00 1.124032e+00
      vertex 1.028000e+01 6.250000e+00 1.024032e+00
    endloop
  endfacet
  facet normal -1.502787e-31 0.000000e+00 0.000000e+00
    outer loop
      vertex 1.028000e+01 6.250000e+00 1.024032e+00
      vertex 1.030000e+01 6.250000e+00 1.124032e+00
      vertex 1.050000e+01 6.250000e+00 9.440317e-01
    endloop
  endfacet
  facet normal -1.502787e-31 0.000000e+00 0.000000e+00
    outer loop
      vertex 1.030000e+01 6.250000e+00 1.124032e+00
      vertex 1.060000e+01 6.250000e+00 1.024032e+00
      vertex 1.050000e+01 6.250000e+00 9.440317e-01
    endloop
  endfacet
  facet normal -1.502787e-31 0.000000e+00 0.000000e+00
    outer loop
      vertex 1.050000e+01 6.250000e+00 9.440317e-01
      vertex 1.060000e+01 6.250000e+00 1.024032e+00
      vertex 1.070000e+01 6.250000e+00 -3.759683e-01
    endloop
  endfacet
  facet normal -1.502787e-31 0.000000e+00 0.000000e+00
    outer loop
      vertex 1.050000e+01 6.250000e+00 9.440317e-01
      vertex 1.070000e+01 6.250000e+00 -3.759683e-01
      vertex 1.060000e+01 6.250000e+00 -4.759683e-01
    endloop
  endfacet
  facet normal -1.502787e-31 0.000000e+00 0.000000e+00
    outer loop
      vertex 1.060000e+01 6.250000e+00 -4.759683e-01
      vertex 1.070000e+01 6.250000e+00 -3.759683e-01
      vertex 1.100000e+01 6.250000e+00 -4.759683e-01
    endloop
  endfacet
  facet normal -1.502787e-31 0.000000e+00 0.000000e+00
    outer loop
      vertex 1.070000e+01 6.250000e+00 -3.759683e-01
      vertex 1.100000e+01 6.250000e+00 -3.759683e-01
      vertex 1.100000e+01 6.250000e+00 -4.759683e-01
    endloop
  endfacet
  facet normal -1.502787e-31 0.000000e+00 0.000000e+00
    outer loop
      vertex 9.050000e+00 6.250000e+00 1.024032e+00
      vertex 9.050000e+00 6.250000e+00 5.990317e-01
      vertex 8.950000e+00 6.250000e+00 6.990317e-01
    endloop
  endfacet
  facet normal -1.502787e-31 0.000000e+00 0.000000e+00
    outer loop
      vertex 8.950000e+00 6.250000e+00 6.990317e-01
      vertex 9.050000e+00 6.250000e+00 5.990317e-01
      vertex 8.800000e+00 6.250000e+00 5.990317e-01
    endloop
  endfacet
  facet normal -1.502787e-31 0.000000e+00 0.000000e+00
    outer loop
      vertex 8.950000e+00 6.250000e+00 6.990317e-01
      vertex 8.800000e+00 6.250000e+00 5.990317e-01
      vertex 8.800000e+00 6.250000e+00 6.990317e-01
    endloop
  endfacet
endsolid PEC:Pin_8_3
solid PEC:Pin_9_1
  facet normal 0.000000e+00 0.000000e+00 0.000000e+00
    outer loop
      vertex 2.870000e+00 4.140000e+00 6.990317e-01
      vertex 2.870000e+00 3.940000e+00 6.990317e-01
      vertex 2.870000e+00 4.140000e+00 5.990317e-01
    endloop
  endfacet
  facet normal 0.000000e+00 0.000000e+00 0.000000e+00
    outer loop
      vertex 2.870000e+00 4.140000e+00 5.990317e-01
      vertex 2.870000e+00 3.940000e+00 6.990317e-01
      vertex 2.870000e+00 3.940000e+00 5.990317e-01
    endloop
  endfacet
  facet normal -0.000000e+00 0.000000e+00 0.000000e+00
    outer loop
      vertex 2.870000e+00 3.940000e+00 6.990317e-01
      vertex 2.770000e+00 3.940000e+00 6.990317e-01
      vertex 2.870000e+00 3.940000e+00 5.990317e-01
    endloop
  endfacet
  facet normal -0.000000e+00 0.000000e+00 0.000000e+00
    outer loop
      vertex 2.870000e+00 3.940000e+00 5.990317e-01
      vertex 2.770000e+00 3.940000e+00 6.990317e-01
      vertex 2.770000e+00 3.940000e+00 5.990317e-01
    endloop
  endfacet
  facet normal -0.000000e+00 0.000000e+00 0.000000e+00
    outer loop
      vertex 2.870000e+00 4.140000e+00 5.990317e-01
      vertex 2.770000e+00 4.140000e+00 5.990317e-01
      vertex 2.870000e+00 4.140000e+00 6.990317e-01
    endloop
  endfacet
  facet normal -0.000000e+00 0.000000e+00 0.000000e+00
    outer loop
      vertex 2.870000e+00 4.140000e+00 6.990317e-01
      vertex 2.770000e+00 4.140000e+00 5.990317e-01
      vertex 2.770000e+00 4.140000e+00 6.990317e-01
    endloop
  endfacet
  facet normal 0.000000e+00 0.000000e+00 0.000000e+00
    outer loop
      vertex 2.770000e+00 4.140000e+00 6.990317e-01
      vertex 2.770000e+00 4.140000e+00 5.990317e-01
      vertex 1.200000e+00 3.500000e+00 6.990317e-01
    endloop
  endfacet
  facet normal 0.000000e+00 0.000000e+00 0.000000e+00
    outer loop
      vertex 1.200000e+00 3.500000e+00 6.990317e-01
      vertex 2.770000e+00 4.140000e+00 5.990317e-01
      vertex 1.200000e+00 3.500000e+00 5.990317e-01
    endloop
  endfacet
  facet normal 0.000000e+00 0.000000e+00 0.000000e+00
    outer loop
      vertex 2.770000e+00 3.940000e+00 5.990317e-01
      vertex 2.770000e+00 3.940000e+00 6.990317e-01
      vertex 1.200000e+00 3.200000e+00 5.990317e-01
    endloop
  endfacet
  facet normal 0.000000e+00 0.000000e+00 0.000000e+00
    outer loop
      vertex 1.200000e+00 3.200000e+00 5.990317e-01
      vertex 2.770000e+00 3.940000e+00 6.990317e-01
      vertex 1.200000e+00 3.200000e+00 6.990317e-01
    endloop
  endfacet
  facet normal 0.000000e+00 0.000000e+00 0.000000e+00
    outer loop
      vertex 1.050000e+00 3.200000e+00 1.124032e+00
      vertex 1.050000e+00 3.200000e+00 6.990317e-01
      vertex 1.050000e+00 3.500000e+00 1.124032e+00
    endloop
  endfacet
  facet normal 0.000000e+00 0.000000e+00 0.000000e+00
    outer loop
      vertex 1.050000e+00 3.500000e+00 1.124032e+00
      vertex 1.050000e+00 3.200000e+00 6.990317e-01
      vertex 1.050000e+00 3.500000e+00 6.990317e-01
    endloop
  endfacet
  facet normal 1.000000e+00 0.000000e+00 0.000000e+00
    outer loop
      vertex 1.050000e+00 3.200000e+00 6.990317e-01
      vertex 1.200000e+00 3.200000e+00 6.990317e-01
      vertex 1.050000e+00 3.500000e+00 6.990317e-01
    endloop
  endfacet
  facet normal 1.000000e+00 0.000000e+00 0.000000e+00
    outer loop
      vertex 1.050000e+00 3.500000e+00 6.990317e-01
      vertex 1.200000e+00 3.200000e+00 6.990317e-01
      vertex 1.200000e+00 3.500000e+00 6.990317e-01
    endloop
  endfacet
  facet normal 1.000000e+00 0.000000e+00 0.000000e+00
    outer loop
      vertex 1.200000e+00 3.200000e+00 6.990317e-01
      vertex 2.770000e+00 3.940000e+00 6.990317e-01
      vertex 1.200000e+00 3.500000e+00 6.990317e-01
    endloop
  endfacet
  facet normal 1.000000e+00 0.000000e+00 0.000000e+00
    outer loop
      vertex 1.200000e+00 3.500000e+00 6.990317e-01
      vertex 2.770000e+00 3.940000e+00 6.990317e-01
      vertex 2.770000e+00 4.140000e+00 6.990317e-01
    endloop
  endfacet
  facet normal 1.000000e+00 0.000000e+00 0.000000e+00
    outer loop
      vertex 2.770000e+00 3.940000e+00 6.990317e-01
      vertex 2.870000e+00 3.940000e+00 6.990317e-01
      vertex 2.770000e+00 4.140000e+00 6.990317e-01
    endloop
  endfacet
  facet normal 1.000000e+00 0.000000e+00 0.000000e+00
    outer loop
      vertex 2.770000e+00 4.140000e+00 6.990317e-01
      vertex 2.870000e+00 3.940000e+00 6.990317e-01
      vertex 2.870000e+00 4.140000e+00 6.990317e-01
    endloop
  endfacet
  facet normal -1.000000e+00 0.000000e+00 0.000000e+00
    outer loop
      vertex 2.770000e+00 3.940000e+00 5.990317e-01
      vertex 1.200000e+00 3.200000e+00 5.990317e-01
      vertex 1.200000e+00 3.500000e+00 5.990317e-01
    endloop
  endfacet
  facet normal -1.000000e+00 0.000000e+00 0.000000e+00
    outer loop
      vertex 1.200000e+00 3.500000e+00 5.990317e-01
      vertex 1.200000e+00 3.200000e+00 5.990317e-01
      vertex 9.500000e-01 3.200000e+00 5.990317e-01
    endloop
  endfacet
  facet normal -1.000000e+00 0.000000e+00 0.000000e+00
    outer loop
      vertex 1.200000e+00 3.500000e+00 5.990317e-01
      vertex 9.500000e-01 3.200000e+00 5.990317e-01
      vertex 9.500000e-01 3.500000e+00 5.990317e-01
    endloop
  endfacet
  facet normal -1.000000e+00 0.000000e+00 0.000000e+00
    outer loop
      vertex 1.200000e+00 3.500000e+00 5.990317e-01
      vertex 2.770000e+00 4.140000e+00 5.990317e-01
      vertex 2.770000e+00 3.940000e+00 5.990317e-01
    endloop
  endfacet
  facet normal -1.000000e+00 0.000000e+00 0.000000e+00
    outer loop
      vertex 2.770000e+00 3.940000e+00 5.990317e-01
      vertex 2.770000e+00 4.140000e+00 5.990317e-01
      vertex 2.870000e+00 4.140000e+00 5.990317e-01
    endloop
  endfacet
  facet normal -1.000000e+00 0.000000e+00 0.000000e+00
    outer loop
      vertex 2.770000e+00 3.940000e+00 5.990317e-01
      vertex 2.870000e+00 4.140000e+00 5.990317e-01
      vertex 2.870000e+00 3.940000e+00 5.990317e-01
    endloop
  endfacet
  facet normal 0.000000e+00 0.000000e+00 0.000000e+00
    outer loop
      vertex 9.500000e-01 3.200000e+00 5.990317e-01
      vertex 9.500000e-01 3.200000e+00 1.024032e+00
      vertex 9.500000e-01 3.500000e+00 5.990317e-01
    endloop
  endfacet
  facet normal 0.000000e+00 0.000000e+00 0.000000e+00
    outer loop
      vertex 9.500000e-01 3.500000e+00 5.990317e-01
      vertex 9.500000e-01 3.200000e+00 1.024032e+00
      vertex 9.500000e-01 3.500000e+00 1.024032e+00
    endloop
  endfacet
  facet normal 1.000000e+00 0.000000e+00 0.000000e+00
    outer loop
      vertex 1.050000e+00 3.500000e+00 1.124032e+00
      vertex -3.000000e-01 3.500000e+00 1.124032e+00
      vertex 1.050000e+00 3.200000e+00 1.124032e+00
    endloop
  endfacet
  facet normal 1.000000e+00 0.000000e+00 0.000000e+00
    outer loop
      vertex 1.050000e+00 3.200000e+00 1.124032e+00
      vertex -3.000000e-01 3.500000e+00 1.124032e+00
      vertex -3.000000e-01 3.200000e+00 1.124032e+00
    endloop
  endfacet
  facet normal 9.486833e-01 0.000000e+00 0.000000e+00
    outer loop
      vertex -3.000000e-01 3.500000e+00 1.124032e+00
      vertex -6.000000e-01 3.500000e+00 1.024032e+00
      vertex -3.000000e-01 3.200000e+00 1.124032e+00
    endloop
  endfacet
  facet normal 9.486833e-01 0.000000e+00 0.000000e+00
    outer loop
      vertex -3.000000e-01 3.200000e+00 1.124032e+00
      vertex -6.000000e-01 3.500000e+00 1.024032e+00
      vertex -6.000000e-01 3.200000e+00 1.024032e+00
    endloop
  endfacet
  facet normal 7.124705e-02 0.000000e+00 0.000000e+00
    outer loop
      vertex -6.000000e-01 3.500000e+00 1.024032e+00
      vertex -7.000000e-01 3.500000e+00 -3.759683e-01
      vertex -6.000000e-01 3.200000e+00 1.024032e+00
    endloop
  endfacet
  facet normal 7.124705e-02 0.000000e+00 0.000000e+00
    outer loop
      vertex -6.000000e-01 3.200000e+00 1.024032e+00
      vertex -7.000000e-01 3.500000e+00 -3.759683e-01
      vertex -7.000000e-01 3.200000e+00 -3.759683e-01
    endloop
  endfacet
  facet normal 1.000000e+00 0.000000e+00 0.000000e+00
    outer loop
      vertex -7.000000e-01 3.500000e+00 -3.759683e-01
      vertex -1.000000e+00 3.500000e+00 -3.759683e-01
      vertex -7.000000e-01 3.200000e+00 -3.759683e-01
    endloop
  endfacet
  facet normal 1.000000e+00 0.000000e+00 0.000000e+00
    outer loop
      vertex -7.000000e-01 3.200000e+00 -3.759683e-01
      vertex -1.000000e+00 3.500000e+00 -3.759683e-01
      vertex -1.000000e+00 3.200000e+00 -3.759683e-01
    endloop
  endfacet
  facet normal 0.000000e+00 0.000000e+00 0.000000e+00
    outer loop
      vertex -1.000000e+00 3.500000e+00 -3.759683e-01
      vertex -1.000000e+00 3.500000e+00 -4.759683e-01
      vertex -1.000000e+00 3.200000e+00 -3.759683e-01
    endloop
  endfacet
  facet normal 0.000000e+00 0.000000e+00 0.000000e+00
    outer loop
      vertex -1.000000e+00 3.200000e+00 -3.759683e-01
      vertex -1.000000e+00 3.500000e+00 -4.759683e-01
      vertex -1.000000e+00 3.200000e+00 -4.759683e-01
    endloop
  endfacet
  facet normal -1.000000e+00 0.000000e+00 0.000000e+00
    outer loop
      vertex -1.000000e+00 3.500000e+00 -4.759683e-01
      vertex -6.000000e-01 3.500000e+00 -4.759683e-01
      vertex -1.000000e+00 3.200000e+00 -4.759683e-01
    endloop
  endfacet
  facet normal -1.000000e+00 0.000000e+00 0.000000e+00
    outer loop
      vertex -1.000000e+00 3.200000e+00 -4.759683e-01
      vertex -6.000000e-01 3.500000e+00 -4.759683e-01
      vertex -6.000000e-01 3.200000e+00 -4.759683e-01
    endloop
  endfacet
  facet normal -7.024856e-02 0.000000e+00 0.000000e+00
    outer loop
      vertex -6.000000e-01 3.500000e+00 -4.759683e-01
      vertex -5.000000e-01 3.500000e+00 9.440317e-01
      vertex -6.000000e-01 3.200000e+00 -4.759683e-01
    endloop
  endfacet
  facet normal -7.024856e-02 0.000000e+00 0.000000e+00
    outer loop
      vertex -6.000000e-01 3.200000e+00 -4.759683e-01
      vertex -5.000000e-01 3.500000e+00 9.440317e-01
      vertex -5.000000e-01 3.200000e+00 9.440317e-01
    endloop
  endfacet
  facet normal -9.397934e-01 0.000000e+00 0.000000e+00
    outer loop
      vertex -5.000000e-01 3.500000e+00 9.440317e-01
      vertex -2.800000e-01 3.500000e+00 1.024032e+00
      vertex -5.000000e-01 3.200000e+00 9.440317e-01
    endloop
  endfacet
  facet normal -9.397934e-01 0.000000e+00 0.000000e+00
    outer loop
      vertex -5.000000e-01 3.200000e+00 9.440317e-01
      vertex -2.800000e-01 3.500000e+00 1.024032e+00
      vertex -2.800000e-01 3.200000e+00 1.024032e+00
    endloop
  endfacet
  facet normal -1.000000e+00 0.000000e+00 0.000000e+00
    outer loop
      vertex -2.800000e-01 3.500000e+00 1.024032e+00
      vertex 9.500000e-01 3.500000e+00 1.024032e+00
      vertex -2.800000e-01 3.200000e+00 1.024032e+00
    endloop
  endfacet
  facet normal -1.000000e+00 0.000000e+00 0.000000e+00
    outer loop
      vertex -2.800000e-01 3.200000e+00 1.024032e+00
      vertex 9.500000e-01 3.500000e+00 1.024032e+00
      vertex 9.500000e-01 3.200000e+00 1.024032e+00
    endloop
  endfacet
  facet normal 1.502787e-31 0.000000e+00 0.000000e+00
    outer loop
      vertex 1.050000e+00 3.500000e+00 1.124032e+00
      vertex 9.500000e-01 3.500000e+00 1.024032e+00
      vertex -3.000000e-01 3.500000e+00 1.124032e+00
    endloop
  endfacet
  facet normal 1.502787e-31 0.000000e+00 0.000000e+00
    outer loop
      vertex -3.000000e-01 3.500000e+00 1.124032e+00
      vertex 9.500000e-01 3.500000e+00 1.024032e+00
      vertex -2.800000e-01 3.500000e+00 1.024032e+00
    endloop
  endfacet
  facet normal 1.502787e-31 0.000000e+00 0.000000e+00
    outer loop
      vertex -3.000000e-01 3.500000e+00 1.124032e+00
      vertex -2.800000e-01 3.500000e+00 1.024032e+00
      vertex -5.000000e-01 3.500000e+00 9.440317e-01
    endloop
  endfacet
  facet normal 1.502787e-31 0.000000e+00 0.000000e+00
    outer loop
      vertex 1.050000e+00 3.500000e+00 1.124032e+00
      vertex 1.050000e+00 3.500000e+00 6.990317e-01
      vertex 9.500000e-01 3.500000e+00 1.024032e+00
    endloop
  endfacet
  facet normal 1.502787e-31 0.000000e+00 0.000000e+00
    outer loop
      vertex 9.500000e-01 3.500000e+00 1.024032e+00
      vertex 1.050000e+00 3.500000e+00 6.990317e-01
      vertex 9.500000e-01 3.500000e+00 5.990317e-01
    endloop
  endfacet
  facet normal 1.502787e-31 0.000000e+00 0.000000e+00
    outer loop
      vertex 1.200000e+00 3.500000e+00 6.990317e-01
      vertex 1.200000e+00 3.500000e+00 5.990317e-01
      vertex 1.050000e+00 3.500000e+00 6.990317e-01
    endloop
  endfacet
  facet normal 1.502787e-31 0.000000e+00 0.000000e+00
    outer loop
      vertex 1.050000e+00 3.500000e+00 6.990317e-01
      vertex 1.200000e+00 3.500000e+00 5.990317e-01
      vertex 9.500000e-01 3.500000e+00 5.990317e-01
    endloop
  endfacet
  facet normal 1.502787e-31 0.000000e+00 0.000000e+00
    outer loop
      vertex -6.000000e-01 3.500000e+00 -4.759683e-01
      vertex -7.000000e-01 3.500000e+00 -3.759683e-01
      vertex -5.000000e-01 3.500000e+00 9.440317e-01
    endloop
  endfacet
  facet normal 1.502787e-31 0.000000e+00 0.000000e+00
    outer loop
      vertex -5.000000e-01 3.500000e+00 9.440317e-01
      vertex -7.000000e-01 3.500000e+00 -3.759683e-01
      vertex -6.000000e-01 3.500000e+00 1.024032e+00
    endloop
  endfacet
  facet normal 1.502787e-31 0.000000e+00 0.000000e+00
    outer loop
      vertex -5.000000e-01 3.500000e+00 9.440317e-01
      vertex -6.000000e-01 3.500000e+00 1.024032e+00
      vertex -3.000000e-01 3.500000e+00 1.124032e+00
    endloop
  endfacet
  facet normal 1.502787e-31 0.000000e+00 0.000000e+00
    outer loop
      vertex -6.000000e-01 3.500000e+00 -4.759683e-01
      vertex -1.000000e+00 3.500000e+00 -4.759683e-01
      vertex -7.000000e-01 3.500000e+00 -3.759683e-01
    endloop
  endfacet
  facet normal 1.502787e-31 0.000000e+00 0.000000e+00
    outer loop
      vertex -7.000000e-01 3.500000e+00 -3.759683e-01
      vertex -1.000000e+00 3.500000e+00 -4.759683e-01
      vertex -1.000000e+00 3.500000e+00 -3.759683e-01
    endloop
  endfacet
  facet normal -1.502787e-31 0.000000e+00 0.000000e+00
    outer loop
      vertex 1.050000e+00 3.200000e+00 6.990317e-01
      vertex 1.050000e+00 3.200000e+00 1.124032e+00
      vertex 9.500000e-01 3.200000e+00 1.024032e+00
    endloop
  endfacet
  facet normal -1.502787e-31 0.000000e+00 0.000000e+00
    outer loop
      vertex 9.500000e-01 3.200000e+00 1.024032e+00
      vertex 1.050000e+00 3.200000e+00 1.124032e+00
      vertex -3.000000e-01 3.200000e+00 1.124032e+00
    endloop
  endfacet
  facet normal -1.502787e-31 0.000000e+00 0.000000e+00
    outer loop
      vertex 9.500000e-01 3.200000e+00 1.024032e+00
      vertex -3.000000e-01 3.200000e+00 1.124032e+00
      vertex -2.800000e-01 3.200000e+00 1.024032e+00
    endloop
  endfacet
  facet normal -1.502787e-31 0.000000e+00 0.000000e+00
    outer loop
      vertex -2.800000e-01 3.200000e+00 1.024032e+00
      vertex -3.000000e-01 3.200000e+00 1.124032e+00
      vertex -5.000000e-01 3.200000e+00 9.440317e-01
    endloop
  endfacet
  facet normal -1.502787e-31 0.000000e+00 0.000000e+00
    outer loop
      vertex -3.000000e-01 3.200000e+00 1.124032e+00
      vertex -6.000000e-01 3.200000e+00 1.024032e+00
      vertex -5.000000e-01 3.200000e+00 9.440317e-01
    endloop
  endfacet
  facet normal -1.502787e-31 0.000000e+00 0.000000e+00
    outer loop
      vertex -5.000000e-01 3.200000e+00 9.440317e-01
      vertex -6.000000e-01 3.200000e+00 1.024032e+00
      vertex -7.000000e-01 3.200000e+00 -3.759683e-01
    endloop
  endfacet
  facet normal -1.502787e-31 0.000000e+00 0.000000e+00
    outer loop
      vertex -5.000000e-01 3.200000e+00 9.440317e-01
      vertex -7.000000e-01 3.200000e+00 -3.759683e-01
      vertex -6.000000e-01 3.200000e+00 -4.759683e-01
    endloop
  endfacet
  facet normal -1.502787e-31 0.000000e+00 0.000000e+00
    outer loop
      vertex -6.000000e-01 3.200000e+00 -4.759683e-01
      vertex -7.000000e-01 3.200000e+00 -3.759683e-01
      vertex -1.000000e+00 3.200000e+00 -4.759683e-01
    endloop
  endfacet
  facet normal -1.502787e-31 0.000000e+00 0.000000e+00
    outer loop
      vertex -7.000000e-01 3.200000e+00 -3.759683e-01
      vertex -1.000000e+00 3.200000e+00 -3.759683e-01
      vertex -1.000000e+00 3.200000e+00 -4.759683e-01
    endloop
  endfacet
  facet normal -1.502787e-31 0.000000e+00 0.000000e+00
    outer loop
      vertex 9.500000e-01 3.200000e+00 1.024032e+00
      vertex 9.500000e-01 3.200000e+00 5.990317e-01
      vertex 1.050000e+00 3.200000e+00 6.990317e-01
    endloop
  endfacet
  facet normal -1.502787e-31 0.000000e+00 0.000000e+00
    outer loop
      vertex 1.050000e+00 3.200000e+00 6.990317e-01
      vertex 9.500000e-01 3.200000e+00 5.990317e-01
      vertex 1.200000e+00 3.200000e+00 5.990317e-01
    endloop
  endfacet
  facet normal -1.502787e-31 0.000000e+00 0.000000e+00
    outer loop
      vertex 1.050000e+00 3.200000e+00 6.990317e-01
      vertex 1.200000e+00 3.200000e+00 5.990317e-01
      vertex 1.200000e+00 3.200000e+00 6.990317e-01
    endloop
  endfacet
endsolid PEC:Pin_9_1
solid PEC:Pin_9_2
  facet normal 0.000000e+00 0.000000e+00 0.000000e+00
    outer loop
      vertex 5.860000e+00 2.870000e+00 6.990317e-01
      vertex 6.060000e+00 2.870000e+00 6.990317e-01
      vertex 5.860000e+00 2.870000e+00 5.990317e-01
    endloop
  endfacet
  facet normal 0.000000e+00 0.000000e+00 0.000000e+00
    outer loop
      vertex 5.860000e+00 2.870000e+00 5.990317e-01
      vertex 6.060000e+00 2.870000e+00 6.990317e-01
      vertex 6.060000e+00 2.870000e+00 5.990317e-01
    endloop
  endfacet
  facet normal -0.000000e+00 0.000000e+00 0.000000e+00
    outer loop
      vertex 6.060000e+00 2.870000e+00 6.990317e-01
      vertex 6.060000e+00 2.770000e+00 6.990317e-01
      vertex 6.060000e+00 2.870000e+00 5.990317e-01
    endloop
  endfacet
  facet normal -0.000000e+00 0.000000e+00 0.000000e+00
    outer loop
      vertex 6.060000e+00 2.870000e+00 5.990317e-01
      vertex 6.060000e+00 2.770000e+00 6.990317e-01
      vertex 6.060000e+00 2.770000e+00 5.990317e-01
    endloop
  endfacet
  facet normal -0.000000e+00 0.000000e+00 0.000000e+00
    outer loop
      vertex 5.860000e+00 2.870000e+00 5.990317e-01
      vertex 5.860000e+00 2.770000e+00 5.990317e-01
      vertex 5.860000e+00 2.870000e+00 6.990317e-01
    endloop
  endfacet
  facet normal -0.000000e+00 0.000000e+00 0.000000e+00
    outer loop
      vertex 5.860000e+00 2.870000e+00 6.990317e-01
      vertex 5.860000e+00 2.770000e+00 5.990317e-01
      vertex 5.860000e+00 2.770000e+00 6.990317e-01
    endloop
  endfacet
  facet normal 0.000000e+00 0.000000e+00 0.000000e+00
    outer loop
      vertex 5.860000e+00 2.770000e+00 6.990317e-01
      vertex 5.860000e+00 2.770000e+00 5.990317e-01
      vertex 6.500000e+00 1.200000e+00 6.990317e-01
    endloop
  endfacet
  facet normal 0.000000e+00 0.000000e+00 0.000000e+00
    outer loop
      vertex 6.500000e+00 1.200000e+00 6.990317e-01
      vertex 5.860000e+00 2.770000e+00 5.990317e-01
      vertex 6.500000e+00 1.200000e+00 5.990317e-01
    endloop
  endfacet
  facet normal 0.000000e+00 0.000000e+00 0.000000e+00
    outer loop
      vertex 6.060000e+00 2.770000e+00 5.990317e-01
      vertex 6.060000e+00 2.770000e+00 6.990317e-01
      vertex 6.800000e+00 1.200000e+00 5.990317e-01
    endloop
  endfacet
  facet normal 0.000000e+00 0.000000e+00 0.000000e+00
    outer loop
      vertex 6.800000e+00 1.200000e+00 5.990317e-01
      vertex 6.060000e+00 2.770000e+00 6.990317e-01
      vertex 6.800000e+00 1.200000e+00 6.990317e-01
    endloop
  endfacet
  facet normal 0.000000e+00 0.000000e+00 0.000000e+00
    outer loop
      vertex 6.800000e+00 1.050000e+00 1.124032e+00
      vertex 6.800000e+00 1.050000e+00 6.990317e-01
      vertex 6.500000e+00 1.050000e+00 1.124032e+00
    endloop
  endfacet
  facet normal 0.000000e+00 0.000000e+00 0.000000e+00
    outer loop
      vertex 6.500000e+00 1.050000e+00 1.124032e+00
      vertex 6.800000e+00 1.050000e+00 6.990317e-01
      vertex 6.500000e+00 1.050000e+00 6.990317e-01
    endloop
  endfacet
  facet normal 1.000000e+00 0.000000e+00 0.000000e+00
    outer loop
      vertex 6.800000e+00 1.050000e+00 6.990317e-01
      vertex 6.800000e+00 1.200000e+00 6.990317e-01
      vertex 6.500000e+00 1.050000e+00 6.990317e-01
    endloop
  endfacet
  facet normal 1.000000e+00 0.000000e+00 0.000000e+00
    outer loop
      vertex 6.500000e+00 1.050000e+00 6.990317e-01
      vertex 6.800000e+00 1.200000e+00 6.990317e-01
      vertex 6.500000e+00 1.200000e+00 6.990317e-01
    endloop
  endfacet
  facet normal 1.000000e+00 0.000000e+00 0.000000e+00
    outer loop
      vertex 6.800000e+00 1.200000e+00 6.990317e-01
      vertex 6.060000e+00 2.770000e+00 6.990317e-01
      vertex 6.500000e+00 1.200000e+00 6.990317e-01
    endloop
  endfacet
  facet normal 1.000000e+00 0.000000e+00 0.000000e+00
    outer loop
      vertex 6.500000e+00 1.200000e+00 6.990317e-01
      vertex 6.060000e+00 2.770000e+00 6.990317e-01
      vertex 5.860000e+00 2.770000e+00 6.990317e-01
    endloop
  endfacet
  facet normal 1.000000e+00 0.000000e+00 0.000000e+00
    outer loop
      vertex 6.060000e+00 2.770000e+00 6.990317e-01
      vertex 6.060000e+00 2.870000e+00 6.990317e-01
      vertex 5.860000e+00 2.770000e+00 6.990317e-01
    endloop
  endfacet
  facet normal 1.000000e+00 0.000000e+00 0.000000e+00
    outer loop
      vertex 5.860000e+00 2.770000e+00 6.990317e-01
      vertex 6.060000e+00 2.870000e+00 6.990317e-01
      vertex 5.860000e+00 2.870000e+00 6.990317e-01
    endloop
  endfacet
  facet normal -1.000000e+00 0.000000e+00 0.000000e+00
    outer loop
      vertex 6.060000e+00 2.770000e+00 5.990317e-01
      vertex 6.800000e+00 1.200000e+00 5.990317e-01
      vertex 6.500000e+00 1.200000e+00 5.990317e-01
    endloop
  endfacet
  facet normal -1.000000e+00 0.000000e+00 0.000000e+00
    outer loop
      vertex 6.500000e+00 1.200000e+00 5.990317e-01
      vertex 6.800000e+00 1.200000e+00 5.990317e-01
      vertex 6.800000e+00 9.500000e-01 5.990317e-01
    endloop
  endfacet
  facet normal -1.000000e+00 0.000000e+00 0.000000e+00
    outer loop
      vertex 6.500000e+00 1.200000e+00 5.990317e-01
      vertex 6.800000e+00 9.500000e-01 5.990317e-01
      vertex 6.500000e+00 9.500000e-01 5.990317e-01
    endloop
  endfacet
  facet normal -1.000000e+00 0.000000e+00 0.000000e+00
    outer loop
      vertex 6.500000e+00 1.200000e+00 5.990317e-01
      vertex 5.860000e+00 2.770000e+00 5.990317e-01
      vertex 6.060000e+00 2.770000e+00 5.990317e-01
    endloop
  endfacet
  facet normal -1.000000e+00 0.000000e+00 0.000000e+00
    outer loop
      vertex 6.060000e+00 2.770000e+00 5.990317e-01
      vertex 5.860000e+00 2.770000e+00 5.990317e-01
      vertex 5.860000e+00 2.870000e+00 5.990317e-01
    endloop
  endfacet
  facet normal -1.000000e+00 0.000000e+00 0.000000e+00
    outer loop
      vertex 6.060000e+00 2.770000e+00 5.990317e-01
      vertex 5.860000e+00 2.870000e+00 5.990317e-01
      vertex 6.060000e+00 2.870000e+00 5.990317e-01
    endloop
  endfacet
  facet normal 0.000000e+00 0.000000e+00 0.000000e+00
    outer loop
      vertex 6.800000e+00 9.500000e-01 5.990317e-01
      vertex 6.800000e+00 9.500000e-01 1.024032e+00
      vertex 6.500000e+00 9.500000e-01 5.990317e-01
    endloop
  endfacet
  facet normal 0.000000e+00 0.000000e+00 0.000000e+00
    outer loop
      vertex 6.500000e+00 9.500000e-01 5.990317e-01
      vertex 6.800000e+00 9.500000e-01 1.024032e+00
      vertex 6.500000e+00 9.500000e-01 1.024032e+00
    endloop
  endfacet
  facet normal 1.000000e+00 0.000000e+00 0.000000e+00
    outer loop
      vertex 6.500000e+00 1.050000e+00 1.124032e+00
      vertex 6.500000e+00 -3.000000e-01 1.124032e+00
      vertex 6.800000e+00 1.050000e+00 1.124032e+00
    endloop
  endfacet
  facet normal 1.000000e+00 0.000000e+00 0.000000e+00
    outer loop
      vertex 6.800000e+00 1.050000e+00 1.124032e+00
      vertex 6.500000e+00 -3.000000e-01 1.124032e+00
      vertex 6.800000e+00 -3.000000e-01 1.124032e+00
    endloop
  endfacet
  facet normal 9.486833e-01 0.000000e+00 0.000000e+00
    outer loop
      vertex 6.500000e+00 -3.000000e-01 1.124032e+00
      vertex 6.500000e+00 -6.000000e-01 1.024032e+00
      vertex 6.800000e+00 -3.000000e-01 1.124032e+00
    endloop
  endfacet
  facet normal 9.486833e-01 0.000000e+00 0.000000e+00
    outer loop
      vertex 6.800000e+00 -3.000000e-01 1.124032e+00
      vertex 6.500000e+00 -6.000000e-01 1.024032e+00
      vertex 6.800000e+00 -6.000000e-01 1.024032e+00
    endloop
  endfacet
  facet normal 7.124705e-02 0.000000e+00 0.000000e+00
    outer loop
      vertex 6.500000e+00 -6.000000e-01 1.024032e+00
      vertex 6.500000e+00 -7.000000e-01 -3.759683e-01
      vertex 6.800000e+00 -6.000000e-01 1.024032e+00
    endloop
  endfacet
  facet normal 7.124705e-02 0.000000e+00 0.000000e+00
    outer loop
      vertex 6.800000e+00 -6.000000e-01 1.024032e+00
      vertex 6.500000e+00 -7.000000e-01 -3.759683e-01
      vertex 6.800000e+00 -7.000000e-01 -3.759683e-01
    endloop
  endfacet
  facet normal 1.000000e+00 0.000000e+00 0.000000e+00
    outer loop
      vertex 6.500000e+00 -7.000000e-01 -3.759683e-01
      vertex 6.500000e+00 -1.000000e+00 -3.759683e-01
      vertex 6.800000e+00 -7.000000e-01 -3.759683e-01
    endloop
  endfacet
  facet normal 1.000000e+00 0.000000e+00 0.000000e+00
    outer loop
      vertex 6.800000e+00 -7.000000e-01 -3.759683e-01
      vertex 6.500000e+00 -1.000000e+00 -3.759683e-01
      vertex 6.800000e+00 -1.000000e+00 -3.759683e-01
    endloop
  endfacet
  facet normal 0.000000e+00 0.000000e+00 0.000000e+00
    outer loop
      vertex 6.500000e+00 -1.000000e+00 -3.759683e-01
      vertex 6.500000e+00 -1.000000e+00 -4.759683e-01
      vertex 6.800000e+00 -1.000000e+00 -3.759683e-01
    endloop
  endfacet
  facet normal 0.000000e+00 0.000000e+00 0.000000e+00
    outer loop
      vertex 6.800000e+00 -1.000000e+00 -3.759683e-01
      vertex 6.500000e+00 -1.000000e+00 -4.759683e-01
      vertex 6.800000e+00 -1.000000e+00 -4.759683e-01
    endloop
  endfacet
  facet normal -1.000000e+00 0.000000e+00 0.000000e+00
    outer loop
      vertex 6.500000e+00 -1.000000e+00 -4.759683e-01
      vertex 6.500000e+00 -6.000000e-01 -4.759683e-01
      vertex 6.800000e+00 -1.000000e+00 -4.759683e-01
    endloop
  endfacet
  facet normal -1.000000e+00 0.000000e+00 0.000000e+00
    outer loop
      vertex 6.800000e+00 -1.000000e+00 -4.759683e-01
      vertex 6.500000e+00 -6.000000e-01 -4.759683e-01
      vertex 6.800000e+00 -6.000000e-01 -4.759683e-01
    endloop
  endfacet
  facet normal -7.024856e-02 0.000000e+00 0.000000e+00
    outer loop
      vertex 6.500000e+00 -6.000000e-01 -4.759683e-01
      vertex 6.500000e+00 -5.000000e-01 9.440317e-01
      vertex 6.800000e+00 -6.000000e-01 -4.759683e-01
    endloop
  endfacet
  facet normal -7.024856e-02 0.000000e+00 0.000000e+00
    outer loop
      vertex 6.800000e+00 -6.000000e-01 -4.759683e-01
      vertex 6.500000e+00 -5.000000e-01 9.440317e-01
      vertex 6.800000e+00 -5.000000e-01 9.440317e-01
    endloop
  endfacet
  facet normal -9.397934e-01 0.000000e+00 0.000000e+00
    outer loop
      vertex 6.500000e+00 -5.000000e-01 9.440317e-01
      vertex 6.500000e+00 -2.800000e-01 1.024032e+00
      vertex 6.800000e+00 -5.000000e-01 9.440317e-01
    endloop
  endfacet
  facet normal -9.397934e-01 0.000000e+00 0.000000e+00
    outer loop
      vertex 6.800000e+00 -5.000000e-01 9.440317e-01
      vertex 6.500000e+00 -2.800000e-01 1.024032e+00
      vertex 6.800000e+00 -2.800000e-01 1.024032e+00
    endloop
  endfacet
  facet normal -1.000000e+00 0.000000e+00 0.000000e+00
    outer loop
      vertex 6.500000e+00 -2.800000e-01 1.024032e+00
      vertex 6.500000e+00 9.500000e-01 1.024032e+00
      vertex 6.800000e+00 -2.800000e-01 1.024032e+00
    endloop
  endfacet
  facet normal -1.000000e+00 0.000000e+00 0.000000e+00
    outer loop
      vertex 6.800000e+00 -2.800000e-01 1.024032e+00
      vertex 6.500000e+00 9.500000e-01 1.024032e+00
      vertex 6.800000e+00 9.500000e-01 1.024032e+00
    endloop
  endfacet
  facet normal 1.502787e-31 0.000000e+00 0.000000e+00
    outer loop
      vertex 6.500000e+00 1.050000e+00 1.124032e+00
      vertex 6.500000e+00 9.500000e-01 1.024032e+00
      vertex 6.500000e+00 -3.000000e-01 1.124032e+00
    endloop
  endfacet
  facet normal 1.502787e-31 0.000000e+00 0.000000e+00
    outer loop
      vertex 6.500000e+00 -3.000000e-01 1.124032e+00
      vertex 6.500000e+00 9.500000e-01 1.024032e+00
      vertex 6.500000e+00 -2.800000e-01 1.024032e+00
    endloop
  endfacet
  facet normal 1.502787e-31 0.000000e+00 0.000000e+00
    outer loop
      vertex 6.500000e+00 -3.000000e-01 1.124032e+00
      vertex 6.500000e+00 -2.800000e-01 1.024032e+00
      vertex 6.500000e+00 -5.000000e-01 9.440317e-01
    endloop
  endfacet
  facet normal 1.502787e-31 0.000000e+00 0.000000e+00
    outer loop
      vertex 6.500000e+00 1.050000e+00 1.124032e+00
      vertex 6.500000e+00 1.050000e+00 6.990317e-01
      vertex 6.500000e+00 9.500000e-01 1.024032e+00
    endloop
  endfacet
  facet normal 1.502787e-31 0.000000e+00 0.000000e+00
    outer loop
      vertex 6.500000e+00 9.500000e-01 1.024032e+00
      vertex 6.500000e+00 1.050000e+00 6.990317e-01
      vertex 6.500000e+00 9.500000e-01 5.990317e-01
    endloop
  endfacet
  facet normal 1.502787e-31 0.000000e+00 0.000000e+00
    outer loop
      vertex 6.500000e+00 1.200000e+00 6.990317e-01
      vertex 6.500000e+00 1.200000e+00 5.990317e-01
      vertex 6.500000e+00 1.050000e+00 6.990317e-01
    endloop
  endfacet
  facet normal 1.502787e-31 0.000000e+00 0.000000e+00
    outer loop
      vertex 6.500000e+00 1.050000e+00 6.990317e-01
      vertex 6.500000e+00 1.200000e+00 5.990317e-01
      vertex 6.500000e+00 9.500000e-01 5.990317e-01
    endloop
  endfacet
  facet normal 1.502787e-31 0.000000e+00 0.000000e+00
    outer loop
      vertex 6.500000e+00 -6.000000e-01 -4.759683e-01
      vertex 6.500000e+00 -7.000000e-01 -3.759683e-01
      vertex 6.500000e+00 -5.000000e-01 9.440317e-01
    endloop
  endfacet
  facet normal 1.502787e-31 0.000000e+00 0.000000e+00
    outer loop
      vertex 6.500000e+00 -5.000000e-01 9.440317e-01
      vertex 6.500000e+00 -7.000000e-01 -3.759683e-01
      vertex 6.500000e+00 -6.000000e-01 1.024032e+00
    endloop
  endfacet
  facet normal 1.502787e-31 0.000000e+00 0.000000e+00
    outer loop
      vertex 6.500000e+00 -5.000000e-01 9.440317e-01
      vertex 6.500000e+00 -6.000000e-01 1.024032e+00
      vertex 6.500000e+00 -3.000000e-01 1.124032e+00
    endloop
  endfacet
  facet normal 1.502787e-31 0.000000e+00 0.000000e+00
    outer loop
      vertex 6.500000e+00 -6.000000e-01 -4.759683e-01
      vertex 6.500000e+00 -1.000000e+00 -4.759683e-01
      vertex 6.500000e+00 -7.000000e-01 -3.759683e-01
    endloop
  endfacet
  facet normal 1.502787e-31 0.000000e+00 0.000000e+00
    outer loop
      vertex 6.500000e+00 -7.000000e-01 -3.759683e-01
      vertex 6.500000e+00 -1.000000e+00 -4.759683e-01
      vertex 6.500000e+00 -1.000000e+00 -3.759683e-01
    endloop
  endfacet
  facet normal -1.502787e-31 0.000000e+00 0.000000e+00
    outer loop
      vertex 6.800000e+00 1.050000e+00 6.990317e-01
      vertex 6.800000e+00 1.050000e+00 1.124032e+00
      vertex 6.800000e+00 9.500000e-01 1.024032e+00
    endloop
  endfacet
  facet normal -1.502787e-31 0.000000e+00 0.000000e+00
    outer loop
      vertex 6.800000e+00 9.500000e-01 1.024032e+00
      vertex 6.800000e+00 1.050000e+00 1.124032e+00
      vertex 6.800000e+00 -3.000000e-01 1.124032e+00
    endloop
  endfacet
  facet normal -1.502787e-31 0.000000e+00 0.000000e+00
    outer loop
      vertex 6.800000e+00 9.500000e-01 1.024032e+00
      vertex 6.800000e+00 -3.000000e-01 1.124032e+00
      vertex 6.800000e+00 -2.800000e-01 1.024032e+00
    endloop
  endfacet
  facet normal -1.502787e-31 0.000000e+00 0.000000e+00
    outer loop
      vertex 6.800000e+00 -2.800000e-01 1.024032e+00
      vertex 6.800000e+00 -3.000000e-01 1.124032e+00
      vertex 6.800000e+00 -5.000000e-01 9.440317e-01
    endloop
  endfacet
  facet normal -1.502787e-31 0.000000e+00 0.000000e+00
    outer loop
      vertex 6.800000e+00 -3.000000e-01 1.124032e+00
      vertex 6.800000e+00 -6.000000e-01 1.024032e+00
      vertex 6.800000e+00 -5.000000e-01 9.440317e-01
    endloop
  endfacet
  facet normal -1.502787e-31 0.000000e+00 0.000000e+00
    outer loop
      vertex 6.800000e+00 -5.000000e-01 9.440317e-01
      vertex 6.800000e+00 -6.000000e-01 1.024032e+00
      vertex 6.800000e+00 -7.000000e-01 -3.759683e-01
    endloop
  endfacet
  facet normal -1.502787e-31 0.000000e+00 0.000000e+00
    outer loop
      vertex 6.800000e+00 -5.000000e-01 9.440317e-01
      vertex 6.800000e+00 -7.000000e-01 -3.759683e-01
      vertex 6.800000e+00 -6.000000e-01 -4.759683e-01
    endloop
  endfacet
  facet normal -1.502787e-31 0.000000e+00 0.000000e+00
    outer loop
      vertex 6.800000e+00 -6.000000e-01 -4.759683e-01
      vertex 6.800000e+00 -7.000000e-01 -3.759683e-01
      vertex 6.800000e+00 -1.000000e+00 -4.759683e-01
    endloop
  endfacet
  facet normal -1.502787e-31 0.000000e+00 0.000000e+00
    outer loop
      vertex 6.800000e+00 -7.000000e-01 -3.759683e-01
      vertex 6.800000e+00 -1.000000e+00 -3.759683e-01
      vertex 6.800000e+00 -1.000000e+00 -4.759683e-01
    endloop
  endfacet
  facet normal -1.502787e-31 0.000000e+00 0.000000e+00
    outer loop
      vertex 6.800000e+00 9.500000e-01 1.024032e+00
      vertex 6.800000e+00 9.500000e-01 5.990317e-01
      vertex 6.800000e+00 1.050000e+00 6.990317e-01
    endloop
  endfacet
  facet normal -1.502787e-31 0.000000e+00 0.000000e+00
    outer loop
      vertex 6.800000e+00 1.050000e+00 6.990317e-01
      vertex 6.800000e+00 9.500000e-01 5.990317e-01
      vertex 6.800000e+00 1.200000e+00 5.990317e-01
    endloop
  endfacet
  facet normal -1.502787e-31 0.000000e+00 0.000000e+00
    outer loop
      vertex 6.800000e+00 1.050000e+00 6.990317e-01
      vertex 6.800000e+00 1.200000e+00 5.990317e-01
      vertex 6.800000e+00 1.200000e+00 6.990317e-01
    endloop
  endfacet
endsolid PEC:Pin_9_2
solid PEC:Pin_9_3
  facet normal 0.000000e+00 0.000000e+00 0.000000e+00
    outer loop
      vertex 7.130000e+00 5.860000e+00 6.990317e-01
      vertex 7.130000e+00 6.060000e+00 6.990317e-01
      vertex 7.130000e+00 5.860000e+00 5.990317e-01
    endloop
  endfacet
  facet normal 0.000000e+00 0.000000e+00 0.000000e+00
    outer loop
      vertex 7.130000e+00 5.860000e+00 5.990317e-01
      vertex 7.130000e+00 6.060000e+00 6.990317e-01
      vertex 7.130000e+00 6.060000e+00 5.990317e-01
    endloop
  endfacet
  facet normal -0.000000e+00 0.000000e+00 0.000000e+00
    outer loop
      vertex 7.130000e+00 6.060000e+00 6.990317e-01
      vertex 7.230000e+00 6.060000e+00 6.990317e-01
      vertex 7.130000e+00 6.060000e+00 5.990317e-01
    endloop
  endfacet
  facet normal -0.000000e+00 0.000000e+00 0.000000e+00
    outer loop
      vertex 7.130000e+00 6.060000e+00 5.990317e-01
      vertex 7.230000e+00 6.060000e+00 6.990317e-01
      vertex 7.230000e+00 6.060000e+00 5.990317e-01
    endloop
  endfacet
  facet normal -0.000000e+00 0.000000e+00 0.000000e+00
    outer loop
      vertex 7.130000e+00 5.860000e+00 5.990317e-01
      vertex 7.230000e+00 5.860000e+00 5.990317e-01
      vertex 7.130000e+00 5.860000e+00 6.990317e-01
    endloop
  endfacet
  facet normal -0.000000e+00 0.000000e+00 0.000000e+00
    outer loop
      vertex 7.130000e+00 5.860000e+00 6.990317e-01
      vertex 7.230000e+00 5.860000e+00 5.990317e-01
      vertex 7.230000e+00 5.860000e+00 6.990317e-01
    endloop
  endfacet
  facet normal 0.000000e+00 0.000000e+00 0.000000e+00
    outer loop
      vertex 7.230000e+00 5.860000e+00 6.990317e-01
      vertex 7.230000e+00 5.860000e+00 5.990317e-01
      vertex 8.800000e+00 6.500000e+00 6.990317e-01
    endloop
  endfacet
  facet normal 0.000000e+00 0.000000e+00 0.000000e+00
    outer loop
      vertex 8.800000e+00 6.500000e+00 6.990317e-01
      vertex 7.230000e+00 5.860000e+00 5.990317e-01
      vertex 8.800000e+00 6.500000e+00 5.990317e-01
    endloop
  endfacet
  facet normal 0.000000e+00 0.000000e+00 0.000000e+00
    outer loop
      vertex 7.230000e+00 6.060000e+00 5.990317e-01
      vertex 7.230000e+00 6.060000e+00 6.990317e-01
      vertex 8.800000e+00 6.800000e+00 5.990317e-01
    endloop
  endfacet
  facet normal 0.000000e+00 0.000000e+00 0.000000e+00
    outer loop
      vertex 8.800000e+00 6.800000e+00 5.990317e-01
      vertex 7.230000e+00 6.060000e+00 6.990317e-01
      vertex 8.800000e+00 6.800000e+00 6.990317e-01
    endloop
  endfacet
  facet normal 0.000000e+00 0.000000e+00 0.000000e+00
    outer loop
      vertex 8.950000e+00 6.800000e+00 1.124032e+00
      vertex 8.950000e+00 6.800000e+00 6.990317e-01
      vertex 8.950000e+00 6.500000e+00 1.124032e+00
    endloop
  endfacet
  facet normal 0.000000e+00 0.000000e+00 0.000000e+00
    outer loop
      vertex 8.950000e+00 6.500000e+00 1.124032e+00
      vertex 8.950000e+00 6.800000e+00 6.990317e-01
      vertex 8.950000e+00 6.500000e+00 6.990317e-01
    endloop
  endfacet
  facet normal 1.000000e+00 0.000000e+00 0.000000e+00
    outer loop
      vertex 8.950000e+00 6.800000e+00 6.990317e-01
      vertex 8.800000e+00 6.800000e+00 6.990317e-01
      vertex 8.950000e+00 6.500000e+00 6.990317e-01
    endloop
  endfacet
  facet normal 1.000000e+00 0.000000e+00 0.000000e+00
    outer loop
      vertex 8.950000e+00 6.500000e+00 6.990317e-01
      vertex 8.800000e+00 6.800000e+00 6.990317e-01
      vertex 8.800000e+00 6.500000e+00 6.990317e-01
    endloop
  endfacet
  facet normal 1.000000e+00 0.000000e+00 0.000000e+00
    outer loop
      vertex 8.800000e+00 6.800000e+00 6.990317e-01
      vertex 7.230000e+00 6.060000e+00 6.990317e-01
      vertex 8.800000e+00 6.500000e+00 6.990317e-01
    endloop
  endfacet
  facet normal 1.000000e+00 0.000000e+00 0.000000e+00
    outer loop
      vertex 8.800000e+00 6.500000e+00 6.990317e-01
      vertex 7.230000e+00 6.060000e+00 6.990317e-01
      vertex 7.230000e+00 5.860000e+00 6.990317e-01
    endloop
  endfacet
  facet normal 1.000000e+00 0.000000e+00 0.000000e+00
    outer loop
      vertex 7.230000e+00 6.060000e+00 6.990317e-01
      vertex 7.130000e+00 6.060000e+00 6.990317e-01
      vertex 7.230000e+00 5.860000e+00 6.990317e-01
    endloop
  endfacet
  facet normal 1.000000e+00 0.000000e+00 0.000000e+00
    outer loop
      vertex 7.230000e+00 5.860000e+00 6.990317e-01
      vertex 7.130000e+00 6.060000e+00 6.990317e-01
      vertex 7.130000e+00 5.860000e+00 6.990317e-01
    endloop
  endfacet
  facet normal -1.000000e+00 0.000000e+00 0.000000e+00
    outer loop
      vertex 7.230000e+00 6.060000e+00 5.990317e-01
      vertex 8.800000e+00 6.800000e+00 5.990317e-01
      vertex 8.800000e+00 6.500000e+00 5.990317e-01
    endloop
  endfacet
  facet normal -1.000000e+00 0.000000e+00 0.000000e+00
    outer loop
      vertex 8.800000e+00 6.500000e+00 5.990317e-01
      vertex 8.800000e+00 6.800000e+00 5.990317e-01
      vertex 9.050000e+00 6.800000e+00 5.990317e-01
    endloop
  endfacet
  facet normal -1.000000e+00 0.000000e+00 0.000000e+00
    outer loop
      vertex 8.800000e+00 6.500000e+00 5.990317e-01
      vertex 9.050000e+00 6.800000e+00 5.990317e-01
      vertex 9.050000e+00 6.500000e+00 5.990317e-01
    endloop
  endfacet
  facet normal -1.000000e+00 0.000000e+00 0.000000e+00
    outer loop
      vertex 8.800000e+00 6.500000e+00 5.990317e-01
      vertex 7.230000e+00 5.860000e+00 5.990317e-01
      vertex 7.230000e+00 6.060000e+00 5.990317e-01
    endloop
  endfacet
  facet normal -1.000000e+00 0.000000e+00 0.000000e+00
    outer loop
      vertex 7.230000e+00 6.060000e+00 5.990317e-01
      vertex 7.230000e+00 5.860000e+00 5.990317e-01
      vertex 7.130000e+00 5.860000e+00 5.990317e-01
    endloop
  endfacet
  facet normal -1.000000e+00 0.000000e+00 0.000000e+00
    outer loop
      vertex 7.230000e+00 6.060000e+00 5.990317e-01
      vertex 7.130000e+00 5.860000e+00 5.990317e-01
      vertex 7.130000e+00 6.060000e+00 5.990317e-01
    endloop
  endfacet
  facet normal 0.000000e+00 0.000000e+00 0.000000e+00
    outer loop
      vertex 9.050000e+00 6.800000e+00 5.990317e-01
      vertex 9.050000e+00 6.800000e+00 1.024032e+00
      vertex 9.050000e+00 6.500000e+00 5.990317e-01
    endloop
  endfacet
  facet normal 0.000000e+00 0.000000e+00 0.000000e+00
    outer loop
      vertex 9.050000e+00 6.500000e+00 5.990317e-01
      vertex 9.050000e+00 6.800000e+00 1.024032e+00
      vertex 9.050000e+00 6.500000e+00 1.024032e+00
    endloop
  endfacet
  facet normal 1.000000e+00 0.000000e+00 0.000000e+00
    outer loop
      vertex 8.950000e+00 6.500000e+00 1.124032e+00
      vertex 1.030000e+01 6.500000e+00 1.124032e+00
      vertex 8.950000e+00 6.800000e+00 1.124032e+00
    endloop
  endfacet
  facet normal 1.000000e+00 0.000000e+00 0.000000e+00
    outer loop
      vertex 8.950000e+00 6.800000e+00 1.124032e+00
      vertex 1.030000e+01 6.500000e+00 1.124032e+00
      vertex 1.030000e+01 6.800000e+00 1.124032e+00
    endloop
  endfacet
  facet normal 9.486833e-01 0.000000e+00 0.000000e+00
    outer loop
      vertex 1.030000e+01 6.500000e+00 1.124032e+00
      vertex 1.060000e+01 6.500000e+00 1.024032e+00
      vertex 1.030000e+01 6.800000e+00 1.124032e+00
    endloop
  endfacet
  facet normal 9.486833e-01 0.000000e+00 0.000000e+00
    outer loop
      vertex 1.030000e+01 6.800000e+00 1.124032e+00
      vertex 1.060000e+01 6.500000e+00 1.024032e+00
      vertex 1.060000e+01 6.800000e+00 1.024032e+00
    endloop
  endfacet
  facet normal 7.124705e-02 0.000000e+00 0.000000e+00
    outer loop
      vertex 1.060000e+01 6.500000e+00 1.024032e+00
      vertex 1.070000e+01 6.500000e+00 -3.759683e-01
      vertex 1.060000e+01 6.800000e+00 1.024032e+00
    endloop
  endfacet
  facet normal 7.124705e-02 0.000000e+00 0.000000e+00
    outer loop
      vertex 1.060000e+01 6.800000e+00 1.024032e+00
      vertex 1.070000e+01 6.500000e+00 -3.759683e-01
      vertex 1.070000e+01 6.800000e+00 -3.759683e-01
    endloop
  endfacet
  facet normal 1.000000e+00 0.000000e+00 0.000000e+00
    outer loop
      vertex 1.070000e+01 6.500000e+00 -3.759683e-01
      vertex 1.100000e+01 6.500000e+00 -3.759683e-01
      vertex 1.070000e+01 6.800000e+00 -3.759683e-01
    endloop
  endfacet
  facet normal 1.000000e+00 0.000000e+00 0.000000e+00
    outer loop
      vertex 1.070000e+01 6.800000e+00 -3.759683e-01
      vertex 1.100000e+01 6.500000e+00 -3.759683e-01
      vertex 1.100000e+01 6.800000e+00 -3.759683e-01
    endloop
  endfacet
  facet normal 0.000000e+00 0.000000e+00 0.000000e+00
    outer loop
      vertex 1.100000e+01 6.500000e+00 -3.759683e-01
      vertex 1.100000e+01 6.500000e+00 -4.759683e-01
      vertex 1.100000e+01 6.800000e+00 -3.759683e-01
    endloop
  endfacet
  facet normal 0.000000e+00 0.000000e+00 0.000000e+00
    outer loop
      vertex 1.100000e+01 6.800000e+00 -3.759683e-01
      vertex 1.100000e+01 6.500000e+00 -4.759683e-01
      vertex 1.100000e+01 6.800000e+00 -4.759683e-01
    endloop
  endfacet
  facet normal -1.000000e+00 0.000000e+00 0.000000e+00
    outer loop
      vertex 1.100000e+01 6.500000e+00 -4.759683e-01
      vertex 1.060000e+01 6.500000e+00 -4.759683e-01
      vertex 1.100000e+01 6.800000e+00 -4.759683e-01
    endloop
  endfacet
  facet normal -1.000000e+00 0.000000e+00 0.000000e+00
    outer loop
      vertex 1.100000e+01 6.800000e+00 -4.759683e-01
      vertex 1.060000e+01 6.500000e+00 -4.759683e-01
      vertex 1.060000e+01 6.800000e+00 -4.759683e-01
    endloop
  endfacet
  facet normal -7.024856e-02 0.000000e+00 0.000000e+00
    outer loop
      vertex 1.060000e+01 6.500000e+00 -4.759683e-01
      vertex 1.050000e+01 6.500000e+00 9.440317e-01
      vertex 1.060000e+01 6.800000e+00 -4.759683e-01
    endloop
  endfacet
  facet normal -7.024856e-02 0.000000e+00 0.000000e+00
    outer loop
      vertex 1.060000e+01 6.800000e+00 -4.759683e-01
      vertex 1.050000e+01 6.500000e+00 9.440317e-01
      vertex 1.050000e+01 6.800000e+00 9.440317e-01
    endloop
  endfacet
  facet normal -9.397934e-01 0.000000e+00 0.000000e+00
    outer loop
      vertex 1.050000e+01 6.500000e+00 9.440317e-01
      vertex 1.028000e+01 6.500000e+00 1.024032e+00
      vertex 1.050000e+01 6.800000e+00 9.440317e-01
    endloop
  endfacet
  facet normal -9.397934e-01 0.000000e+00 0.000000e+00
    outer loop
      vertex 1.050000e+01 6.800000e+00 9.440317e-01
      vertex 1.028000e+01 6.500000e+00 1.024032e+00
      vertex 1.028000e+01 6.800000e+00 1.024032e+00
    endloop
  endfacet
  facet normal -1.000000e+00 0.000000e+00 0.000000e+00
    outer loop
      vertex 1.028000e+01 6.500000e+00 1.024032e+00
      vertex 9.050000e+00 6.500000e+00 1.024032e+00
      vertex 1.028000e+01 6.800000e+00 1.024032e+00
    endloop
  endfacet
  facet normal -1.000000e+00 0.000000e+00 0.000000e+00
    outer loop
      vertex 1.028000e+01 6.800000e+00 1.024032e+00
      vertex 9.050000e+00 6.500000e+00 1.024032e+00
      vertex 9.050000e+00 6.800000e+00 1.024032e+00
    endloop
  endfacet
  facet normal 1.502787e-31 0.000000e+00 0.000000e+00
    outer loop
      vertex 8.950000e+00 6.500000e+00 1.124032e+00
      vertex 9.050000e+00 6.500000e+00 1.024032e+00
      vertex 1.030000e+01 6.500000e+00 1.124032e+00
    endloop
  endfacet
  facet normal 1.502787e-31 0.000000e+00 0.000000e+00
    outer loop
      vertex 1.030000e+01 6.500000e+00 1.124032e+00
      vertex 9.050000e+00 6.500000e+00 1.024032e+00
      vertex 1.028000e+01 6.500000e+00 1.024032e+00
    endloop
  endfacet
  facet normal 1.502787e-31 0.000000e+00 0.000000e+00
    outer loop
      vertex 1.030000e+01 6.500000e+00 1.124032e+00
      vertex 1.028000e+01 6.500000e+00 1.024032e+00
      vertex 1.050000e+01 6.500000e+00 9.440317e-01
    endloop
  endfacet
  facet normal 1.502787e-31 0.000000e+00 0.000000e+00
    outer loop
      vertex 8.950000e+00 6.500000e+00 1.124032e+00
      vertex 8.950000e+00 6.500000e+00 6.990317e-01
      vertex 9.050000e+00 6.500000e+00 1.024032e+00
    endloop
  endfacet
  facet normal 1.502787e-31 0.000000e+00 0.000000e+00
    outer loop
      vertex 9.050000e+00 6.500000e+00 1.024032e+00
      vertex 8.950000e+00 6.500000e+00 6.990317e-01
      vertex 9.050000e+00 6.500000e+00 5.990317e-01
    endloop
  endfacet
  facet normal 1.502787e-31 0.000000e+00 0.000000e+00
    outer loop
      vertex 8.800000e+00 6.500000e+00 6.990317e-01
      vertex 8.800000e+00 6.500000e+00 5.990317e-01
      vertex 8.950000e+00 6.500000e+00 6.990317e-01
    endloop
  endfacet
  facet normal 1.502787e-31 0.000000e+00 0.000000e+00
    outer loop
      vertex 8.950000e+00 6.500000e+00 6.990317e-01
      vertex 8.800000e+00 6.500000e+00 5.990317e-01
      vertex 9.050000e+00 6.500000e+00 5.990317e-01
    endloop
  endfacet
  facet normal 1.502787e-31 0.000000e+00 0.000000e+00
    outer loop
      vertex 1.060000e+01 6.500000e+00 -4.759683e-01
      vertex 1.070000e+01 6.500000e+00 -3.759683e-01
      vertex 1.050000e+01 6.500000e+00 9.440317e-01
    endloop
  endfacet
  facet normal 1.502787e-31 0.000000e+00 0.000000e+00
    outer loop
      vertex 1.050000e+01 6.500000e+00 9.440317e-01
      vertex 1.070000e+01 6.500000e+00 -3.759683e-01
      vertex 1.060000e+01 6.500000e+00 1.024032e+00
    endloop
  endfacet
  facet normal 1.502787e-31 0.000000e+00 0.000000e+00
    outer loop
      vertex 1.050000e+01 6.500000e+00 9.440317e-01
      vertex 1.060000e+01 6.500000e+00 1.024032e+00
      vertex 1.030000e+01 6.500000e+00 1.124032e+00
    endloop
  endfacet
  facet normal 1.502787e-31 0.000000e+00 0.000000e+00
    outer loop
      vertex 1.060000e+01 6.500000e+00 -4.759683e-01
      vertex 1.100000e+01 6.500000e+00 -4.759683e-01
      vertex 1.070000e+01 6.500000e+00 -3.759683e-01
    endloop
  endfacet
  facet normal 1.502787e-31 0.000000e+00 0.000000e+00
    outer loop
      vertex 1.070000e+01 6.500000e+00 -3.759683e-01
      vertex 1.100000e+01 6.500000e+00 -4.759683e-01
      vertex 1.100000e+01 6.500000e+00 -3.759683e-01
    endloop
  endfacet
  facet normal -1.502787e-31 0.000000e+00 0.000000e+00
    outer loop
      vertex 8.950000e+00 6.800000e+00 6.990317e-01
      vertex 8.950000e+00 6.800000e+00 1.124032e+00
      vertex 9.050000e+00 6.800000e+00 1.024032e+00
    endloop
  endfacet
  facet normal -1.502787e-31 0.000000e+00 0.000000e+00
    outer loop
      vertex 9.050000e+00 6.800000e+00 1.024032e+00
      vertex 8.950000e+00 6.800000e+00 1.124032e+00
      vertex 1.030000e+01 6.800000e+00 1.124032e+00
    endloop
  endfacet
  facet normal -1.502787e-31 0.000000e+00 0.000000e+00
    outer loop
      vertex 9.050000e+00 6.800000e+00 1.024032e+00
      vertex 1.030000e+01 6.800000e+00 1.124032e+00
      vertex 1.028000e+01 6.800000e+00 1.024032e+00
    endloop
  endfacet
  facet normal -1.502787e-31 0.000000e+00 0.000000e+00
    outer loop
      vertex 1.028000e+01 6.800000e+00 1.024032e+00
      vertex 1.030000e+01 6.800000e+00 1.124032e+00
      vertex 1.050000e+01 6.800000e+00 9.440317e-01
    endloop
  endfacet
  facet normal -1.502787e-31 0.000000e+00 0.000000e+00
    outer loop
      vertex 1.030000e+01 6.800000e+00 1.124032e+00
      vertex 1.060000e+01 6.800000e+00 1.024032e+00
      vertex 1.050000e+01 6.800000e+00 9.440317e-01
    endloop
  endfacet
  facet normal -1.502787e-31 0.000000e+00 0.000000e+00
    outer loop
      vertex 1.050000e+01 6.800000e+00 9.440317e-01
      vertex 1.060000e+01 6.800000e+00 1.024032e+00
      vertex 1.070000e+01 6.800000e+00 -3.759683e-01
    endloop
  endfacet
  facet normal -1.502787e-31 0.000000e+00 0.000000e+00
    outer loop
      vertex 1.050000e+01 6.800000e+00 9.440317e-01
      vertex 1.070000e+01 6.800000e+00 -3.759683e-01
      vertex 1.060000e+01 6.800000e+00 -4.759683e-01
    endloop
  endfacet
  facet normal -1.502787e-31 0.000000e+00 0.000000e+00
    outer loop
      vertex 1.060000e+01 6.800000e+00 -4.759683e-01
      vertex 1.070000e+01 6.800000e+00 -3.759683e-01
      vertex 1.100000e+01 6.800000e+00 -4.759683e-01
    endloop
  endfacet
  facet normal -1.502787e-31 0.000000e+00 0.000000e+00
    outer loop
      vertex 1.070000e+01 6.800000e+00 -3.759683e-01
      vertex 1.100000e+01 6.800000e+00 -3.759683e-01
      vertex 1.100000e+01 6.800000e+00 -4.759683e-01
    endloop
  endfacet
  facet normal -1.502787e-31 0.000000e+00 0.000000e+00
    outer loop
      vertex 9.050000e+00 6.800000e+00 1.024032e+00
      vertex 9.050000e+00 6.800000e+00 5.990317e-01
      vertex 8.950000e+00 6.800000e+00 6.990317e-01
    endloop
  endfacet
  facet normal -1.502787e-31 0.000000e+00 0.000000e+00
    outer loop
      vertex 8.950000e+00 6.800000e+00 6.990317e-01
      vertex 9.050000e+00 6.800000e+00 5.990317e-01
      vertex 8.800000e+00 6.800000e+00 5.990317e-01
    endloop
  endfacet
  facet normal -1.502787e-31 0.000000e+00 0.000000e+00
    outer loop
      vertex 8.950000e+00 6.800000e+00 6.990317e-01
      vertex 8.800000e+00 6.800000e+00 5.990317e-01
      vertex 8.800000e+00 6.800000e+00 6.990317e-01
    endloop
  endfacet
endsolid PEC:Pin_9_3
solid PEC:Pin_10_1
  facet normal 0.000000e+00 0.000000e+00 0.000000e+00
    outer loop
      vertex 2.870000e+00 3.820000e+00 6.990317e-01
      vertex 2.870000e+00 3.620000e+00 6.990317e-01
      vertex 2.870000e+00 3.820000e+00 5.990317e-01
    endloop
  endfacet
  facet normal 0.000000e+00 0.000000e+00 0.000000e+00
    outer loop
      vertex 2.870000e+00 3.820000e+00 5.990317e-01
      vertex 2.870000e+00 3.620000e+00 6.990317e-01
      vertex 2.870000e+00 3.620000e+00 5.990317e-01
    endloop
  endfacet
  facet normal -0.000000e+00 0.000000e+00 0.000000e+00
    outer loop
      vertex 2.870000e+00 3.620000e+00 6.990317e-01
      vertex 2.770000e+00 3.620000e+00 6.990317e-01
      vertex 2.870000e+00 3.620000e+00 5.990317e-01
    endloop
  endfacet
  facet normal -0.000000e+00 0.000000e+00 0.000000e+00
    outer loop
      vertex 2.870000e+00 3.620000e+00 5.990317e-01
      vertex 2.770000e+00 3.620000e+00 6.990317e-01
      vertex 2.770000e+00 3.620000e+00 5.990317e-01
    endloop
  endfacet
  facet normal -0.000000e+00 0.000000e+00 0.000000e+00
    outer loop
      vertex 2.870000e+00 3.820000e+00 5.990317e-01
      vertex 2.770000e+00 3.820000e+00 5.990317e-01
      vertex 2.870000e+00 3.820000e+00 6.990317e-01
    endloop
  endfacet
  facet normal -0.000000e+00 0.000000e+00 0.000000e+00
    outer loop
      vertex 2.870000e+00 3.820000e+00 6.990317e-01
      vertex 2.770000e+00 3.820000e+00 5.990317e-01
      vertex 2.770000e+00 3.820000e+00 6.990317e-01
    endloop
  endfacet
  facet normal 0.000000e+00 0.000000e+00 0.000000e+00
    outer loop
      vertex 2.770000e+00 3.820000e+00 6.990317e-01
      vertex 2.770000e+00 3.820000e+00 5.990317e-01
      vertex 1.200000e+00 2.950000e+00 6.990317e-01
    endloop
  endfacet
  facet normal 0.000000e+00 0.000000e+00 0.000000e+00
    outer loop
      vertex 1.200000e+00 2.950000e+00 6.990317e-01
      vertex 2.770000e+00 3.820000e+00 5.990317e-01
      vertex 1.200000e+00 2.950000e+00 5.990317e-01
    endloop
  endfacet
  facet normal 0.000000e+00 0.000000e+00 0.000000e+00
    outer loop
      vertex 2.770000e+00 3.620000e+00 5.990317e-01
      vertex 2.770000e+00 3.620000e+00 6.990317e-01
      vertex 1.200000e+00 2.650000e+00 5.990317e-01
    endloop
  endfacet
  facet normal 0.000000e+00 0.000000e+00 0.000000e+00
    outer loop
      vertex 1.200000e+00 2.650000e+00 5.990317e-01
      vertex 2.770000e+00 3.620000e+00 6.990317e-01
      vertex 1.200000e+00 2.650000e+00 6.990317e-01
    endloop
  endfacet
  facet normal 0.000000e+00 0.000000e+00 0.000000e+00
    outer loop
      vertex 1.050000e+00 2.650000e+00 1.124032e+00
      vertex 1.050000e+00 2.650000e+00 6.990317e-01
      vertex 1.050000e+00 2.950000e+00 1.124032e+00
    endloop
  endfacet
  facet normal 0.000000e+00 0.000000e+00 0.000000e+00
    outer loop
      vertex 1.050000e+00 2.950000e+00 1.124032e+00
      vertex 1.050000e+00 2.650000e+00 6.990317e-01
      vertex 1.050000e+00 2.950000e+00 6.990317e-01
    endloop
  endfacet
  facet normal 1.000000e+00 0.000000e+00 0.000000e+00
    outer loop
      vertex 1.050000e+00 2.650000e+00 6.990317e-01
      vertex 1.200000e+00 2.650000e+00 6.990317e-01
      vertex 1.050000e+00 2.950000e+00 6.990317e-01
    endloop
  endfacet
  facet normal 1.000000e+00 0.000000e+00 0.000000e+00
    outer loop
      vertex 1.050000e+00 2.950000e+00 6.990317e-01
      vertex 1.200000e+00 2.650000e+00 6.990317e-01
      vertex 1.200000e+00 2.950000e+00 6.990317e-01
    endloop
  endfacet
  facet normal 1.000000e+00 0.000000e+00 0.000000e+00
    outer loop
      vertex 1.200000e+00 2.650000e+00 6.990317e-01
      vertex 2.770000e+00 3.620000e+00 6.990317e-01
      vertex 1.200000e+00 2.950000e+00 6.990317e-01
    endloop
  endfacet
  facet normal 1.000000e+00 0.000000e+00 0.000000e+00
    outer loop
      vertex 1.200000e+00 2.950000e+00 6.990317e-01
      vertex 2.770000e+00 3.620000e+00 6.990317e-01
      vertex 2.770000e+00 3.820000e+00 6.990317e-01
    endloop
  endfacet
  facet normal 1.000000e+00 0.000000e+00 0.000000e+00
    outer loop
      vertex 2.770000e+00 3.620000e+00 6.990317e-01
      vertex 2.870000e+00 3.620000e+00 6.990317e-01
      vertex 2.770000e+00 3.820000e+00 6.990317e-01
    endloop
  endfacet
  facet normal 1.000000e+00 0.000000e+00 0.000000e+00
    outer loop
      vertex 2.770000e+00 3.820000e+00 6.990317e-01
      vertex 2.870000e+00 3.620000e+00 6.990317e-01
      vertex 2.870000e+00 3.820000e+00 6.990317e-01
    endloop
  endfacet
  facet normal -1.000000e+00 0.000000e+00 0.000000e+00
    outer loop
      vertex 2.770000e+00 3.620000e+00 5.990317e-01
      vertex 1.200000e+00 2.650000e+00 5.990317e-01
      vertex 1.200000e+00 2.950000e+00 5.990317e-01
    endloop
  endfacet
  facet normal -1.000000e+00 0.000000e+00 0.000000e+00
    outer loop
      vertex 1.200000e+00 2.950000e+00 5.990317e-01
      vertex 1.200000e+00 2.650000e+00 5.990317e-01
      vertex 9.500000e-01 2.650000e+00 5.990317e-01
    endloop
  endfacet
  facet normal -1.000000e+00 0.000000e+00 0.000000e+00
    outer loop
      vertex 1.200000e+00 2.950000e+00 5.990317e-01
      vertex 9.500000e-01 2.650000e+00 5.990317e-01
      vertex 9.500000e-01 2.950000e+00 5.990317e-01
    endloop
  endfacet
  facet normal -1.000000e+00 0.000000e+00 0.000000e+00
    outer loop
      vertex 1.200000e+00 2.950000e+00 5.990317e-01
      vertex 2.770000e+00 3.820000e+00 5.990317e-01
      vertex 2.770000e+00 3.620000e+00 5.990317e-01
    endloop
  endfacet
  facet normal -1.000000e+00 0.000000e+00 0.000000e+00
    outer loop
      vertex 2.770000e+00 3.620000e+00 5.990317e-01
      vertex 2.770000e+00 3.820000e+00 5.990317e-01
      vertex 2.870000e+00 3.820000e+00 5.990317e-01
    endloop
  endfacet
  facet normal -1.000000e+00 0.000000e+00 0.000000e+00
    outer loop
      vertex 2.770000e+00 3.620000e+00 5.990317e-01
      vertex 2.870000e+00 3.820000e+00 5.990317e-01
      vertex 2.870000e+00 3.620000e+00 5.990317e-01
    endloop
  endfacet
  facet normal 0.000000e+00 0.000000e+00 0.000000e+00
    outer loop
      vertex 9.500000e-01 2.650000e+00 5.990317e-01
      vertex 9.500000e-01 2.650000e+00 1.024032e+00
      vertex 9.500000e-01 2.950000e+00 5.990317e-01
    endloop
  endfacet
  facet normal 0.000000e+00 0.000000e+00 0.000000e+00
    outer loop
      vertex 9.500000e-01 2.950000e+00 5.990317e-01
      vertex 9.500000e-01 2.650000e+00 1.024032e+00
      vertex 9.500000e-01 2.950000e+00 1.024032e+00
    endloop
  endfacet
  facet normal 1.000000e+00 0.000000e+00 0.000000e+00
    outer loop
      vertex 1.050000e+00 2.950000e+00 1.124032e+00
      vertex -3.000000e-01 2.950000e+00 1.124032e+00
      vertex 1.050000e+00 2.650000e+00 1.124032e+00
    endloop
  endfacet
  facet normal 1.000000e+00 0.000000e+00 0.000000e+00
    outer loop
      vertex 1.050000e+00 2.650000e+00 1.124032e+00
      vertex -3.000000e-01 2.950000e+00 1.124032e+00
      vertex -3.000000e-01 2.650000e+00 1.124032e+00
    endloop
  endfacet
  facet normal 9.486833e-01 0.000000e+00 0.000000e+00
    outer loop
      vertex -3.000000e-01 2.950000e+00 1.124032e+00
      vertex -6.000000e-01 2.950000e+00 1.024032e+00
      vertex -3.000000e-01 2.650000e+00 1.124032e+00
    endloop
  endfacet
  facet normal 9.486833e-01 0.000000e+00 0.000000e+00
    outer loop
      vertex -3.000000e-01 2.650000e+00 1.124032e+00
      vertex -6.000000e-01 2.950000e+00 1.024032e+00
      vertex -6.000000e-01 2.650000e+00 1.024032e+00
    endloop
  endfacet
  facet normal 7.124705e-02 0.000000e+00 0.000000e+00
    outer loop
      vertex -6.000000e-01 2.950000e+00 1.024032e+00
      vertex -7.000000e-01 2.950000e+00 -3.759683e-01
      vertex -6.000000e-01 2.650000e+00 1.024032e+00
    endloop
  endfacet
  facet normal 7.124705e-02 0.000000e+00 0.000000e+00
    outer loop
      vertex -6.000000e-01 2.650000e+00 1.024032e+00
      vertex -7.000000e-01 2.950000e+00 -3.759683e-01
      vertex -7.000000e-01 2.650000e+00 -3.759683e-01
    endloop
  endfacet
  facet normal 1.000000e+00 0.000000e+00 0.000000e+00
    outer loop
      vertex -7.000000e-01 2.950000e+00 -3.759683e-01
      vertex -1.000000e+00 2.950000e+00 -3.759683e-01
      vertex -7.000000e-01 2.650000e+00 -3.759683e-01
    endloop
  endfacet
  facet normal 1.000000e+00 0.000000e+00 0.000000e+00
    outer loop
      vertex -7.000000e-01 2.650000e+00 -3.759683e-01
      vertex -1.000000e+00 2.950000e+00 -3.759683e-01
      vertex -1.000000e+00 2.650000e+00 -3.759683e-01
    endloop
  endfacet
  facet normal 0.000000e+00 0.000000e+00 0.000000e+00
    outer loop
      vertex -1.000000e+00 2.950000e+00 -3.759683e-01
      vertex -1.000000e+00 2.950000e+00 -4.759683e-01
      vertex -1.000000e+00 2.650000e+00 -3.759683e-01
    endloop
  endfacet
  facet normal 0.000000e+00 0.000000e+00 0.000000e+00
    outer loop
      vertex -1.000000e+00 2.650000e+00 -3.759683e-01
      vertex -1.000000e+00 2.950000e+00 -4.759683e-01
      vertex -1.000000e+00 2.650000e+00 -4.759683e-01
    endloop
  endfacet
  facet normal -1.000000e+00 0.000000e+00 0.000000e+00
    outer loop
      vertex -1.000000e+00 2.950000e+00 -4.759683e-01
      vertex -6.000000e-01 2.950000e+00 -4.759683e-01
      vertex -1.000000e+00 2.650000e+00 -4.759683e-01
    endloop
  endfacet
  facet normal -1.000000e+00 0.000000e+00 0.000000e+00
    outer loop
      vertex -1.000000e+00 2.650000e+00 -4.759683e-01
      vertex -6.000000e-01 2.950000e+00 -4.759683e-01
      vertex -6.000000e-01 2.650000e+00 -4.759683e-01
    endloop
  endfacet
  facet normal -7.024856e-02 0.000000e+00 0.000000e+00
    outer loop
      vertex -6.000000e-01 2.950000e+00 -4.759683e-01
      vertex -5.000000e-01 2.950000e+00 9.440317e-01
      vertex -6.000000e-01 2.650000e+00 -4.759683e-01
    endloop
  endfacet
  facet normal -7.024856e-02 0.000000e+00 0.000000e+00
    outer loop
      vertex -6.000000e-01 2.650000e+00 -4.759683e-01
      vertex -5.000000e-01 2.950000e+00 9.440317e-01
      vertex -5.000000e-01 2.650000e+00 9.440317e-01
    endloop
  endfacet
  facet normal -9.397934e-01 0.000000e+00 0.000000e+00
    outer loop
      vertex -5.000000e-01 2.950000e+00 9.440317e-01
      vertex -2.800000e-01 2.950000e+00 1.024032e+00
      vertex -5.000000e-01 2.650000e+00 9.440317e-01
    endloop
  endfacet
  facet normal -9.397934e-01 0.000000e+00 0.000000e+00
    outer loop
      vertex -5.000000e-01 2.650000e+00 9.440317e-01
      vertex -2.800000e-01 2.950000e+00 1.024032e+00
      vertex -2.800000e-01 2.650000e+00 1.024032e+00
    endloop
  endfacet
  facet normal -1.000000e+00 0.000000e+00 0.000000e+00
    outer loop
      vertex -2.800000e-01 2.950000e+00 1.024032e+00
      vertex 9.500000e-01 2.950000e+00 1.024032e+00
      vertex -2.800000e-01 2.650000e+00 1.024032e+00
    endloop
  endfacet
  facet normal -1.000000e+00 0.000000e+00 0.000000e+00
    outer loop
      vertex -2.800000e-01 2.650000e+00 1.024032e+00
      vertex 9.500000e-01 2.950000e+00 1.024032e+00
      vertex 9.500000e-01 2.650000e+00 1.024032e+00
    endloop
  endfacet
  facet normal 1.502787e-31 0.000000e+00 0.000000e+00
    outer loop
      vertex 1.050000e+00 2.950000e+00 1.124032e+00
      vertex 9.500000e-01 2.950000e+00 1.024032e+00
      vertex -3.000000e-01 2.950000e+00 1.124032e+00
    endloop
  endfacet
  facet normal 1.502787e-31 0.000000e+00 0.000000e+00
    outer loop
      vertex -3.000000e-01 2.950000e+00 1.124032e+00
      vertex 9.500000e-01 2.950000e+00 1.024032e+00
      vertex -2.800000e-01 2.950000e+00 1.024032e+00
    endloop
  endfacet
  facet normal 1.502787e-31 0.000000e+00 0.000000e+00
    outer loop
      vertex -3.000000e-01 2.950000e+00 1.124032e+00
      vertex -2.800000e-01 2.950000e+00 1.024032e+00
      vertex -5.000000e-01 2.950000e+00 9.440317e-01
    endloop
  endfacet
  facet normal 1.502787e-31 0.000000e+00 0.000000e+00
    outer loop
      vertex 1.050000e+00 2.950000e+00 1.124032e+00
      vertex 1.050000e+00 2.950000e+00 6.990317e-01
      vertex 9.500000e-01 2.950000e+00 1.024032e+00
    endloop
  endfacet
  facet normal 1.502787e-31 0.000000e+00 0.000000e+00
    outer loop
      vertex 9.500000e-01 2.950000e+00 1.024032e+00
      vertex 1.050000e+00 2.950000e+00 6.990317e-01
      vertex 9.500000e-01 2.950000e+00 5.990317e-01
    endloop
  endfacet
  facet normal 1.502787e-31 0.000000e+00 0.000000e+00
    outer loop
      vertex 1.200000e+00 2.950000e+00 6.990317e-01
      vertex 1.200000e+00 2.950000e+00 5.990317e-01
      vertex 1.050000e+00 2.950000e+00 6.990317e-01
    endloop
  endfacet
  facet normal 1.502787e-31 0.000000e+00 0.000000e+00
    outer loop
      vertex 1.050000e+00 2.950000e+00 6.990317e-01
      vertex 1.200000e+00 2.950000e+00 5.990317e-01
      vertex 9.500000e-01 2.950000e+00 5.990317e-01
    endloop
  endfacet
  facet normal 1.502787e-31 0.000000e+00 0.000000e+00
    outer loop
      vertex -6.000000e-01 2.950000e+00 -4.759683e-01
      vertex -7.000000e-01 2.950000e+00 -3.759683e-01
      vertex -5.000000e-01 2.950000e+00 9.440317e-01
    endloop
  endfacet
  facet normal 1.502787e-31 0.000000e+00 0.000000e+00
    outer loop
      vertex -5.000000e-01 2.950000e+00 9.440317e-01
      vertex -7.000000e-01 2.950000e+00 -3.759683e-01
      vertex -6.000000e-01 2.950000e+00 1.024032e+00
    endloop
  endfacet
  facet normal 1.502787e-31 0.000000e+00 0.000000e+00
    outer loop
      vertex -5.000000e-01 2.950000e+00 9.440317e-01
      vertex -6.000000e-01 2.950000e+00 1.024032e+00
      vertex -3.000000e-01 2.950000e+00 1.124032e+00
    endloop
  endfacet
  facet normal 1.502787e-31 0.000000e+00 0.000000e+00
    outer loop
      vertex -6.000000e-01 2.950000e+00 -4.759683e-01
      vertex -1.000000e+00 2.950000e+00 -4.759683e-01
      vertex -7.000000e-01 2.950000e+00 -3.759683e-01
    endloop
  endfacet
  facet normal 1.502787e-31 0.000000e+00 0.000000e+00
    outer loop
      vertex -7.000000e-01 2.950000e+00 -3.759683e-01
      vertex -1.000000e+00 2.950000e+00 -4.759683e-01
      vertex -1.000000e+00 2.950000e+00 -3.759683e-01
    endloop
  endfacet
  facet normal -1.502787e-31 0.000000e+00 0.000000e+00
    outer loop
      vertex 1.050000e+00 2.650000e+00 6.990317e-01
      vertex 1.050000e+00 2.650000e+00 1.124032e+00
      vertex 9.500000e-01 2.650000e+00 1.024032e+00
    endloop
  endfacet
  facet normal -1.502787e-31 0.000000e+00 0.000000e+00
    outer loop
      vertex 9.500000e-01 2.650000e+00 1.024032e+00
      vertex 1.050000e+00 2.650000e+00 1.124032e+00
      vertex -3.000000e-01 2.650000e+00 1.124032e+00
    endloop
  endfacet
  facet normal -1.502787e-31 0.000000e+00 0.000000e+00
    outer loop
      vertex 9.500000e-01 2.650000e+00 1.024032e+00
      vertex -3.000000e-01 2.650000e+00 1.124032e+00
      vertex -2.800000e-01 2.650000e+00 1.024032e+00
    endloop
  endfacet
  facet normal -1.502787e-31 0.000000e+00 0.000000e+00
    outer loop
      vertex -2.800000e-01 2.650000e+00 1.024032e+00
      vertex -3.000000e-01 2.650000e+00 1.124032e+00
      vertex -5.000000e-01 2.650000e+00 9.440317e-01
    endloop
  endfacet
  facet normal -1.502787e-31 0.000000e+00 0.000000e+00
    outer loop
      vertex -3.000000e-01 2.650000e+00 1.124032e+00
      vertex -6.000000e-01 2.650000e+00 1.024032e+00
      vertex -5.000000e-01 2.650000e+00 9.440317e-01
    endloop
  endfacet
  facet normal -1.502787e-31 0.000000e+00 0.000000e+00
    outer loop
      vertex -5.000000e-01 2.650000e+00 9.440317e-01
      vertex -6.000000e-01 2.650000e+00 1.024032e+00
      vertex -7.000000e-01 2.650000e+00 -3.759683e-01
    endloop
  endfacet
  facet normal -1.502787e-31 0.000000e+00 0.000000e+00
    outer loop
      vertex -5.000000e-01 2.650000e+00 9.440317e-01
      vertex -7.000000e-01 2.650000e+00 -3.759683e-01
      vertex -6.000000e-01 2.650000e+00 -4.759683e-01
    endloop
  endfacet
  facet normal -1.502787e-31 0.000000e+00 0.000000e+00
    outer loop
      vertex -6.000000e-01 2.650000e+00 -4.759683e-01
      vertex -7.000000e-01 2.650000e+00 -3.759683e-01
      vertex -1.000000e+00 2.650000e+00 -4.759683e-01
    endloop
  endfacet
  facet normal -1.502787e-31 0.000000e+00 0.000000e+00
    outer loop
      vertex -7.000000e-01 2.650000e+00 -3.759683e-01
      vertex -1.000000e+00 2.650000e+00 -3.759683e-01
      vertex -1.000000e+00 2.650000e+00 -4.759683e-01
    endloop
  endfacet
  facet normal -1.502787e-31 0.000000e+00 0.000000e+00
    outer loop
      vertex 9.500000e-01 2.650000e+00 1.024032e+00
      vertex 9.500000e-01 2.650000e+00 5.990317e-01
      vertex 1.050000e+00 2.650000e+00 6.990317e-01
    endloop
  endfacet
  facet normal -1.502787e-31 0.000000e+00 0.000000e+00
    outer loop
      vertex 1.050000e+00 2.650000e+00 6.990317e-01
      vertex 9.500000e-01 2.650000e+00 5.990317e-01
      vertex 1.200000e+00 2.650000e+00 5.990317e-01
    endloop
  endfacet
  facet normal -1.502787e-31 0.000000e+00 0.000000e+00
    outer loop
      vertex 1.050000e+00 2.650000e+00 6.990317e-01
      vertex 1.200000e+00 2.650000e+00 5.990317e-01
      vertex 1.200000e+00 2.650000e+00 6.990317e-01
    endloop
  endfacet
endsolid PEC:Pin_10_1
solid PEC:Pin_10_2
  facet normal 0.000000e+00 0.000000e+00 0.000000e+00
    outer loop
      vertex 6.180000e+00 2.870000e+00 6.990317e-01
      vertex 6.380000e+00 2.870000e+00 6.990317e-01
      vertex 6.180000e+00 2.870000e+00 5.990317e-01
    endloop
  endfacet
  facet normal 0.000000e+00 0.000000e+00 0.000000e+00
    outer loop
      vertex 6.180000e+00 2.870000e+00 5.990317e-01
      vertex 6.380000e+00 2.870000e+00 6.990317e-01
      vertex 6.380000e+00 2.870000e+00 5.990317e-01
    endloop
  endfacet
  facet normal -0.000000e+00 0.000000e+00 0.000000e+00
    outer loop
      vertex 6.380000e+00 2.870000e+00 6.990317e-01
      vertex 6.380000e+00 2.770000e+00 6.990317e-01
      vertex 6.380000e+00 2.870000e+00 5.990317e-01
    endloop
  endfacet
  facet normal -0.000000e+00 0.000000e+00 0.000000e+00
    outer loop
      vertex 6.380000e+00 2.870000e+00 5.990317e-01
      vertex 6.380000e+00 2.770000e+00 6.990317e-01
      vertex 6.380000e+00 2.770000e+00 5.990317e-01
    endloop
  endfacet
  facet normal -0.000000e+00 0.000000e+00 0.000000e+00
    outer loop
      vertex 6.180000e+00 2.870000e+00 5.990317e-01
      vertex 6.180000e+00 2.770000e+00 5.990317e-01
      vertex 6.180000e+00 2.870000e+00 6.990317e-01
    endloop
  endfacet
  facet normal -0.000000e+00 0.000000e+00 0.000000e+00
    outer loop
      vertex 6.180000e+00 2.870000e+00 6.990317e-01
      vertex 6.180000e+00 2.770000e+00 5.990317e-01
      vertex 6.180000e+00 2.770000e+00 6.990317e-01
    endloop
  endfacet
  facet normal 0.000000e+00 0.000000e+00 0.000000e+00
    outer loop
      vertex 6.180000e+00 2.770000e+00 6.990317e-01
      vertex 6.180000e+00 2.770000e+00 5.990317e-01
      vertex 7.050000e+00 1.200000e+00 6.990317e-01
    endloop
  endfacet
  facet normal 0.000000e+00 0.000000e+00 0.000000e+00
    outer loop
      vertex 7.050000e+00 1.200000e+00 6.990317e-01
      vertex 6.180000e+00 2.770000e+00 5.990317e-01
      vertex 7.050000e+00 1.200000e+00 5.990317e-01
    endloop
  endfacet
  facet normal 0.000000e+00 0.000000e+00 0.000000e+00
    outer loop
      vertex 6.380000e+00 2.770000e+00 5.990317e-01
      vertex 6.380000e+00 2.770000e+00 6.990317e-01
      vertex 7.350000e+00 1.200000e+00 5.990317e-01
    endloop
  endfacet
  facet normal 0.000000e+00 0.000000e+00 0.000000e+00
    outer loop
      vertex 7.350000e+00 1.200000e+00 5.990317e-01
      vertex 6.380000e+00 2.770000e+00 6.990317e-01
      vertex 7.350000e+00 1.200000e+00 6.990317e-01
    endloop
  endfacet
  facet normal 0.000000e+00 0.000000e+00 0.000000e+00
    outer loop
      vertex 7.350000e+00 1.050000e+00 1.124032e+00
      vertex 7.350000e+00 1.050000e+00 6.990317e-01
      vertex 7.050000e+00 1.050000e+00 1.124032e+00
    endloop
  endfacet
  facet normal 0.000000e+00 0.000000e+00 0.000000e+00
    outer loop
      vertex 7.050000e+00 1.050000e+00 1.124032e+00
      vertex 7.350000e+00 1.050000e+00 6.990317e-01
      vertex 7.050000e+00 1.050000e+00 6.990317e-01
    endloop
  endfacet
  facet normal 1.000000e+00 0.000000e+00 0.000000e+00
    outer loop
      vertex 7.350000e+00 1.050000e+00 6.990317e-01
      vertex 7.350000e+00 1.200000e+00 6.990317e-01
      vertex 7.050000e+00 1.050000e+00 6.990317e-01
    endloop
  endfacet
  facet normal 1.000000e+00 0.000000e+00 0.000000e+00
    outer loop
      vertex 7.050000e+00 1.050000e+00 6.990317e-01
      vertex 7.350000e+00 1.200000e+00 6.990317e-01
      vertex 7.050000e+00 1.200000e+00 6.990317e-01
    endloop
  endfacet
  facet normal 1.000000e+00 0.000000e+00 0.000000e+00
    outer loop
      vertex 7.350000e+00 1.200000e+00 6.990317e-01
      vertex 6.380000e+00 2.770000e+00 6.990317e-01
      vertex 7.050000e+00 1.200000e+00 6.990317e-01
    endloop
  endfacet
  facet normal 1.000000e+00 0.000000e+00 0.000000e+00
    outer loop
      vertex 7.050000e+00 1.200000e+00 6.990317e-01
      vertex 6.380000e+00 2.770000e+00 6.990317e-01
      vertex 6.180000e+00 2.770000e+00 6.990317e-01
    endloop
  endfacet
  facet normal 1.000000e+00 0.000000e+00 0.000000e+00
    outer loop
      vertex 6.380000e+00 2.770000e+00 6.990317e-01
      vertex 6.380000e+00 2.870000e+00 6.990317e-01
      vertex 6.180000e+00 2.770000e+00 6.990317e-01
    endloop
  endfacet
  facet normal 1.000000e+00 0.000000e+00 0.000000e+00
    outer loop
      vertex 6.180000e+00 2.770000e+00 6.990317e-01
      vertex 6.380000e+00 2.870000e+00 6.990317e-01
      vertex 6.180000e+00 2.870000e+00 6.990317e-01
    endloop
  endfacet
  facet normal -1.000000e+00 0.000000e+00 0.000000e+00
    outer loop
      vertex 6.380000e+00 2.770000e+00 5.990317e-01
      vertex 7.350000e+00 1.200000e+00 5.990317e-01
      vertex 7.050000e+00 1.200000e+00 5.990317e-01
    endloop
  endfacet
  facet normal -1.000000e+00 0.000000e+00 0.000000e+00
    outer loop
      vertex 7.050000e+00 1.200000e+00 5.990317e-01
      vertex 7.350000e+00 1.200000e+00 5.990317e-01
      vertex 7.350000e+00 9.500000e-01 5.990317e-01
    endloop
  endfacet
  facet normal -1.000000e+00 0.000000e+00 0.000000e+00
    outer loop
      vertex 7.050000e+00 1.200000e+00 5.990317e-01
      vertex 7.350000e+00 9.500000e-01 5.990317e-01
      vertex 7.050000e+00 9.500000e-01 5.990317e-01
    endloop
  endfacet
  facet normal -1.000000e+00 0.000000e+00 0.000000e+00
    outer loop
      vertex 7.050000e+00 1.200000e+00 5.990317e-01
      vertex 6.180000e+00 2.770000e+00 5.990317e-01
      vertex 6.380000e+00 2.770000e+00 5.990317e-01
    endloop
  endfacet
  facet normal -1.000000e+00 0.000000e+00 0.000000e+00
    outer loop
      vertex 6.380000e+00 2.770000e+00 5.990317e-01
      vertex 6.180000e+00 2.770000e+00 5.990317e-01
      vertex 6.180000e+00 2.870000e+00 5.990317e-01
    endloop
  endfacet
  facet normal -1.000000e+00 0.000000e+00 0.000000e+00
    outer loop
      vertex 6.380000e+00 2.770000e+00 5.990317e-01
      vertex 6.180000e+00 2.870000e+00 5.990317e-01
      vertex 6.380000e+00 2.870000e+00 5.990317e-01
    endloop
  endfacet
  facet normal 0.000000e+00 0.000000e+00 0.000000e+00
    outer loop
      vertex 7.350000e+00 9.500000e-01 5.990317e-01
      vertex 7.350000e+00 9.500000e-01 1.024032e+00
      vertex 7.050000e+00 9.500000e-01 5.990317e-01
    endloop
  endfacet
  facet normal 0.000000e+00 0.000000e+00 0.000000e+00
    outer loop
      vertex 7.050000e+00 9.500000e-01 5.990317e-01
      vertex 7.350000e+00 9.500000e-01 1.024032e+00
      vertex 7.050000e+00 9.500000e-01 1.024032e+00
    endloop
  endfacet
  facet normal 1.000000e+00 0.000000e+00 0.000000e+00
    outer loop
      vertex 7.050000e+00 1.050000e+00 1.124032e+00
      vertex 7.050000e+00 -3.000000e-01 1.124032e+00
      vertex 7.350000e+00 1.050000e+00 1.124032e+00
    endloop
  endfacet
  facet normal 1.000000e+00 0.000000e+00 0.000000e+00
    outer loop
      vertex 7.350000e+00 1.050000e+00 1.124032e+00
      vertex 7.050000e+00 -3.000000e-01 1.124032e+00
      vertex 7.350000e+00 -3.000000e-01 1.124032e+00
    endloop
  endfacet
  facet normal 9.486833e-01 0.000000e+00 0.000000e+00
    outer loop
      vertex 7.050000e+00 -3.000000e-01 1.124032e+00
      vertex 7.050000e+00 -6.000000e-01 1.024032e+00
      vertex 7.350000e+00 -3.000000e-01 1.124032e+00
    endloop
  endfacet
  facet normal 9.486833e-01 0.000000e+00 0.000000e+00
    outer loop
      vertex 7.350000e+00 -3.000000e-01 1.124032e+00
      vertex 7.050000e+00 -6.000000e-01 1.024032e+00
      vertex 7.350000e+00 -6.000000e-01 1.024032e+00
    endloop
  endfacet
  facet normal 7.124705e-02 0.000000e+00 0.000000e+00
    outer loop
      vertex 7.050000e+00 -6.000000e-01 1.024032e+00
      vertex 7.050000e+00 -7.000000e-01 -3.759683e-01
      vertex 7.350000e+00 -6.000000e-01 1.024032e+00
    endloop
  endfacet
  facet normal 7.124705e-02 0.000000e+00 0.000000e+00
    outer loop
      vertex 7.350000e+00 -6.000000e-01 1.024032e+00
      vertex 7.050000e+00 -7.000000e-01 -3.759683e-01
      vertex 7.350000e+00 -7.000000e-01 -3.759683e-01
    endloop
  endfacet
  facet normal 1.000000e+00 0.000000e+00 0.000000e+00
    outer loop
      vertex 7.050000e+00 -7.000000e-01 -3.759683e-01
      vertex 7.050000e+00 -1.000000e+00 -3.759683e-01
      vertex 7.350000e+00 -7.000000e-01 -3.759683e-01
    endloop
  endfacet
  facet normal 1.000000e+00 0.000000e+00 0.000000e+00
    outer loop
      vertex 7.350000e+00 -7.000000e-01 -3.759683e-01
      vertex 7.050000e+00 -1.000000e+00 -3.759683e-01
      vertex 7.350000e+00 -1.000000e+00 -3.759683e-01
    endloop
  endfacet
  facet normal 0.000000e+00 0.000000e+00 0.000000e+00
    outer loop
      vertex 7.050000e+00 -1.000000e+00 -3.759683e-01
      vertex 7.050000e+00 -1.000000e+00 -4.759683e-01
      vertex 7.350000e+00 -1.000000e+00 -3.759683e-01
    endloop
  endfacet
  facet normal 0.000000e+00 0.000000e+00 0.000000e+00
    outer loop
      vertex 7.350000e+00 -1.000000e+00 -3.759683e-01
      vertex 7.050000e+00 -1.000000e+00 -4.759683e-01
      vertex 7.350000e+00 -1.000000e+00 -4.759683e-01
    endloop
  endfacet
  facet normal -1.000000e+00 0.000000e+00 0.000000e+00
    outer loop
      vertex 7.050000e+00 -1.000000e+00 -4.759683e-01
      vertex 7.050000e+00 -6.000000e-01 -4.759683e-01
      vertex 7.350000e+00 -1.000000e+00 -4.759683e-01
    endloop
  endfacet
  facet normal -1.000000e+00 0.000000e+00 0.000000e+00
    outer loop
      vertex 7.350000e+00 -1.000000e+00 -4.759683e-01
      vertex 7.050000e+00 -6.000000e-01 -4.759683e-01
      vertex 7.350000e+00 -6.000000e-01 -4.759683e-01
    endloop
  endfacet
  facet normal -7.024856e-02 0.000000e+00 0.000000e+00
    outer loop
      vertex 7.050000e+00 -6.000000e-01 -4.759683e-01
      vertex 7.050000e+00 -5.000000e-01 9.440317e-01
      vertex 7.350000e+00 -6.000000e-01 -4.759683e-01
    endloop
  endfacet
  facet normal -7.024856e-02 0.000000e+00 0.000000e+00
    outer loop
      vertex 7.350000e+00 -6.000000e-01 -4.759683e-01
      vertex 7.050000e+00 -5.000000e-01 9.440317e-01
      vertex 7.350000e+00 -5.000000e-01 9.440317e-01
    endloop
  endfacet
  facet normal -9.397934e-01 0.000000e+00 0.000000e+00
    outer loop
      vertex 7.050000e+00 -5.000000e-01 9.440317e-01
      vertex 7.050000e+00 -2.800000e-01 1.024032e+00
      vertex 7.350000e+00 -5.000000e-01 9.440317e-01
    endloop
  endfacet
  facet normal -9.397934e-01 0.000000e+00 0.000000e+00
    outer loop
      vertex 7.350000e+00 -5.000000e-01 9.440317e-01
      vertex 7.050000e+00 -2.800000e-01 1.024032e+00
      vertex 7.350000e+00 -2.800000e-01 1.024032e+00
    endloop
  endfacet
  facet normal -1.000000e+00 0.000000e+00 0.000000e+00
    outer loop
      vertex 7.050000e+00 -2.800000e-01 1.024032e+00
      vertex 7.050000e+00 9.500000e-01 1.024032e+00
      vertex 7.350000e+00 -2.800000e-01 1.024032e+00
    endloop
  endfacet
  facet normal -1.000000e+00 0.000000e+00 0.000000e+00
    outer loop
      vertex 7.350000e+00 -2.800000e-01 1.024032e+00
      vertex 7.050000e+00 9.500000e-01 1.024032e+00
      vertex 7.350000e+00 9.500000e-01 1.024032e+00
    endloop
  endfacet
  facet normal 1.502787e-31 0.000000e+00 0.000000e+00
    outer loop
      vertex 7.050000e+00 1.050000e+00 1.124032e+00
      vertex 7.050000e+00 9.500000e-01 1.024032e+00
      vertex 7.050000e+00 -3.000000e-01 1.124032e+00
    endloop
  endfacet
  facet normal 1.502787e-31 0.000000e+00 0.000000e+00
    outer loop
      vertex 7.050000e+00 -3.000000e-01 1.124032e+00
      vertex 7.050000e+00 9.500000e-01 1.024032e+00
      vertex 7.050000e+00 -2.800000e-01 1.024032e+00
    endloop
  endfacet
  facet normal 1.502787e-31 0.000000e+00 0.000000e+00
    outer loop
      vertex 7.050000e+00 -3.000000e-01 1.124032e+00
      vertex 7.050000e+00 -2.800000e-01 1.024032e+00
      vertex 7.050000e+00 -5.000000e-01 9.440317e-01
    endloop
  endfacet
  facet normal 1.502787e-31 0.000000e+00 0.000000e+00
    outer loop
      vertex 7.050000e+00 1.050000e+00 1.124032e+00
      vertex 7.050000e+00 1.050000e+00 6.990317e-01
      vertex 7.050000e+00 9.500000e-01 1.024032e+00
    endloop
  endfacet
  facet normal 1.502787e-31 0.000000e+00 0.000000e+00
    outer loop
      vertex 7.050000e+00 9.500000e-01 1.024032e+00
      vertex 7.050000e+00 1.050000e+00 6.990317e-01
      vertex 7.050000e+00 9.500000e-01 5.990317e-01
    endloop
  endfacet
  facet normal 1.502787e-31 0.000000e+00 0.000000e+00
    outer loop
      vertex 7.050000e+00 1.200000e+00 6.990317e-01
      vertex 7.050000e+00 1.200000e+00 5.990317e-01
      vertex 7.050000e+00 1.050000e+00 6.990317e-01
    endloop
  endfacet
  facet normal 1.502787e-31 0.000000e+00 0.000000e+00
    outer loop
      vertex 7.050000e+00 1.050000e+00 6.990317e-01
      vertex 7.050000e+00 1.200000e+00 5.990317e-01
      vertex 7.050000e+00 9.500000e-01 5.990317e-01
    endloop
  endfacet
  facet normal 1.502787e-31 0.000000e+00 0.000000e+00
    outer loop
      vertex 7.050000e+00 -6.000000e-01 -4.759683e-01
      vertex 7.050000e+00 -7.000000e-01 -3.759683e-01
      vertex 7.050000e+00 -5.000000e-01 9.440317e-01
    endloop
  endfacet
  facet normal 1.502787e-31 0.000000e+00 0.000000e+00
    outer loop
      vertex 7.050000e+00 -5.000000e-01 9.440317e-01
      vertex 7.050000e+00 -7.000000e-01 -3.759683e-01
      vertex 7.050000e+00 -6.000000e-01 1.024032e+00
    endloop
  endfacet
  facet normal 1.502787e-31 0.000000e+00 0.000000e+00
    outer loop
      vertex 7.050000e+00 -5.000000e-01 9.440317e-01
      vertex 7.050000e+00 -6.000000e-01 1.024032e+00
      vertex 7.050000e+00 -3.000000e-01 1.124032e+00
    endloop
  endfacet
  facet normal 1.502787e-31 0.000000e+00 0.000000e+00
    outer loop
      vertex 7.050000e+00 -6.000000e-01 -4.759683e-01
      vertex 7.050000e+00 -1.000000e+00 -4.759683e-01
      vertex 7.050000e+00 -7.000000e-01 -3.759683e-01
    endloop
  endfacet
  facet normal 1.502787e-31 0.000000e+00 0.000000e+00
    outer loop
      vertex 7.050000e+00 -7.000000e-01 -3.759683e-01
      vertex 7.050000e+00 -1.000000e+00 -4.759683e-01
      vertex 7.050000e+00 -1.000000e+00 -3.759683e-01
    endloop
  endfacet
  facet normal -1.502787e-31 0.000000e+00 0.000000e+00
    outer loop
      vertex 7.350000e+00 1.050000e+00 6.990317e-01
      vertex 7.350000e+00 1.050000e+00 1.124032e+00
      vertex 7.350000e+00 9.500000e-01 1.024032e+00
    endloop
  endfacet
  facet normal -1.502787e-31 0.000000e+00 0.000000e+00
    outer loop
      vertex 7.350000e+00 9.500000e-01 1.024032e+00
      vertex 7.350000e+00 1.050000e+00 1.124032e+00
      vertex 7.350000e+00 -3.000000e-01 1.124032e+00
    endloop
  endfacet
  facet normal -1.502787e-31 0.000000e+00 0.000000e+00
    outer loop
      vertex 7.350000e+00 9.500000e-01 1.024032e+00
      vertex 7.350000e+00 -3.000000e-01 1.124032e+00
      vertex 7.350000e+00 -2.800000e-01 1.024032e+00
    endloop
  endfacet
  facet normal -1.502787e-31 0.000000e+00 0.000000e+00
    outer loop
      vertex 7.350000e+00 -2.800000e-01 1.024032e+00
      vertex 7.350000e+00 -3.000000e-01 1.124032e+00
      vertex 7.350000e+00 -5.000000e-01 9.440317e-01
    endloop
  endfacet
  facet normal -1.502787e-31 0.000000e+00 0.000000e+00
    outer loop
      vertex 7.350000e+00 -3.000000e-01 1.124032e+00
      vertex 7.350000e+00 -6.000000e-01 1.024032e+00
      vertex 7.350000e+00 -5.000000e-01 9.440317e-01
    endloop
  endfacet
  facet normal -1.502787e-31 0.000000e+00 0.000000e+00
    outer loop
      vertex 7.350000e+00 -5.000000e-01 9.440317e-01
      vertex 7.350000e+00 -6.000000e-01 1.024032e+00
      vertex 7.350000e+00 -7.000000e-01 -3.759683e-01
    endloop
  endfacet
  facet normal -1.502787e-31 0.000000e+00 0.000000e+00
    outer loop
      vertex 7.350000e+00 -5.000000e-01 9.440317e-01
      vertex 7.350000e+00 -7.000000e-01 -3.759683e-01
      vertex 7.350000e+00 -6.000000e-01 -4.759683e-01
    endloop
  endfacet
  facet normal -1.502787e-31 0.000000e+00 0.000000e+00
    outer loop
      vertex 7.350000e+00 -6.000000e-01 -4.759683e-01
      vertex 7.350000e+00 -7.000000e-01 -3.759683e-01
      vertex 7.350000e+00 -1.000000e+00 -4.759683e-01
    endloop
  endfacet
  facet normal -1.502787e-31 0.000000e+00 0.000000e+00
    outer loop
      vertex 7.350000e+00 -7.000000e-01 -3.759683e-01
      vertex 7.350000e+00 -1.000000e+00 -3.759683e-01
      vertex 7.350000e+00 -1.000000e+00 -4.759683e-01
    endloop
  endfacet
  facet normal -1.502787e-31 0.000000e+00 0.000000e+00
    outer loop
      vertex 7.350000e+00 9.500000e-01 1.024032e+00
      vertex 7.350000e+00 9.500000e-01 5.990317e-01
      vertex 7.350000e+00 1.050000e+00 6.990317e-01
    endloop
  endfacet
  facet normal -1.502787e-31 0.000000e+00 0.000000e+00
    outer loop
      vertex 7.350000e+00 1.050000e+00 6.990317e-01
      vertex 7.350000e+00 9.500000e-01 5.990317e-01
      vertex 7.350000e+00 1.200000e+00 5.990317e-01
    endloop
  endfacet
  facet normal -1.502787e-31 0.000000e+00 0.000000e+00
    outer loop
      vertex 7.350000e+00 1.050000e+00 6.990317e-01
      vertex 7.350000e+00 1.200000e+00 5.990317e-01
      vertex 7.350000e+00 1.200000e+00 6.990317e-01
    endloop
  endfacet
endsolid PEC:Pin_10_2
solid PEC:Pin_10_3
  facet normal 0.000000e+00 0.000000e+00 0.000000e+00
    outer loop
      vertex 7.130000e+00 6.180000e+00 6.990317e-01
      vertex 7.130000e+00 6.380000e+00 6.990317e-01
      vertex 7.130000e+00 6.180000e+00 5.990317e-01
    endloop
  endfacet
  facet normal 0.000000e+00 0.000000e+00 0.000000e+00
    outer loop
      vertex 7.130000e+00 6.180000e+00 5.990317e-01
      vertex 7.130000e+00 6.380000e+00 6.990317e-01
      vertex 7.130000e+00 6.380000e+00 5.990317e-01
    endloop
  endfacet
  facet normal -0.000000e+00 0.000000e+00 0.000000e+00
    outer loop
      vertex 7.130000e+00 6.380000e+00 6.990317e-01
      vertex 7.230000e+00 6.380000e+00 6.990317e-01
      vertex 7.130000e+00 6.380000e+00 5.990317e-01
    endloop
  endfacet
  facet normal -0.000000e+00 0.000000e+00 0.000000e+00
    outer loop
      vertex 7.130000e+00 6.380000e+00 5.990317e-01
      vertex 7.230000e+00 6.380000e+00 6.990317e-01
      vertex 7.230000e+00 6.380000e+00 5.990317e-01
    endloop
  endfacet
  facet normal -0.000000e+00 0.000000e+00 0.000000e+00
    outer loop
      vertex 7.130000e+00 6.180000e+00 5.990317e-01
      vertex 7.230000e+00 6.180000e+00 5.990317e-01
      vertex 7.130000e+00 6.180000e+00 6.990317e-01
    endloop
  endfacet
  facet normal -0.000000e+00 0.000000e+00 0.000000e+00
    outer loop
      vertex 7.130000e+00 6.180000e+00 6.990317e-01
      vertex 7.230000e+00 6.180000e+00 5.990317e-01
      vertex 7.230000e+00 6.180000e+00 6.990317e-01
    endloop
  endfacet
  facet normal 0.000000e+00 0.000000e+00 0.000000e+00
    outer loop
      vertex 7.230000e+00 6.180000e+00 6.990317e-01
      vertex 7.230000e+00 6.180000e+00 5.990317e-01
      vertex 8.800000e+00 7.050000e+00 6.990317e-01
    endloop
  endfacet
  facet normal 0.000000e+00 0.000000e+00 0.000000e+00
    outer loop
      vertex 8.800000e+00 7.050000e+00 6.990317e-01
      vertex 7.230000e+00 6.180000e+00 5.990317e-01
      vertex 8.800000e+00 7.050000e+00 5.990317e-01
    endloop
  endfacet
  facet normal 0.000000e+00 0.000000e+00 0.000000e+00
    outer loop
      vertex 7.230000e+00 6.380000e+00 5.990317e-01
      vertex 7.230000e+00 6.380000e+00 6.990317e-01
      vertex 8.800000e+00 7.350000e+00 5.990317e-01
    endloop
  endfacet
  facet normal 0.000000e+00 0.000000e+00 0.000000e+00
    outer loop
      vertex 8.800000e+00 7.350000e+00 5.990317e-01
      vertex 7.230000e+00 6.380000e+00 6.990317e-01
      vertex 8.800000e+00 7.350000e+00 6.990317e-01
    endloop
  endfacet
  facet normal 0.000000e+00 0.000000e+00 0.000000e+00
    outer loop
      vertex 8.950000e+00 7.350000e+00 1.124032e+00
      vertex 8.950000e+00 7.350000e+00 6.990317e-01
      vertex 8.950000e+00 7.050000e+00 1.124032e+00
    endloop
  endfacet
  facet normal 0.000000e+00 0.000000e+00 0.000000e+00
    outer loop
      vertex 8.950000e+00 7.050000e+00 1.124032e+00
      vertex 8.950000e+00 7.350000e+00 6.990317e-01
      vertex 8.950000e+00 7.050000e+00 6.990317e-01
    endloop
  endfacet
  facet normal 1.000000e+00 0.000000e+00 0.000000e+00
    outer loop
      vertex 8.950000e+00 7.350000e+00 6.990317e-01
      vertex 8.800000e+00 7.350000e+00 6.990317e-01
      vertex 8.950000e+00 7.050000e+00 6.990317e-01
    endloop
  endfacet
  facet normal 1.000000e+00 0.000000e+00 0.000000e+00
    outer loop
      vertex 8.950000e+00 7.050000e+00 6.990317e-01
      vertex 8.800000e+00 7.350000e+00 6.990317e-01
      vertex 8.800000e+00 7.050000e+00 6.990317e-01
    endloop
  endfacet
  facet normal 1.000000e+00 0.000000e+00 0.000000e+00
    outer loop
      vertex 8.800000e+00 7.350000e+00 6.990317e-01
      vertex 7.230000e+00 6.380000e+00 6.990317e-01
      vertex 8.800000e+00 7.050000e+00 6.990317e-01
    endloop
  endfacet
  facet normal 1.000000e+00 0.000000e+00 0.000000e+00
    outer loop
      vertex 8.800000e+00 7.050000e+00 6.990317e-01
      vertex 7.230000e+00 6.380000e+00 6.990317e-01
      vertex 7.230000e+00 6.180000e+00 6.990317e-01
    endloop
  endfacet
  facet normal 1.000000e+00 0.000000e+00 0.000000e+00
    outer loop
      vertex 7.230000e+00 6.380000e+00 6.990317e-01
      vertex 7.130000e+00 6.380000e+00 6.990317e-01
      vertex 7.230000e+00 6.180000e+00 6.990317e-01
    endloop
  endfacet
  facet normal 1.000000e+00 0.000000e+00 0.000000e+00
    outer loop
      vertex 7.230000e+00 6.180000e+00 6.990317e-01
      vertex 7.130000e+00 6.380000e+00 6.990317e-01
      vertex 7.130000e+00 6.180000e+00 6.990317e-01
    endloop
  endfacet
  facet normal -1.000000e+00 0.000000e+00 0.000000e+00
    outer loop
      vertex 7.230000e+00 6.380000e+00 5.990317e-01
      vertex 8.800000e+00 7.350000e+00 5.990317e-01
      vertex 8.800000e+00 7.050000e+00 5.990317e-01
    endloop
  endfacet
  facet normal -1.000000e+00 0.000000e+00 0.000000e+00
    outer loop
      vertex 8.800000e+00 7.050000e+00 5.990317e-01
      vertex 8.800000e+00 7.350000e+00 5.990317e-01
      vertex 9.050000e+00 7.350000e+00 5.990317e-01
    endloop
  endfacet
  facet normal -1.000000e+00 0.000000e+00 0.000000e+00
    outer loop
      vertex 8.800000e+00 7.050000e+00 5.990317e-01
      vertex 9.050000e+00 7.350000e+00 5.990317e-01
      vertex 9.050000e+00 7.050000e+00 5.990317e-01
    endloop
  endfacet
  facet normal -1.000000e+00 0.000000e+00 0.000000e+00
    outer loop
      vertex 8.800000e+00 7.050000e+00 5.990317e-01
      vertex 7.230000e+00 6.180000e+00 5.990317e-01
      vertex 7.230000e+00 6.380000e+00 5.990317e-01
    endloop
  endfacet
  facet normal -1.000000e+00 0.000000e+00 0.000000e+00
    outer loop
      vertex 7.230000e+00 6.380000e+00 5.990317e-01
      vertex 7.230000e+00 6.180000e+00 5.990317e-01
      vertex 7.130000e+00 6.180000e+00 5.990317e-01
    endloop
  endfacet
  facet normal -1.000000e+00 0.000000e+00 0.000000e+00
    outer loop
      vertex 7.230000e+00 6.380000e+00 5.990317e-01
      vertex 7.130000e+00 6.180000e+00 5.990317e-01
      vertex 7.130000e+00 6.380000e+00 5.990317e-01
    endloop
  endfacet
  facet normal 0.000000e+00 0.000000e+00 0.000000e+00
    outer loop
      vertex 9.050000e+00 7.350000e+00 5.990317e-01
      vertex 9.050000e+00 7.350000e+00 1.024032e+00
      vertex 9.050000e+00 7.050000e+00 5.990317e-01
    endloop
  endfacet
  facet normal 0.000000e+00 0.000000e+00 0.000000e+00
    outer loop
      vertex 9.050000e+00 7.050000e+00 5.990317e-01
      vertex 9.050000e+00 7.350000e+00 1.024032e+00
      vertex 9.050000e+00 7.050000e+00 1.024032e+00
    endloop
  endfacet
  facet normal 1.000000e+00 0.000000e+00 0.000000e+00
    outer loop
      vertex 8.950000e+00 7.050000e+00 1.124032e+00
      vertex 1.030000e+01 7.050000e+00 1.124032e+00
      vertex 8.950000e+00 7.350000e+00 1.124032e+00
    endloop
  endfacet
  facet normal 1.000000e+00 0.000000e+00 0.000000e+00
    outer loop
      vertex 8.950000e+00 7.350000e+00 1.124032e+00
      vertex 1.030000e+01 7.050000e+00 1.124032e+00
      vertex 1.030000e+01 7.350000e+00 1.124032e+00
    endloop
  endfacet
  facet normal 9.486833e-01 0.000000e+00 0.000000e+00
    outer loop
      vertex 1.030000e+01 7.050000e+00 1.124032e+00
      vertex 1.060000e+01 7.050000e+00 1.024032e+00
      vertex 1.030000e+01 7.350000e+00 1.124032e+00
    endloop
  endfacet
  facet normal 9.486833e-01 0.000000e+00 0.000000e+00
    outer loop
      vertex 1.030000e+01 7.350000e+00 1.124032e+00
      vertex 1.060000e+01 7.050000e+00 1.024032e+00
      vertex 1.060000e+01 7.350000e+00 1.024032e+00
    endloop
  endfacet
  facet normal 7.124705e-02 0.000000e+00 0.000000e+00
    outer loop
      vertex 1.060000e+01 7.050000e+00 1.024032e+00
      vertex 1.070000e+01 7.050000e+00 -3.759683e-01
      vertex 1.060000e+01 7.350000e+00 1.024032e+00
    endloop
  endfacet
  facet normal 7.124705e-02 0.000000e+00 0.000000e+00
    outer loop
      vertex 1.060000e+01 7.350000e+00 1.024032e+00
      vertex 1.070000e+01 7.050000e+00 -3.759683e-01
      vertex 1.070000e+01 7.350000e+00 -3.759683e-01
    endloop
  endfacet
  facet normal 1.000000e+00 0.000000e+00 0.000000e+00
    outer loop
      vertex 1.070000e+01 7.050000e+00 -3.759683e-01
      vertex 1.100000e+01 7.050000e+00 -3.759683e-01
      vertex 1.070000e+01 7.350000e+00 -3.759683e-01
    endloop
  endfacet
  facet normal 1.000000e+00 0.000000e+00 0.000000e+00
    outer loop
      vertex 1.070000e+01 7.350000e+00 -3.759683e-01
      vertex 1.100000e+01 7.050000e+00 -3.759683e-01
      vertex 1.100000e+01 7.350000e+00 -3.759683e-01
    endloop
  endfacet
  facet normal 0.000000e+00 0.000000e+00 0.000000e+00
    outer loop
      vertex 1.100000e+01 7.050000e+00 -3.759683e-01
      vertex 1.100000e+01 7.050000e+00 -4.759683e-01
      vertex 1.100000e+01 7.350000e+00 -3.759683e-01
    endloop
  endfacet
  facet normal 0.000000e+00 0.000000e+00 0.000000e+00
    outer loop
      vertex 1.100000e+01 7.350000e+00 -3.759683e-01
      vertex 1.100000e+01 7.050000e+00 -4.759683e-01
      vertex 1.100000e+01 7.350000e+00 -4.759683e-01
    endloop
  endfacet
  facet normal -1.000000e+00 0.000000e+00 0.000000e+00
    outer loop
      vertex 1.100000e+01 7.050000e+00 -4.759683e-01
      vertex 1.060000e+01 7.050000e+00 -4.759683e-01
      vertex 1.100000e+01 7.350000e+00 -4.759683e-01
    endloop
  endfacet
  facet normal -1.000000e+00 0.000000e+00 0.000000e+00
    outer loop
      vertex 1.100000e+01 7.350000e+00 -4.759683e-01
      vertex 1.060000e+01 7.050000e+00 -4.759683e-01
      vertex 1.060000e+01 7.350000e+00 -4.759683e-01
    endloop
  endfacet
  facet normal -7.024856e-02 0.000000e+00 0.000000e+00
    outer loop
      vertex 1.060000e+01 7.050000e+00 -4.759683e-01
      vertex 1.050000e+01 7.050000e+00 9.440317e-01
      vertex 1.060000e+01 7.350000e+00 -4.759683e-01
    endloop
  endfacet
  facet normal -7.024856e-02 0.000000e+00 0.000000e+00
    outer loop
      vertex 1.060000e+01 7.350000e+00 -4.759683e-01
      vertex 1.050000e+01 7.050000e+00 9.440317e-01
      vertex 1.050000e+01 7.350000e+00 9.440317e-01
    endloop
  endfacet
  facet normal -9.397934e-01 0.000000e+00 0.000000e+00
    outer loop
      vertex 1.050000e+01 7.050000e+00 9.440317e-01
      vertex 1.028000e+01 7.050000e+00 1.024032e+00
      vertex 1.050000e+01 7.350000e+00 9.440317e-01
    endloop
  endfacet
  facet normal -9.397934e-01 0.000000e+00 0.000000e+00
    outer loop
      vertex 1.050000e+01 7.350000e+00 9.440317e-01
      vertex 1.028000e+01 7.050000e+00 1.024032e+00
      vertex 1.028000e+01 7.350000e+00 1.024032e+00
    endloop
  endfacet
  facet normal -1.000000e+00 0.000000e+00 0.000000e+00
    outer loop
      vertex 1.028000e+01 7.050000e+00 1.024032e+00
      vertex 9.050000e+00 7.050000e+00 1.024032e+00
      vertex 1.028000e+01 7.350000e+00 1.024032e+00
    endloop
  endfacet
  facet normal -1.000000e+00 0.000000e+00 0.000000e+00
    outer loop
      vertex 1.028000e+01 7.350000e+00 1.024032e+00
      vertex 9.050000e+00 7.050000e+00 1.024032e+00
      vertex 9.050000e+00 7.350000e+00 1.024032e+00
    endloop
  endfacet
  facet normal 1.502787e-31 0.000000e+00 0.000000e+00
    outer loop
      vertex 8.950000e+00 7.050000e+00 1.124032e+00
      vertex 9.050000e+00 7.050000e+00 1.024032e+00
      vertex 1.030000e+01 7.050000e+00 1.124032e+00
    endloop
  endfacet
  facet normal 1.502787e-31 0.000000e+00 0.000000e+00
    outer loop
      vertex 1.030000e+01 7.050000e+00 1.124032e+00
      vertex 9.050000e+00 7.050000e+00 1.024032e+00
      vertex 1.028000e+01 7.050000e+00 1.024032e+00
    endloop
  endfacet
  facet normal 1.502787e-31 0.000000e+00 0.000000e+00
    outer loop
      vertex 1.030000e+01 7.050000e+00 1.124032e+00
      vertex 1.028000e+01 7.050000e+00 1.024032e+00
      vertex 1.050000e+01 7.050000e+00 9.440317e-01
    endloop
  endfacet
  facet normal 1.502787e-31 0.000000e+00 0.000000e+00
    outer loop
      vertex 8.950000e+00 7.050000e+00 1.124032e+00
      vertex 8.950000e+00 7.050000e+00 6.990317e-01
      vertex 9.050000e+00 7.050000e+00 1.024032e+00
    endloop
  endfacet
  facet normal 1.502787e-31 0.000000e+00 0.000000e+00
    outer loop
      vertex 9.050000e+00 7.050000e+00 1.024032e+00
      vertex 8.950000e+00 7.050000e+00 6.990317e-01
      vertex 9.050000e+00 7.050000e+00 5.990317e-01
    endloop
  endfacet
  facet normal 1.502787e-31 0.000000e+00 0.000000e+00
    outer loop
      vertex 8.800000e+00 7.050000e+00 6.990317e-01
      vertex 8.800000e+00 7.050000e+00 5.990317e-01
      vertex 8.950000e+00 7.050000e+00 6.990317e-01
    endloop
  endfacet
  facet normal 1.502787e-31 0.000000e+00 0.000000e+00
    outer loop
      vertex 8.950000e+00 7.050000e+00 6.990317e-01
      vertex 8.800000e+00 7.050000e+00 5.990317e-01
      vertex 9.050000e+00 7.050000e+00 5.990317e-01
    endloop
  endfacet
  facet normal 1.502787e-31 0.000000e+00 0.000000e+00
    outer loop
      vertex 1.060000e+01 7.050000e+00 -4.759683e-01
      vertex 1.070000e+01 7.050000e+00 -3.759683e-01
      vertex 1.050000e+01 7.050000e+00 9.440317e-01
    endloop
  endfacet
  facet normal 1.502787e-31 0.000000e+00 0.000000e+00
    outer loop
      vertex 1.050000e+01 7.050000e+00 9.440317e-01
      vertex 1.070000e+01 7.050000e+00 -3.759683e-01
      vertex 1.060000e+01 7.050000e+00 1.024032e+00
    endloop
  endfacet
  facet normal 1.502787e-31 0.000000e+00 0.000000e+00
    outer loop
      vertex 1.050000e+01 7.050000e+00 9.440317e-01
      vertex 1.060000e+01 7.050000e+00 1.024032e+00
      vertex 1.030000e+01 7.050000e+00 1.124032e+00
    endloop
  endfacet
  facet normal 1.502787e-31 0.000000e+00 0.000000e+00
    outer loop
      vertex 1.060000e+01 7.050000e+00 -4.759683e-01
      vertex 1.100000e+01 7.050000e+00 -4.759683e-01
      vertex 1.070000e+01 7.050000e+00 -3.759683e-01
    endloop
  endfacet
  facet normal 1.502787e-31 0.000000e+00 0.000000e+00
    outer loop
      vertex 1.070000e+01 7.050000e+00 -3.759683e-01
      vertex 1.100000e+01 7.050000e+00 -4.759683e-01
      vertex 1.100000e+01 7.050000e+00 -3.759683e-01
    endloop
  endfacet
  facet normal -1.502787e-31 0.000000e+00 0.000000e+00
    outer loop
      vertex 8.950000e+00 7.350000e+00 6.990317e-01
      vertex 8.950000e+00 7.350000e+00 1.124032e+00
      vertex 9.050000e+00 7.350000e+00 1.024032e+00
    endloop
  endfacet
  facet normal -1.502787e-31 0.000000e+00 0.000000e+00
    outer loop
      vertex 9.050000e+00 7.350000e+00 1.024032e+00
      vertex 8.950000e+00 7.350000e+00 1.124032e+00
      vertex 1.030000e+01 7.350000e+00 1.124032e+00
    endloop
  endfacet
  facet normal -1.502787e-31 0.000000e+00 0.000000e+00
    outer loop
      vertex 9.050000e+00 7.350000e+00 1.024032e+00
      vertex 1.030000e+01 7.350000e+00 1.124032e+00
      vertex 1.028000e+01 7.350000e+00 1.024032e+00
    endloop
  endfacet
  facet normal -1.502787e-31 0.000000e+00 0.000000e+00
    outer loop
      vertex 1.028000e+01 7.350000e+00 1.024032e+00
      vertex 1.030000e+01 7.350000e+00 1.124032e+00
      vertex 1.050000e+01 7.350000e+00 9.440317e-01
    endloop
  endfacet
  facet normal -1.502787e-31 0.000000e+00 0.000000e+00
    outer loop
      vertex 1.030000e+01 7.350000e+00 1.124032e+00
      vertex 1.060000e+01 7.350000e+00 1.024032e+00
      vertex 1.050000e+01 7.350000e+00 9.440317e-01
    endloop
  endfacet
  facet normal -1.502787e-31 0.000000e+00 0.000000e+00
    outer loop
      vertex 1.050000e+01 7.350000e+00 9.440317e-01
      vertex 1.060000e+01 7.350000e+00 1.024032e+00
      vertex 1.070000e+01 7.350000e+00 -3.759683e-01
    endloop
  endfacet
  facet normal -1.502787e-31 0.000000e+00 0.000000e+00
    outer loop
      vertex 1.050000e+01 7.350000e+00 9.440317e-01
      vertex 1.070000e+01 7.350000e+00 -3.759683e-01
      vertex 1.060000e+01 7.350000e+00 -4.759683e-01
    endloop
  endfacet
  facet normal -1.502787e-31 0.000000e+00 0.000000e+00
    outer loop
      vertex 1.060000e+01 7.350000e+00 -4.759683e-01
      vertex 1.070000e+01 7.350000e+00 -3.759683e-01
      vertex 1.100000e+01 7.350000e+00 -4.759683e-01
    endloop
  endfacet
  facet normal -1.502787e-31 0.000000e+00 0.000000e+00
    outer loop
      vertex 1.070000e+01 7.350000e+00 -3.759683e-01
      vertex 1.100000e+01 7.350000e+00 -3.759683e-01
      vertex 1.100000e+01 7.350000e+00 -4.759683e-01
    endloop
  endfacet
  facet normal -1.502787e-31 0.000000e+00 0.000000e+00
    outer loop
      vertex 9.050000e+00 7.350000e+00 1.024032e+00
      vertex 9.050000e+00 7.350000e+00 5.990317e-01
      vertex 8.950000e+00 7.350000e+00 6.990317e-01
    endloop
  endfacet
  facet normal -1.502787e-31 0.000000e+00 0.000000e+00
    outer loop
      vertex 8.950000e+00 7.350000e+00 6.990317e-01
      vertex 9.050000e+00 7.350000e+00 5.990317e-01
      vertex 8.800000e+00 7.350000e+00 5.990317e-01
    endloop
  endfacet
  facet normal -1.502787e-31 0.000000e+00 0.000000e+00
    outer loop
      vertex 8.950000e+00 7.350000e+00 6.990317e-01
      vertex 8.800000e+00 7.350000e+00 5.990317e-01
      vertex 8.800000e+00 7.350000e+00 6.990317e-01
    endloop
  endfacet
endsolid PEC:Pin_10_3
solid PEC:Pin_11_1
  facet normal 0.000000e+00 0.000000e+00 0.000000e+00
    outer loop
      vertex 2.870000e+00 3.500000e+00 6.990317e-01
      vertex 2.870000e+00 3.300000e+00 6.990317e-01
      vertex 2.870000e+00 3.500000e+00 5.990317e-01
    endloop
  endfacet
  facet normal 0.000000e+00 0.000000e+00 0.000000e+00
    outer loop
      vertex 2.870000e+00 3.500000e+00 5.990317e-01
      vertex 2.870000e+00 3.300000e+00 6.990317e-01
      vertex 2.870000e+00 3.300000e+00 5.990317e-01
    endloop
  endfacet
  facet normal -0.000000e+00 0.000000e+00 0.000000e+00
    outer loop
      vertex 2.870000e+00 3.300000e+00 6.990317e-01
      vertex 2.770000e+00 3.300000e+00 6.990317e-01
      vertex 2.870000e+00 3.300000e+00 5.990317e-01
    endloop
  endfacet
  facet normal -0.000000e+00 0.000000e+00 0.000000e+00
    outer loop
      vertex 2.870000e+00 3.300000e+00 5.990317e-01
      vertex 2.770000e+00 3.300000e+00 6.990317e-01
      vertex 2.770000e+00 3.300000e+00 5.990317e-01
    endloop
  endfacet
  facet normal -0.000000e+00 0.000000e+00 0.000000e+00
    outer loop
      vertex 2.870000e+00 3.500000e+00 5.990317e-01
      vertex 2.770000e+00 3.500000e+00 5.990317e-01
      vertex 2.870000e+00 3.500000e+00 6.990317e-01
    endloop
  endfacet
  facet normal -0.000000e+00 0.000000e+00 0.000000e+00
    outer loop
      vertex 2.870000e+00 3.500000e+00 6.990317e-01
      vertex 2.770000e+00 3.500000e+00 5.990317e-01
      vertex 2.770000e+00 3.500000e+00 6.990317e-01
    endloop
  endfacet
  facet normal 0.000000e+00 0.000000e+00 0.000000e+00
    outer loop
      vertex 2.770000e+00 3.500000e+00 6.990317e-01
      vertex 2.770000e+00 3.500000e+00 5.990317e-01
      vertex 1.200000e+00 2.400000e+00 6.990317e-01
    endloop
  endfacet
  facet normal 0.000000e+00 0.000000e+00 0.000000e+00
    outer loop
      vertex 1.200000e+00 2.400000e+00 6.990317e-01
      vertex 2.770000e+00 3.500000e+00 5.990317e-01
      vertex 1.200000e+00 2.400000e+00 5.990317e-01
    endloop
  endfacet
  facet normal 0.000000e+00 0.000000e+00 0.000000e+00
    outer loop
      vertex 2.770000e+00 3.300000e+00 5.990317e-01
      vertex 2.770000e+00 3.300000e+00 6.990317e-01
      vertex 1.200000e+00 2.100000e+00 5.990317e-01
    endloop
  endfacet
  facet normal 0.000000e+00 0.000000e+00 0.000000e+00
    outer loop
      vertex 1.200000e+00 2.100000e+00 5.990317e-01
      vertex 2.770000e+00 3.300000e+00 6.990317e-01
      vertex 1.200000e+00 2.100000e+00 6.990317e-01
    endloop
  endfacet
  facet normal 0.000000e+00 0.000000e+00 0.000000e+00
    outer loop
      vertex 1.050000e+00 2.100000e+00 1.124032e+00
      vertex 1.050000e+00 2.100000e+00 6.990317e-01
      vertex 1.050000e+00 2.400000e+00 1.124032e+00
    endloop
  endfacet
  facet normal 0.000000e+00 0.000000e+00 0.000000e+00
    outer loop
      vertex 1.050000e+00 2.400000e+00 1.124032e+00
      vertex 1.050000e+00 2.100000e+00 6.990317e-01
      vertex 1.050000e+00 2.400000e+00 6.990317e-01
    endloop
  endfacet
  facet normal 1.000000e+00 0.000000e+00 0.000000e+00
    outer loop
      vertex 1.050000e+00 2.100000e+00 6.990317e-01
      vertex 1.200000e+00 2.100000e+00 6.990317e-01
      vertex 1.050000e+00 2.400000e+00 6.990317e-01
    endloop
  endfacet
  facet normal 1.000000e+00 0.000000e+00 0.000000e+00
    outer loop
      vertex 1.050000e+00 2.400000e+00 6.990317e-01
      vertex 1.200000e+00 2.100000e+00 6.990317e-01
      vertex 1.200000e+00 2.400000e+00 6.990317e-01
    endloop
  endfacet
  facet normal 1.000000e+00 0.000000e+00 0.000000e+00
    outer loop
      vertex 1.200000e+00 2.100000e+00 6.990317e-01
      vertex 2.770000e+00 3.300000e+00 6.990317e-01
      vertex 1.200000e+00 2.400000e+00 6.990317e-01
    endloop
  endfacet
  facet normal 1.000000e+00 0.000000e+00 0.000000e+00
    outer loop
      vertex 1.200000e+00 2.400000e+00 6.990317e-01
      vertex 2.770000e+00 3.300000e+00 6.990317e-01
      vertex 2.770000e+00 3.500000e+00 6.990317e-01
    endloop
  endfacet
  facet normal 1.000000e+00 0.000000e+00 0.000000e+00
    outer loop
      vertex 2.770000e+00 3.300000e+00 6.990317e-01
      vertex 2.870000e+00 3.300000e+00 6.990317e-01
      vertex 2.770000e+00 3.500000e+00 6.990317e-01
    endloop
  endfacet
  facet normal 1.000000e+00 0.000000e+00 0.000000e+00
    outer loop
      vertex 2.770000e+00 3.500000e+00 6.990317e-01
      vertex 2.870000e+00 3.300000e+00 6.990317e-01
      vertex 2.870000e+00 3.500000e+00 6.990317e-01
    endloop
  endfacet
  facet normal -1.000000e+00 0.000000e+00 0.000000e+00
    outer loop
      vertex 2.770000e+00 3.300000e+00 5.990317e-01
      vertex 1.200000e+00 2.100000e+00 5.990317e-01
      vertex 1.200000e+00 2.400000e+00 5.990317e-01
    endloop
  endfacet
  facet normal -1.000000e+00 0.000000e+00 0.000000e+00
    outer loop
      vertex 1.200000e+00 2.400000e+00 5.990317e-01
      vertex 1.200000e+00 2.100000e+00 5.990317e-01
      vertex 9.500000e-01 2.100000e+00 5.990317e-01
    endloop
  endfacet
  facet normal -1.000000e+00 0.000000e+00 0.000000e+00
    outer loop
      vertex 1.200000e+00 2.400000e+00 5.990317e-01
      vertex 9.500000e-01 2.100000e+00 5.990317e-01
      vertex 9.500000e-01 2.400000e+00 5.990317e-01
    endloop
  endfacet
  facet normal -1.000000e+00 0.000000e+00 0.000000e+00
    outer loop
      vertex 1.200000e+00 2.400000e+00 5.990317e-01
      vertex 2.770000e+00 3.500000e+00 5.990317e-01
      vertex 2.770000e+00 3.300000e+00 5.990317e-01
    endloop
  endfacet
  facet normal -1.000000e+00 0.000000e+00 0.000000e+00
    outer loop
      vertex 2.770000e+00 3.300000e+00 5.990317e-01
      vertex 2.770000e+00 3.500000e+00 5.990317e-01
      vertex 2.870000e+00 3.500000e+00 5.990317e-01
    endloop
  endfacet
  facet normal -1.000000e+00 0.000000e+00 0.000000e+00
    outer loop
      vertex 2.770000e+00 3.300000e+00 5.990317e-01
      vertex 2.870000e+00 3.500000e+00 5.990317e-01
      vertex 2.870000e+00 3.300000e+00 5.990317e-01
    endloop
  endfacet
  facet normal 0.000000e+00 0.000000e+00 0.000000e+00
    outer loop
      vertex 9.500000e-01 2.100000e+00 5.990317e-01
      vertex 9.500000e-01 2.100000e+00 1.024032e+00
      vertex 9.500000e-01 2.400000e+00 5.990317e-01
    endloop
  endfacet
  facet normal 0.000000e+00 0.000000e+00 0.000000e+00
    outer loop
      vertex 9.500000e-01 2.400000e+00 5.990317e-01
      vertex 9.500000e-01 2.100000e+00 1.024032e+00
      vertex 9.500000e-01 2.400000e+00 1.024032e+00
    endloop
  endfacet
  facet normal 1.000000e+00 0.000000e+00 0.000000e+00
    outer loop
      vertex 1.050000e+00 2.400000e+00 1.124032e+00
      vertex -3.000000e-01 2.400000e+00 1.124032e+00
      vertex 1.050000e+00 2.100000e+00 1.124032e+00
    endloop
  endfacet
  facet normal 1.000000e+00 0.000000e+00 0.000000e+00
    outer loop
      vertex 1.050000e+00 2.100000e+00 1.124032e+00
      vertex -3.000000e-01 2.400000e+00 1.124032e+00
      vertex -3.000000e-01 2.100000e+00 1.124032e+00
    endloop
  endfacet
  facet normal 9.486833e-01 0.000000e+00 0.000000e+00
    outer loop
      vertex -3.000000e-01 2.400000e+00 1.124032e+00
      vertex -6.000000e-01 2.400000e+00 1.024032e+00
      vertex -3.000000e-01 2.100000e+00 1.124032e+00
    endloop
  endfacet
  facet normal 9.486833e-01 0.000000e+00 0.000000e+00
    outer loop
      vertex -3.000000e-01 2.100000e+00 1.124032e+00
      vertex -6.000000e-01 2.400000e+00 1.024032e+00
      vertex -6.000000e-01 2.100000e+00 1.024032e+00
    endloop
  endfacet
  facet normal 7.124705e-02 0.000000e+00 0.000000e+00
    outer loop
      vertex -6.000000e-01 2.400000e+00 1.024032e+00
      vertex -7.000000e-01 2.400000e+00 -3.759683e-01
      vertex -6.000000e-01 2.100000e+00 1.024032e+00
    endloop
  endfacet
  facet normal 7.124705e-02 0.000000e+00 0.000000e+00
    outer loop
      vertex -6.000000e-01 2.100000e+00 1.024032e+00
      vertex -7.000000e-01 2.400000e+00 -3.759683e-01
      vertex -7.000000e-01 2.100000e+00 -3.759683e-01
    endloop
  endfacet
  facet normal 1.000000e+00 0.000000e+00 0.000000e+00
    outer loop
      vertex -7.000000e-01 2.400000e+00 -3.759683e-01
      vertex -1.000000e+00 2.400000e+00 -3.759683e-01
      vertex -7.000000e-01 2.100000e+00 -3.759683e-01
    endloop
  endfacet
  facet normal 1.000000e+00 0.000000e+00 0.000000e+00
    outer loop
      vertex -7.000000e-01 2.100000e+00 -3.759683e-01
      vertex -1.000000e+00 2.400000e+00 -3.759683e-01
      vertex -1.000000e+00 2.100000e+00 -3.759683e-01
    endloop
  endfacet
  facet normal 0.000000e+00 0.000000e+00 0.000000e+00
    outer loop
      vertex -1.000000e+00 2.400000e+00 -3.759683e-01
      vertex -1.000000e+00 2.400000e+00 -4.759683e-01
      vertex -1.000000e+00 2.100000e+00 -3.759683e-01
    endloop
  endfacet
  facet normal 0.000000e+00 0.000000e+00 0.000000e+00
    outer loop
      vertex -1.000000e+00 2.100000e+00 -3.759683e-01
      vertex -1.000000e+00 2.400000e+00 -4.759683e-01
      vertex -1.000000e+00 2.100000e+00 -4.759683e-01
    endloop
  endfacet
  facet normal -1.000000e+00 0.000000e+00 0.000000e+00
    outer loop
      vertex -1.000000e+00 2.400000e+00 -4.759683e-01
      vertex -6.000000e-01 2.400000e+00 -4.759683e-01
      vertex -1.000000e+00 2.100000e+00 -4.759683e-01
    endloop
  endfacet
  facet normal -1.000000e+00 0.000000e+00 0.000000e+00
    outer loop
      vertex -1.000000e+00 2.100000e+00 -4.759683e-01
      vertex -6.000000e-01 2.400000e+00 -4.759683e-01
      vertex -6.000000e-01 2.100000e+00 -4.759683e-01
    endloop
  endfacet
  facet normal -7.024856e-02 0.000000e+00 0.000000e+00
    outer loop
      vertex -6.000000e-01 2.400000e+00 -4.759683e-01
      vertex -5.000000e-01 2.400000e+00 9.440317e-01
      vertex -6.000000e-01 2.100000e+00 -4.759683e-01
    endloop
  endfacet
  facet normal -7.024856e-02 0.000000e+00 0.000000e+00
    outer loop
      vertex -6.000000e-01 2.100000e+00 -4.759683e-01
      vertex -5.000000e-01 2.400000e+00 9.440317e-01
      vertex -5.000000e-01 2.100000e+00 9.440317e-01
    endloop
  endfacet
  facet normal -9.397934e-01 0.000000e+00 0.000000e+00
    outer loop
      vertex -5.000000e-01 2.400000e+00 9.440317e-01
      vertex -2.800000e-01 2.400000e+00 1.024032e+00
      vertex -5.000000e-01 2.100000e+00 9.440317e-01
    endloop
  endfacet
  facet normal -9.397934e-01 0.000000e+00 0.000000e+00
    outer loop
      vertex -5.000000e-01 2.100000e+00 9.440317e-01
      vertex -2.800000e-01 2.400000e+00 1.024032e+00
      vertex -2.800000e-01 2.100000e+00 1.024032e+00
    endloop
  endfacet
  facet normal -1.000000e+00 0.000000e+00 0.000000e+00
    outer loop
      vertex -2.800000e-01 2.400000e+00 1.024032e+00
      vertex 9.500000e-01 2.400000e+00 1.024032e+00
      vertex -2.800000e-01 2.100000e+00 1.024032e+00
    endloop
  endfacet
  facet normal -1.000000e+00 0.000000e+00 0.000000e+00
    outer loop
      vertex -2.800000e-01 2.100000e+00 1.024032e+00
      vertex 9.500000e-01 2.400000e+00 1.024032e+00
      vertex 9.500000e-01 2.100000e+00 1.024032e+00
    endloop
  endfacet
  facet normal 1.502787e-31 0.000000e+00 0.000000e+00
    outer loop
      vertex 1.050000e+00 2.400000e+00 1.124032e+00
      vertex 9.500000e-01 2.400000e+00 1.024032e+00
      vertex -3.000000e-01 2.400000e+00 1.124032e+00
    endloop
  endfacet
  facet normal 1.502787e-31 0.000000e+00 0.000000e+00
    outer loop
      vertex -3.000000e-01 2.400000e+00 1.124032e+00
      vertex 9.500000e-01 2.400000e+00 1.024032e+00
      vertex -2.800000e-01 2.400000e+00 1.024032e+00
    endloop
  endfacet
  facet normal 1.502787e-31 0.000000e+00 0.000000e+00
    outer loop
      vertex -3.000000e-01 2.400000e+00 1.124032e+00
      vertex -2.800000e-01 2.400000e+00 1.024032e+00
      vertex -5.000000e-01 2.400000e+00 9.440317e-01
    endloop
  endfacet
  facet normal 1.502787e-31 0.000000e+00 0.000000e+00
    outer loop
      vertex 1.050000e+00 2.400000e+00 1.124032e+00
      vertex 1.050000e+00 2.400000e+00 6.990317e-01
      vertex 9.500000e-01 2.400000e+00 1.024032e+00
    endloop
  endfacet
  facet normal 1.502787e-31 0.000000e+00 0.000000e+00
    outer loop
      vertex 9.500000e-01 2.400000e+00 1.024032e+00
      vertex 1.050000e+00 2.400000e+00 6.990317e-01
      vertex 9.500000e-01 2.400000e+00 5.990317e-01
    endloop
  endfacet
  facet normal 1.502787e-31 0.000000e+00 0.000000e+00
    outer loop
      vertex 1.200000e+00 2.400000e+00 6.990317e-01
      vertex 1.200000e+00 2.400000e+00 5.990317e-01
      vertex 1.050000e+00 2.400000e+00 6.990317e-01
    endloop
  endfacet
  facet normal 1.502787e-31 0.000000e+00 0.000000e+00
    outer loop
      vertex 1.050000e+00 2.400000e+00 6.990317e-01
      vertex 1.200000e+00 2.400000e+00 5.990317e-01
      vertex 9.500000e-01 2.400000e+00 5.990317e-01
    endloop
  endfacet
  facet normal 1.502787e-31 0.000000e+00 0.000000e+00
    outer loop
      vertex -6.000000e-01 2.400000e+00 -4.759683e-01
      vertex -7.000000e-01 2.400000e+00 -3.759683e-01
      vertex -5.000000e-01 2.400000e+00 9.440317e-01
    endloop
  endfacet
  facet normal 1.502787e-31 0.000000e+00 0.000000e+00
    outer loop
      vertex -5.000000e-01 2.400000e+00 9.440317e-01
      vertex -7.000000e-01 2.400000e+00 -3.759683e-01
      vertex -6.000000e-01 2.400000e+00 1.024032e+00
    endloop
  endfacet
  facet normal 1.502787e-31 0.000000e+00 0.000000e+00
    outer loop
      vertex -5.000000e-01 2.400000e+00 9.440317e-01
      vertex -6.000000e-01 2.400000e+00 1.024032e+00
      vertex -3.000000e-01 2.400000e+00 1.124032e+00
    endloop
  endfacet
  facet normal 1.502787e-31 0.000000e+00 0.000000e+00
    outer loop
      vertex -6.000000e-01 2.400000e+00 -4.759683e-01
      vertex -1.000000e+00 2.400000e+00 -4.759683e-01
      vertex -7.000000e-01 2.400000e+00 -3.759683e-01
    endloop
  endfacet
  facet normal 1.502787e-31 0.000000e+00 0.000000e+00
    outer loop
      vertex -7.000000e-01 2.400000e+00 -3.759683e-01
      vertex -1.000000e+00 2.400000e+00 -4.759683e-01
      vertex -1.000000e+00 2.400000e+00 -3.759683e-01
    endloop
  endfacet
  facet normal -1.502787e-31 0.000000e+00 0.000000e+00
    outer loop
      vertex 1.050000e+00 2.100000e+00 6.990317e-01
      vertex 1.050000e+00 2.100000e+00 1.124032e+00
      vertex 9.500000e-01 2.100000e+00 1.024032e+00
    endloop
  endfacet
  facet normal -1.502787e-31 0.000000e+00 0.000000e+00
    outer loop
      vertex 9.500000e-01 2.100000e+00 1.024032e+00
      vertex 1.050000e+00 2.100000e+00 1.124032e+00
      vertex -3.000000e-01 2.100000e+00 1.124032e+00
    endloop
  endfacet
  facet normal -1.502787e-31 0.000000e+00 0.000000e+00
    outer loop
      vertex 9.500000e-01 2.100000e+00 1.024032e+00
      vertex -3.000000e-01 2.100000e+00 1.124032e+00
      vertex -2.800000e-01 2.100000e+00 1.024032e+00
    endloop
  endfacet
  facet normal -1.502787e-31 0.000000e+00 0.000000e+00
    outer loop
      vertex -2.800000e-01 2.100000e+00 1.024032e+00
      vertex -3.000000e-01 2.100000e+00 1.124032e+00
      vertex -5.000000e-01 2.100000e+00 9.440317e-01
    endloop
  endfacet
  facet normal -1.502787e-31 0.000000e+00 0.000000e+00
    outer loop
      vertex -3.000000e-01 2.100000e+00 1.124032e+00
      vertex -6.000000e-01 2.100000e+00 1.024032e+00
      vertex -5.000000e-01 2.100000e+00 9.440317e-01
    endloop
  endfacet
  facet normal -1.502787e-31 0.000000e+00 0.000000e+00
    outer loop
      vertex -5.000000e-01 2.100000e+00 9.440317e-01
      vertex -6.000000e-01 2.100000e+00 1.024032e+00
      vertex -7.000000e-01 2.100000e+00 -3.759683e-01
    endloop
  endfacet
  facet normal -1.502787e-31 0.000000e+00 0.000000e+00
    outer loop
      vertex -5.000000e-01 2.100000e+00 9.440317e-01
      vertex -7.000000e-01 2.100000e+00 -3.759683e-01
      vertex -6.000000e-01 2.100000e+00 -4.759683e-01
    endloop
  endfacet
  facet normal -1.502787e-31 0.000000e+00 0.000000e+00
    outer loop
      vertex -6.000000e-01 2.100000e+00 -4.759683e-01
      vertex -7.000000e-01 2.100000e+00 -3.759683e-01
      vertex -1.000000e+00 2.100000e+00 -4.759683e-01
    endloop
  endfacet
  facet normal -1.502787e-31 0.000000e+00 0.000000e+00
    outer loop
      vertex -7.000000e-01 2.100000e+00 -3.759683e-01
      vertex -1.000000e+00 2.100000e+00 -3.759683e-01
      vertex -1.000000e+00 2.100000e+00 -4.759683e-01
    endloop
  endfacet
  facet normal -1.502787e-31 0.000000e+00 0.000000e+00
    outer loop
      vertex 9.500000e-01 2.100000e+00 1.024032e+00
      vertex 9.500000e-01 2.100000e+00 5.990317e-01
      vertex 1.050000e+00 2.100000e+00 6.990317e-01
    endloop
  endfacet
  facet normal -1.502787e-31 0.000000e+00 0.000000e+00
    outer loop
      vertex 1.050000e+00 2.100000e+00 6.990317e-01
      vertex 9.500000e-01 2.100000e+00 5.990317e-01
      vertex 1.200000e+00 2.100000e+00 5.990317e-01
    endloop
  endfacet
  facet normal -1.502787e-31 0.000000e+00 0.000000e+00
    outer loop
      vertex 1.050000e+00 2.100000e+00 6.990317e-01
      vertex 1.200000e+00 2.100000e+00 5.990317e-01
      vertex 1.200000e+00 2.100000e+00 6.990317e-01
    endloop
  endfacet
endsolid PEC:Pin_11_1
solid PEC:Pin_11_2
  facet normal 0.000000e+00 0.000000e+00 0.000000e+00
    outer loop
      vertex 6.500000e+00 2.870000e+00 6.990317e-01
      vertex 6.700000e+00 2.870000e+00 6.990317e-01
      vertex 6.500000e+00 2.870000e+00 5.990317e-01
    endloop
  endfacet
  facet normal 0.000000e+00 0.000000e+00 0.000000e+00
    outer loop
      vertex 6.500000e+00 2.870000e+00 5.990317e-01
      vertex 6.700000e+00 2.870000e+00 6.990317e-01
      vertex 6.700000e+00 2.870000e+00 5.990317e-01
    endloop
  endfacet
  facet normal -0.000000e+00 0.000000e+00 0.000000e+00
    outer loop
      vertex 6.700000e+00 2.870000e+00 6.990317e-01
      vertex 6.700000e+00 2.770000e+00 6.990317e-01
      vertex 6.700000e+00 2.870000e+00 5.990317e-01
    endloop
  endfacet
  facet normal -0.000000e+00 0.000000e+00 0.000000e+00
    outer loop
      vertex 6.700000e+00 2.870000e+00 5.990317e-01
      vertex 6.700000e+00 2.770000e+00 6.990317e-01
      vertex 6.700000e+00 2.770000e+00 5.990317e-01
    endloop
  endfacet
  facet normal -0.000000e+00 0.000000e+00 0.000000e+00
    outer loop
      vertex 6.500000e+00 2.870000e+00 5.990317e-01
      vertex 6.500000e+00 2.770000e+00 5.990317e-01
      vertex 6.500000e+00 2.870000e+00 6.990317e-01
    endloop
  endfacet
  facet normal -0.000000e+00 0.000000e+00 0.000000e+00
    outer loop
      vertex 6.500000e+00 2.870000e+00 6.990317e-01
      vertex 6.500000e+00 2.770000e+00 5.990317e-01
      vertex 6.500000e+00 2.770000e+00 6.990317e-01
    endloop
  endfacet
  facet normal 0.000000e+00 0.000000e+00 0.000000e+00
    outer loop
      vertex 6.500000e+00 2.770000e+00 6.990317e-01
      vertex 6.500000e+00 2.770000e+00 5.990317e-01
      vertex 7.600000e+00 1.200000e+00 6.990317e-01
    endloop
  endfacet
  facet normal 0.000000e+00 0.000000e+00 0.000000e+00
    outer loop
      vertex 7.600000e+00 1.200000e+00 6.990317e-01
      vertex 6.500000e+00 2.770000e+00 5.990317e-01
      vertex 7.600000e+00 1.200000e+00 5.990317e-01
    endloop
  endfacet
  facet normal 0.000000e+00 0.000000e+00 0.000000e+00
    outer loop
      vertex 6.700000e+00 2.770000e+00 5.990317e-01
      vertex 6.700000e+00 2.770000e+00 6.990317e-01
      vertex 7.900000e+00 1.200000e+00 5.990317e-01
    endloop
  endfacet
  facet normal 0.000000e+00 0.000000e+00 0.000000e+00
    outer loop
      vertex 7.900000e+00 1.200000e+00 5.990317e-01
      vertex 6.700000e+00 2.770000e+00 6.990317e-01
      vertex 7.900000e+00 1.200000e+00 6.990317e-01
    endloop
  endfacet
  facet normal 0.000000e+00 0.000000e+00 0.000000e+00
    outer loop
      vertex 7.900000e+00 1.050000e+00 1.124032e+00
      vertex 7.900000e+00 1.050000e+00 6.990317e-01
      vertex 7.600000e+00 1.050000e+00 1.124032e+00
    endloop
  endfacet
  facet normal 0.000000e+00 0.000000e+00 0.000000e+00
    outer loop
      vertex 7.600000e+00 1.050000e+00 1.124032e+00
      vertex 7.900000e+00 1.050000e+00 6.990317e-01
      vertex 7.600000e+00 1.050000e+00 6.990317e-01
    endloop
  endfacet
  facet normal 1.000000e+00 0.000000e+00 0.000000e+00
    outer loop
      vertex 7.900000e+00 1.050000e+00 6.990317e-01
      vertex 7.900000e+00 1.200000e+00 6.990317e-01
      vertex 7.600000e+00 1.050000e+00 6.990317e-01
    endloop
  endfacet
  facet normal 1.000000e+00 0.000000e+00 0.000000e+00
    outer loop
      vertex 7.600000e+00 1.050000e+00 6.990317e-01
      vertex 7.900000e+00 1.200000e+00 6.990317e-01
      vertex 7.600000e+00 1.200000e+00 6.990317e-01
    endloop
  endfacet
  facet normal 1.000000e+00 0.000000e+00 0.000000e+00
    outer loop
      vertex 7.900000e+00 1.200000e+00 6.990317e-01
      vertex 6.700000e+00 2.770000e+00 6.990317e-01
      vertex 7.600000e+00 1.200000e+00 6.990317e-01
    endloop
  endfacet
  facet normal 1.000000e+00 0.000000e+00 0.000000e+00
    outer loop
      vertex 7.600000e+00 1.200000e+00 6.990317e-01
      vertex 6.700000e+00 2.770000e+00 6.990317e-01
      vertex 6.500000e+00 2.770000e+00 6.990317e-01
    endloop
  endfacet
  facet normal 1.000000e+00 0.000000e+00 0.000000e+00
    outer loop
      vertex 6.700000e+00 2.770000e+00 6.990317e-01
      vertex 6.700000e+00 2.870000e+00 6.990317e-01
      vertex 6.500000e+00 2.770000e+00 6.990317e-01
    endloop
  endfacet
  facet normal 1.000000e+00 0.000000e+00 0.000000e+00
    outer loop
      vertex 6.500000e+00 2.770000e+00 6.990317e-01
      vertex 6.700000e+00 2.870000e+00 6.990317e-01
      vertex 6.500000e+00 2.870000e+00 6.990317e-01
    endloop
  endfacet
  facet normal -1.000000e+00 0.000000e+00 0.000000e+00
    outer loop
      vertex 6.700000e+00 2.770000e+00 5.990317e-01
      vertex 7.900000e+00 1.200000e+00 5.990317e-01
      vertex 7.600000e+00 1.200000e+00 5.990317e-01
    endloop
  endfacet
  facet normal -1.000000e+00 0.000000e+00 0.000000e+00
    outer loop
      vertex 7.600000e+00 1.200000e+00 5.990317e-01
      vertex 7.900000e+00 1.200000e+00 5.990317e-01
      vertex 7.900000e+00 9.500000e-01 5.990317e-01
    endloop
  endfacet
  facet normal -1.000000e+00 0.000000e+00 0.000000e+00
    outer loop
      vertex 7.600000e+00 1.200000e+00 5.990317e-01
      vertex 7.900000e+00 9.500000e-01 5.990317e-01
      vertex 7.600000e+00 9.500000e-01 5.990317e-01
    endloop
  endfacet
  facet normal -1.000000e+00 0.000000e+00 0.000000e+00
    outer loop
      vertex 7.600000e+00 1.200000e+00 5.990317e-01
      vertex 6.500000e+00 2.770000e+00 5.990317e-01
      vertex 6.700000e+00 2.770000e+00 5.990317e-01
    endloop
  endfacet
  facet normal -1.000000e+00 0.000000e+00 0.000000e+00
    outer loop
      vertex 6.700000e+00 2.770000e+00 5.990317e-01
      vertex 6.500000e+00 2.770000e+00 5.990317e-01
      vertex 6.500000e+00 2.870000e+00 5.990317e-01
    endloop
  endfacet
  facet normal -1.000000e+00 0.000000e+00 0.000000e+00
    outer loop
      vertex 6.700000e+00 2.770000e+00 5.990317e-01
      vertex 6.500000e+00 2.870000e+00 5.990317e-01
      vertex 6.700000e+00 2.870000e+00 5.990317e-01
    endloop
  endfacet
  facet normal 0.000000e+00 0.000000e+00 0.000000e+00
    outer loop
      vertex 7.900000e+00 9.500000e-01 5.990317e-01
      vertex 7.900000e+00 9.500000e-01 1.024032e+00
      vertex 7.600000e+00 9.500000e-01 5.990317e-01
    endloop
  endfacet
  facet normal 0.000000e+00 0.000000e+00 0.000000e+00
    outer loop
      vertex 7.600000e+00 9.500000e-01 5.990317e-01
      vertex 7.900000e+00 9.500000e-01 1.024032e+00
      vertex 7.600000e+00 9.500000e-01 1.024032e+00
    endloop
  endfacet
  facet normal 1.000000e+00 0.000000e+00 0.000000e+00
    outer loop
      vertex 7.600000e+00 1.050000e+00 1.124032e+00
      vertex 7.600000e+00 -3.000000e-01 1.124032e+00
      vertex 7.900000e+00 1.050000e+00 1.124032e+00
    endloop
  endfacet
  facet normal 1.000000e+00 0.000000e+00 0.000000e+00
    outer loop
      vertex 7.900000e+00 1.050000e+00 1.124032e+00
      vertex 7.600000e+00 -3.000000e-01 1.124032e+00
      vertex 7.900000e+00 -3.000000e-01 1.124032e+00
    endloop
  endfacet
  facet normal 9.486833e-01 0.000000e+00 0.000000e+00
    outer loop
      vertex 7.600000e+00 -3.000000e-01 1.124032e+00
      vertex 7.600000e+00 -6.000000e-01 1.024032e+00
      vertex 7.900000e+00 -3.000000e-01 1.124032e+00
    endloop
  endfacet
  facet normal 9.486833e-01 0.000000e+00 0.000000e+00
    outer loop
      vertex 7.900000e+00 -3.000000e-01 1.124032e+00
      vertex 7.600000e+00 -6.000000e-01 1.024032e+00
      vertex 7.900000e+00 -6.000000e-01 1.024032e+00
    endloop
  endfacet
  facet normal 7.124705e-02 0.000000e+00 0.000000e+00
    outer loop
      vertex 7.600000e+00 -6.000000e-01 1.024032e+00
      vertex 7.600000e+00 -7.000000e-01 -3.759683e-01
      vertex 7.900000e+00 -6.000000e-01 1.024032e+00
    endloop
  endfacet
  facet normal 7.124705e-02 0.000000e+00 0.000000e+00
    outer loop
      vertex 7.900000e+00 -6.000000e-01 1.024032e+00
      vertex 7.600000e+00 -7.000000e-01 -3.759683e-01
      vertex 7.900000e+00 -7.000000e-01 -3.759683e-01
    endloop
  endfacet
  facet normal 1.000000e+00 0.000000e+00 0.000000e+00
    outer loop
      vertex 7.600000e+00 -7.000000e-01 -3.759683e-01
      vertex 7.600000e+00 -1.000000e+00 -3.759683e-01
      vertex 7.900000e+00 -7.000000e-01 -3.759683e-01
    endloop
  endfacet
  facet normal 1.000000e+00 0.000000e+00 0.000000e+00
    outer loop
      vertex 7.900000e+00 -7.000000e-01 -3.759683e-01
      vertex 7.600000e+00 -1.000000e+00 -3.759683e-01
      vertex 7.900000e+00 -1.000000e+00 -3.759683e-01
    endloop
  endfacet
  facet normal 0.000000e+00 0.000000e+00 0.000000e+00
    outer loop
      vertex 7.600000e+00 -1.000000e+00 -3.759683e-01
      vertex 7.600000e+00 -1.000000e+00 -4.759683e-01
      vertex 7.900000e+00 -1.000000e+00 -3.759683e-01
    endloop
  endfacet
  facet normal 0.000000e+00 0.000000e+00 0.000000e+00
    outer loop
      vertex 7.900000e+00 -1.000000e+00 -3.759683e-01
      vertex 7.600000e+00 -1.000000e+00 -4.759683e-01
      vertex 7.900000e+00 -1.000000e+00 -4.759683e-01
    endloop
  endfacet
  facet normal -1.000000e+00 0.000000e+00 0.000000e+00
    outer loop
      vertex 7.600000e+00 -1.000000e+00 -4.759683e-01
      vertex 7.600000e+00 -6.000000e-01 -4.759683e-01
      vertex 7.900000e+00 -1.000000e+00 -4.759683e-01
    endloop
  endfacet
  facet normal -1.000000e+00 0.000000e+00 0.000000e+00
    outer loop
      vertex 7.900000e+00 -1.000000e+00 -4.759683e-01
      vertex 7.600000e+00 -6.000000e-01 -4.759683e-01
      vertex 7.900000e+00 -6.000000e-01 -4.759683e-01
    endloop
  endfacet
  facet normal -7.024856e-02 0.000000e+00 0.000000e+00
    outer loop
      vertex 7.600000e+00 -6.000000e-01 -4.759683e-01
      vertex 7.600000e+00 -5.000000e-01 9.440317e-01
      vertex 7.900000e+00 -6.000000e-01 -4.759683e-01
    endloop
  endfacet
  facet normal -7.024856e-02 0.000000e+00 0.000000e+00
    outer loop
      vertex 7.900000e+00 -6.000000e-01 -4.759683e-01
      vertex 7.600000e+00 -5.000000e-01 9.440317e-01
      vertex 7.900000e+00 -5.000000e-01 9.440317e-01
    endloop
  endfacet
  facet normal -9.397934e-01 0.000000e+00 0.000000e+00
    outer loop
      vertex 7.600000e+00 -5.000000e-01 9.440317e-01
      vertex 7.600000e+00 -2.800000e-01 1.024032e+00
      vertex 7.900000e+00 -5.000000e-01 9.440317e-01
    endloop
  endfacet
  facet normal -9.397934e-01 0.000000e+00 0.000000e+00
    outer loop
      vertex 7.900000e+00 -5.000000e-01 9.440317e-01
      vertex 7.600000e+00 -2.800000e-01 1.024032e+00
      vertex 7.900000e+00 -2.800000e-01 1.024032e+00
    endloop
  endfacet
  facet normal -1.000000e+00 0.000000e+00 0.000000e+00
    outer loop
      vertex 7.600000e+00 -2.800000e-01 1.024032e+00
      vertex 7.600000e+00 9.500000e-01 1.024032e+00
      vertex 7.900000e+00 -2.800000e-01 1.024032e+00
    endloop
  endfacet
  facet normal -1.000000e+00 0.000000e+00 0.000000e+00
    outer loop
      vertex 7.900000e+00 -2.800000e-01 1.024032e+00
      vertex 7.600000e+00 9.500000e-01 1.024032e+00
      vertex 7.900000e+00 9.500000e-01 1.024032e+00
    endloop
  endfacet
  facet normal 1.502787e-31 0.000000e+00 0.000000e+00
    outer loop
      vertex 7.600000e+00 1.050000e+00 1.124032e+00
      vertex 7.600000e+00 9.500000e-01 1.024032e+00
      vertex 7.600000e+00 -3.000000e-01 1.124032e+00
    endloop
  endfacet
  facet normal 1.502787e-31 0.000000e+00 0.000000e+00
    outer loop
      vertex 7.600000e+00 -3.000000e-01 1.124032e+00
      vertex 7.600000e+00 9.500000e-01 1.024032e+00
      vertex 7.600000e+00 -2.800000e-01 1.024032e+00
    endloop
  endfacet
  facet normal 1.502787e-31 0.000000e+00 0.000000e+00
    outer loop
      vertex 7.600000e+00 -3.000000e-01 1.124032e+00
      vertex 7.600000e+00 -2.800000e-01 1.024032e+00
      vertex 7.600000e+00 -5.000000e-01 9.440317e-01
    endloop
  endfacet
  facet normal 1.502787e-31 0.000000e+00 0.000000e+00
    outer loop
      vertex 7.600000e+00 1.050000e+00 1.124032e+00
      vertex 7.600000e+00 1.050000e+00 6.990317e-01
      vertex 7.600000e+00 9.500000e-01 1.024032e+00
    endloop
  endfacet
  facet normal 1.502787e-31 0.000000e+00 0.000000e+00
    outer loop
      vertex 7.600000e+00 9.500000e-01 1.024032e+00
      vertex 7.600000e+00 1.050000e+00 6.990317e-01
      vertex 7.600000e+00 9.500000e-01 5.990317e-01
    endloop
  endfacet
  facet normal 1.502787e-31 0.000000e+00 0.000000e+00
    outer loop
      vertex 7.600000e+00 1.200000e+00 6.990317e-01
      vertex 7.600000e+00 1.200000e+00 5.990317e-01
      vertex 7.600000e+00 1.050000e+00 6.990317e-01
    endloop
  endfacet
  facet normal 1.502787e-31 0.000000e+00 0.000000e+00
    outer loop
      vertex 7.600000e+00 1.050000e+00 6.990317e-01
      vertex 7.600000e+00 1.200000e+00 5.990317e-01
      vertex 7.600000e+00 9.500000e-01 5.990317e-01
    endloop
  endfacet
  facet normal 1.502787e-31 0.000000e+00 0.000000e+00
    outer loop
      vertex 7.600000e+00 -6.000000e-01 -4.759683e-01
      vertex 7.600000e+00 -7.000000e-01 -3.759683e-01
      vertex 7.600000e+00 -5.000000e-01 9.440317e-01
    endloop
  endfacet
  facet normal 1.502787e-31 0.000000e+00 0.000000e+00
    outer loop
      vertex 7.600000e+00 -5.000000e-01 9.440317e-01
      vertex 7.600000e+00 -7.000000e-01 -3.759683e-01
      vertex 7.600000e+00 -6.000000e-01 1.024032e+00
    endloop
  endfacet
  facet normal 1.502787e-31 0.000000e+00 0.000000e+00
    outer loop
      vertex 7.600000e+00 -5.000000e-01 9.440317e-01
      vertex 7.600000e+00 -6.000000e-01 1.024032e+00
      vertex 7.600000e+00 -3.000000e-01 1.124032e+00
    endloop
  endfacet
  facet normal 1.502787e-31 0.000000e+00 0.000000e+00
    outer loop
      vertex 7.600000e+00 -6.000000e-01 -4.759683e-01
      vertex 7.600000e+00 -1.000000e+00 -4.759683e-01
      vertex 7.600000e+00 -7.000000e-01 -3.759683e-01
    endloop
  endfacet
  facet normal 1.502787e-31 0.000000e+00 0.000000e+00
    outer loop
      vertex 7.600000e+00 -7.000000e-01 -3.759683e-01
      vertex 7.600000e+00 -1.000000e+00 -4.759683e-01
      vertex 7.600000e+00 -1.000000e+00 -3.759683e-01
    endloop
  endfacet
  facet normal -1.502787e-31 0.000000e+00 0.000000e+00
    outer loop
      vertex 7.900000e+00 1.050000e+00 6.990317e-01
      vertex 7.900000e+00 1.050000e+00 1.124032e+00
      vertex 7.900000e+00 9.500000e-01 1.024032e+00
    endloop
  endfacet
  facet normal -1.502787e-31 0.000000e+00 0.000000e+00
    outer loop
      vertex 7.900000e+00 9.500000e-01 1.024032e+00
      vertex 7.900000e+00 1.050000e+00 1.124032e+00
      vertex 7.900000e+00 -3.000000e-01 1.124032e+00
    endloop
  endfacet
  facet normal -1.502787e-31 0.000000e+00 0.000000e+00
    outer loop
      vertex 7.900000e+00 9.500000e-01 1.024032e+00
      vertex 7.900000e+00 -3.000000e-01 1.124032e+00
      vertex 7.900000e+00 -2.800000e-01 1.024032e+00
    endloop
  endfacet
  facet normal -1.502787e-31 0.000000e+00 0.000000e+00
    outer loop
      vertex 7.900000e+00 -2.800000e-01 1.024032e+00
      vertex 7.900000e+00 -3.000000e-01 1.124032e+00
      vertex 7.900000e+00 -5.000000e-01 9.440317e-01
    endloop
  endfacet
  facet normal -1.502787e-31 0.000000e+00 0.000000e+00
    outer loop
      vertex 7.900000e+00 -3.000000e-01 1.124032e+00
      vertex 7.900000e+00 -6.000000e-01 1.024032e+00
      vertex 7.900000e+00 -5.000000e-01 9.440317e-01
    endloop
  endfacet
  facet normal -1.502787e-31 0.000000e+00 0.000000e+00
    outer loop
      vertex 7.900000e+00 -5.000000e-01 9.440317e-01
      vertex 7.900000e+00 -6.000000e-01 1.024032e+00
      vertex 7.900000e+00 -7.000000e-01 -3.759683e-01
    endloop
  endfacet
  facet normal -1.502787e-31 0.000000e+00 0.000000e+00
    outer loop
      vertex 7.900000e+00 -5.000000e-01 9.440317e-01
      vertex 7.900000e+00 -7.000000e-01 -3.759683e-01
      vertex 7.900000e+00 -6.000000e-01 -4.759683e-01
    endloop
  endfacet
  facet normal -1.502787e-31 0.000000e+00 0.000000e+00
    outer loop
      vertex 7.900000e+00 -6.000000e-01 -4.759683e-01
      vertex 7.900000e+00 -7.000000e-01 -3.759683e-01
      vertex 7.900000e+00 -1.000000e+00 -4.759683e-01
    endloop
  endfacet
  facet normal -1.502787e-31 0.000000e+00 0.000000e+00
    outer loop
      vertex 7.900000e+00 -7.000000e-01 -3.759683e-01
      vertex 7.900000e+00 -1.000000e+00 -3.759683e-01
      vertex 7.900000e+00 -1.000000e+00 -4.759683e-01
    endloop
  endfacet
  facet normal -1.502787e-31 0.000000e+00 0.000000e+00
    outer loop
      vertex 7.900000e+00 9.500000e-01 1.024032e+00
      vertex 7.900000e+00 9.500000e-01 5.990317e-01
      vertex 7.900000e+00 1.050000e+00 6.990317e-01
    endloop
  endfacet
  facet normal -1.502787e-31 0.000000e+00 0.000000e+00
    outer loop
      vertex 7.900000e+00 1.050000e+00 6.990317e-01
      vertex 7.900000e+00 9.500000e-01 5.990317e-01
      vertex 7.900000e+00 1.200000e+00 5.990317e-01
    endloop
  endfacet
  facet normal -1.502787e-31 0.000000e+00 0.000000e+00
    outer loop
      vertex 7.900000e+00 1.050000e+00 6.990317e-01
      vertex 7.900000e+00 1.200000e+00 5.990317e-01
      vertex 7.900000e+00 1.200000e+00 6.990317e-01
    endloop
  endfacet
endsolid PEC:Pin_11_2
solid PEC:Pin_11_3
  facet normal 0.000000e+00 0.000000e+00 0.000000e+00
    outer loop
      vertex 7.130000e+00 6.500000e+00 6.990317e-01
      vertex 7.130000e+00 6.700000e+00 6.990317e-01
      vertex 7.130000e+00 6.500000e+00 5.990317e-01
    endloop
  endfacet
  facet normal 0.000000e+00 0.000000e+00 0.000000e+00
    outer loop
      vertex 7.130000e+00 6.500000e+00 5.990317e-01
      vertex 7.130000e+00 6.700000e+00 6.990317e-01
      vertex 7.130000e+00 6.700000e+00 5.990317e-01
    endloop
  endfacet
  facet normal -0.000000e+00 0.000000e+00 0.000000e+00
    outer loop
      vertex 7.130000e+00 6.700000e+00 6.990317e-01
      vertex 7.230000e+00 6.700000e+00 6.990317e-01
      vertex 7.130000e+00 6.700000e+00 5.990317e-01
    endloop
  endfacet
  facet normal -0.000000e+00 0.000000e+00 0.000000e+00
    outer loop
      vertex 7.130000e+00 6.700000e+00 5.990317e-01
      vertex 7.230000e+00 6.700000e+00 6.990317e-01
      vertex 7.230000e+00 6.700000e+00 5.990317e-01
    endloop
  endfacet
  facet normal -0.000000e+00 0.000000e+00 0.000000e+00
    outer loop
      vertex 7.130000e+00 6.500000e+00 5.990317e-01
      vertex 7.230000e+00 6.500000e+00 5.990317e-01
      vertex 7.130000e+00 6.500000e+00 6.990317e-01
    endloop
  endfacet
  facet normal -0.000000e+00 0.000000e+00 0.000000e+00
    outer loop
      vertex 7.130000e+00 6.500000e+00 6.990317e-01
      vertex 7.230000e+00 6.500000e+00 5.990317e-01
      vertex 7.230000e+00 6.500000e+00 6.990317e-01
    endloop
  endfacet
  facet normal 0.000000e+00 0.000000e+00 0.000000e+00
    outer loop
      vertex 7.230000e+00 6.500000e+00 6.990317e-01
      vertex 7.230000e+00 6.500000e+00 5.990317e-01
      vertex 8.800000e+00 7.600000e+00 6.990317e-01
    endloop
  endfacet
  facet normal 0.000000e+00 0.000000e+00 0.000000e+00
    outer loop
      vertex 8.800000e+00 7.600000e+00 6.990317e-01
      vertex 7.230000e+00 6.500000e+00 5.990317e-01
      vertex 8.800000e+00 7.600000e+00 5.990317e-01
    endloop
  endfacet
  facet normal 0.000000e+00 0.000000e+00 0.000000e+00
    outer loop
      vertex 7.230000e+00 6.700000e+00 5.990317e-01
      vertex 7.230000e+00 6.700000e+00 6.990317e-01
      vertex 8.800000e+00 7.900000e+00 5.990317e-01
    endloop
  endfacet
  facet normal 0.000000e+00 0.000000e+00 0.000000e+00
    outer loop
      vertex 8.800000e+00 7.900000e+00 5.990317e-01
      vertex 7.230000e+00 6.700000e+00 6.990317e-01
      vertex 8.800000e+00 7.900000e+00 6.990317e-01
    endloop
  endfacet
  facet normal 0.000000e+00 0.000000e+00 0.000000e+00
    outer loop
      vertex 8.950000e+00 7.900000e+00 1.124032e+00
      vertex 8.950000e+00 7.900000e+00 6.990317e-01
      vertex 8.950000e+00 7.600000e+00 1.124032e+00
    endloop
  endfacet
  facet normal 0.000000e+00 0.000000e+00 0.000000e+00
    outer loop
      vertex 8.950000e+00 7.600000e+00 1.124032e+00
      vertex 8.950000e+00 7.900000e+00 6.990317e-01
      vertex 8.950000e+00 7.600000e+00 6.990317e-01
    endloop
  endfacet
  facet normal 1.000000e+00 0.000000e+00 0.000000e+00
    outer loop
      vertex 8.950000e+00 7.900000e+00 6.990317e-01
      vertex 8.800000e+00 7.900000e+00 6.990317e-01
      vertex 8.950000e+00 7.600000e+00 6.990317e-01
    endloop
  endfacet
  facet normal 1.000000e+00 0.000000e+00 0.000000e+00
    outer loop
      vertex 8.950000e+00 7.600000e+00 6.990317e-01
      vertex 8.800000e+00 7.900000e+00 6.990317e-01
      vertex 8.800000e+00 7.600000e+00 6.990317e-01
    endloop
  endfacet
  facet normal 1.000000e+00 0.000000e+00 0.000000e+00
    outer loop
      vertex 8.800000e+00 7.900000e+00 6.990317e-01
      vertex 7.230000e+00 6.700000e+00 6.990317e-01
      vertex 8.800000e+00 7.600000e+00 6.990317e-01
    endloop
  endfacet
  facet normal 1.000000e+00 0.000000e+00 0.000000e+00
    outer loop
      vertex 8.800000e+00 7.600000e+00 6.990317e-01
      vertex 7.230000e+00 6.700000e+00 6.990317e-01
      vertex 7.230000e+00 6.500000e+00 6.990317e-01
    endloop
  endfacet
  facet normal 1.000000e+00 0.000000e+00 0.000000e+00
    outer loop
      vertex 7.230000e+00 6.700000e+00 6.990317e-01
      vertex 7.130000e+00 6.700000e+00 6.990317e-01
      vertex 7.230000e+00 6.500000e+00 6.990317e-01
    endloop
  endfacet
  facet normal 1.000000e+00 0.000000e+00 0.000000e+00
    outer loop
      vertex 7.230000e+00 6.500000e+00 6.990317e-01
      vertex 7.130000e+00 6.700000e+00 6.990317e-01
      vertex 7.130000e+00 6.500000e+00 6.990317e-01
    endloop
  endfacet
  facet normal -1.000000e+00 0.000000e+00 0.000000e+00
    outer loop
      vertex 7.230000e+00 6.700000e+00 5.990317e-01
      vertex 8.800000e+00 7.900000e+00 5.990317e-01
      vertex 8.800000e+00 7.600000e+00 5.990317e-01
    endloop
  endfacet
  facet normal -1.000000e+00 0.000000e+00 0.000000e+00
    outer loop
      vertex 8.800000e+00 7.600000e+00 5.990317e-01
      vertex 8.800000e+00 7.900000e+00 5.990317e-01
      vertex 9.050000e+00 7.900000e+00 5.990317e-01
    endloop
  endfacet
  facet normal -1.000000e+00 0.000000e+00 0.000000e+00
    outer loop
      vertex 8.800000e+00 7.600000e+00 5.990317e-01
      vertex 9.050000e+00 7.900000e+00 5.990317e-01
      vertex 9.050000e+00 7.600000e+00 5.990317e-01
    endloop
  endfacet
  facet normal -1.000000e+00 0.000000e+00 0.000000e+00
    outer loop
      vertex 8.800000e+00 7.600000e+00 5.990317e-01
      vertex 7.230000e+00 6.500000e+00 5.990317e-01
      vertex 7.230000e+00 6.700000e+00 5.990317e-01
    endloop
  endfacet
  facet normal -1.000000e+00 0.000000e+00 0.000000e+00
    outer loop
      vertex 7.230000e+00 6.700000e+00 5.990317e-01
      vertex 7.230000e+00 6.500000e+00 5.990317e-01
      vertex 7.130000e+00 6.500000e+00 5.990317e-01
    endloop
  endfacet
  facet normal -1.000000e+00 0.000000e+00 0.000000e+00
    outer loop
      vertex 7.230000e+00 6.700000e+00 5.990317e-01
      vertex 7.130000e+00 6.500000e+00 5.990317e-01
      vertex 7.130000e+00 6.700000e+00 5.990317e-01
    endloop
  endfacet
  facet normal 0.000000e+00 0.000000e+00 0.000000e+00
    outer loop
      vertex 9.050000e+00 7.900000e+00 5.990317e-01
      vertex 9.050000e+00 7.900000e+00 1.024032e+00
      vertex 9.050000e+00 7.600000e+00 5.990317e-01
    endloop
  endfacet
  facet normal 0.000000e+00 0.000000e+00 0.000000e+00
    outer loop
      vertex 9.050000e+00 7.600000e+00 5.990317e-01
      vertex 9.050000e+00 7.900000e+00 1.024032e+00
      vertex 9.050000e+00 7.600000e+00 1.024032e+00
    endloop
  endfacet
  facet normal 1.000000e+00 0.000000e+00 0.000000e+00
    outer loop
      vertex 8.950000e+00 7.600000e+00 1.124032e+00
      vertex 1.030000e+01 7.600000e+00 1.124032e+00
      vertex 8.950000e+00 7.900000e+00 1.124032e+00
    endloop
  endfacet
  facet normal 1.000000e+00 0.000000e+00 0.000000e+00
    outer loop
      vertex 8.950000e+00 7.900000e+00 1.124032e+00
      vertex 1.030000e+01 7.600000e+00 1.124032e+00
      vertex 1.030000e+01 7.900000e+00 1.124032e+00
    endloop
  endfacet
  facet normal 9.486833e-01 0.000000e+00 0.000000e+00
    outer loop
      vertex 1.030000e+01 7.600000e+00 1.124032e+00
      vertex 1.060000e+01 7.600000e+00 1.024032e+00
      vertex 1.030000e+01 7.900000e+00 1.124032e+00
    endloop
  endfacet
  facet normal 9.486833e-01 0.000000e+00 0.000000e+00
    outer loop
      vertex 1.030000e+01 7.900000e+00 1.124032e+00
      vertex 1.060000e+01 7.600000e+00 1.024032e+00
      vertex 1.060000e+01 7.900000e+00 1.024032e+00
    endloop
  endfacet
  facet normal 7.124705e-02 0.000000e+00 0.000000e+00
    outer loop
      vertex 1.060000e+01 7.600000e+00 1.024032e+00
      vertex 1.070000e+01 7.600000e+00 -3.759683e-01
      vertex 1.060000e+01 7.900000e+00 1.024032e+00
    endloop
  endfacet
  facet normal 7.124705e-02 0.000000e+00 0.000000e+00
    outer loop
      vertex 1.060000e+01 7.900000e+00 1.024032e+00
      vertex 1.070000e+01 7.600000e+00 -3.759683e-01
      vertex 1.070000e+01 7.900000e+00 -3.759683e-01
    endloop
  endfacet
  facet normal 1.000000e+00 0.000000e+00 0.000000e+00
    outer loop
      vertex 1.070000e+01 7.600000e+00 -3.759683e-01
      vertex 1.100000e+01 7.600000e+00 -3.759683e-01
      vertex 1.070000e+01 7.900000e+00 -3.759683e-01
    endloop
  endfacet
  facet normal 1.000000e+00 0.000000e+00 0.000000e+00
    outer loop
      vertex 1.070000e+01 7.900000e+00 -3.759683e-01
      vertex 1.100000e+01 7.600000e+00 -3.759683e-01
      vertex 1.100000e+01 7.900000e+00 -3.759683e-01
    endloop
  endfacet
  facet normal 0.000000e+00 0.000000e+00 0.000000e+00
    outer loop
      vertex 1.100000e+01 7.600000e+00 -3.759683e-01
      vertex 1.100000e+01 7.600000e+00 -4.759683e-01
      vertex 1.100000e+01 7.900000e+00 -3.759683e-01
    endloop
  endfacet
  facet normal 0.000000e+00 0.000000e+00 0.000000e+00
    outer loop
      vertex 1.100000e+01 7.900000e+00 -3.759683e-01
      vertex 1.100000e+01 7.600000e+00 -4.759683e-01
      vertex 1.100000e+01 7.900000e+00 -4.759683e-01
    endloop
  endfacet
  facet normal -1.000000e+00 0.000000e+00 0.000000e+00
    outer loop
      vertex 1.100000e+01 7.600000e+00 -4.759683e-01
      vertex 1.060000e+01 7.600000e+00 -4.759683e-01
      vertex 1.100000e+01 7.900000e+00 -4.759683e-01
    endloop
  endfacet
  facet normal -1.000000e+00 0.000000e+00 0.000000e+00
    outer loop
      vertex 1.100000e+01 7.900000e+00 -4.759683e-01
      vertex 1.060000e+01 7.600000e+00 -4.759683e-01
      vertex 1.060000e+01 7.900000e+00 -4.759683e-01
    endloop
  endfacet
  facet normal -7.024856e-02 0.000000e+00 0.000000e+00
    outer loop
      vertex 1.060000e+01 7.600000e+00 -4.759683e-01
      vertex 1.050000e+01 7.600000e+00 9.440317e-01
      vertex 1.060000e+01 7.900000e+00 -4.759683e-01
    endloop
  endfacet
  facet normal -7.024856e-02 0.000000e+00 0.000000e+00
    outer loop
      vertex 1.060000e+01 7.900000e+00 -4.759683e-01
      vertex 1.050000e+01 7.600000e+00 9.440317e-01
      vertex 1.050000e+01 7.900000e+00 9.440317e-01
    endloop
  endfacet
  facet normal -9.397934e-01 0.000000e+00 0.000000e+00
    outer loop
      vertex 1.050000e+01 7.600000e+00 9.440317e-01
      vertex 1.028000e+01 7.600000e+00 1.024032e+00
      vertex 1.050000e+01 7.900000e+00 9.440317e-01
    endloop
  endfacet
  facet normal -9.397934e-01 0.000000e+00 0.000000e+00
    outer loop
      vertex 1.050000e+01 7.900000e+00 9.440317e-01
      vertex 1.028000e+01 7.600000e+00 1.024032e+00
      vertex 1.028000e+01 7.900000e+00 1.024032e+00
    endloop
  endfacet
  facet normal -1.000000e+00 0.000000e+00 0.000000e+00
    outer loop
      vertex 1.028000e+01 7.600000e+00 1.024032e+00
      vertex 9.050000e+00 7.600000e+00 1.024032e+00
      vertex 1.028000e+01 7.900000e+00 1.024032e+00
    endloop
  endfacet
  facet normal -1.000000e+00 0.000000e+00 0.000000e+00
    outer loop
      vertex 1.028000e+01 7.900000e+00 1.024032e+00
      vertex 9.050000e+00 7.600000e+00 1.024032e+00
      vertex 9.050000e+00 7.900000e+00 1.024032e+00
    endloop
  endfacet
  facet normal 1.502787e-31 0.000000e+00 0.000000e+00
    outer loop
      vertex 8.950000e+00 7.600000e+00 1.124032e+00
      vertex 9.050000e+00 7.600000e+00 1.024032e+00
      vertex 1.030000e+01 7.600000e+00 1.124032e+00
    endloop
  endfacet
  facet normal 1.502787e-31 0.000000e+00 0.000000e+00
    outer loop
      vertex 1.030000e+01 7.600000e+00 1.124032e+00
      vertex 9.050000e+00 7.600000e+00 1.024032e+00
      vertex 1.028000e+01 7.600000e+00 1.024032e+00
    endloop
  endfacet
  facet normal 1.502787e-31 0.000000e+00 0.000000e+00
    outer loop
      vertex 1.030000e+01 7.600000e+00 1.124032e+00
      vertex 1.028000e+01 7.600000e+00 1.024032e+00
      vertex 1.050000e+01 7.600000e+00 9.440317e-01
    endloop
  endfacet
  facet normal 1.502787e-31 0.000000e+00 0.000000e+00
    outer loop
      vertex 8.950000e+00 7.600000e+00 1.124032e+00
      vertex 8.950000e+00 7.600000e+00 6.990317e-01
      vertex 9.050000e+00 7.600000e+00 1.024032e+00
    endloop
  endfacet
  facet normal 1.502787e-31 0.000000e+00 0.000000e+00
    outer loop
      vertex 9.050000e+00 7.600000e+00 1.024032e+00
      vertex 8.950000e+00 7.600000e+00 6.990317e-01
      vertex 9.050000e+00 7.600000e+00 5.990317e-01
    endloop
  endfacet
  facet normal 1.502787e-31 0.000000e+00 0.000000e+00
    outer loop
      vertex 8.800000e+00 7.600000e+00 6.990317e-01
      vertex 8.800000e+00 7.600000e+00 5.990317e-01
      vertex 8.950000e+00 7.600000e+00 6.990317e-01
    endloop
  endfacet
  facet normal 1.502787e-31 0.000000e+00 0.000000e+00
    outer loop
      vertex 8.950000e+00 7.600000e+00 6.990317e-01
      vertex 8.800000e+00 7.600000e+00 5.990317e-01
      vertex 9.050000e+00 7.600000e+00 5.990317e-01
    endloop
  endfacet
  facet normal 1.502787e-31 0.000000e+00 0.000000e+00
    outer loop
      vertex 1.060000e+01 7.600000e+00 -4.759683e-01
      vertex 1.070000e+01 7.600000e+00 -3.759683e-01
      vertex 1.050000e+01 7.600000e+00 9.440317e-01
    endloop
  endfacet
  facet normal 1.502787e-31 0.000000e+00 0.000000e+00
    outer loop
      vertex 1.050000e+01 7.600000e+00 9.440317e-01
      vertex 1.070000e+01 7.600000e+00 -3.759683e-01
      vertex 1.060000e+01 7.600000e+00 1.024032e+00
    endloop
  endfacet
  facet normal 1.502787e-31 0.000000e+00 0.000000e+00
    outer loop
      vertex 1.050000e+01 7.600000e+00 9.440317e-01
      vertex 1.060000e+01 7.600000e+00 1.024032e+00
      vertex 1.030000e+01 7.600000e+00 1.124032e+00
    endloop
  endfacet
  facet normal 1.502787e-31 0.000000e+00 0.000000e+00
    outer loop
      vertex 1.060000e+01 7.600000e+00 -4.759683e-01
      vertex 1.100000e+01 7.600000e+00 -4.759683e-01
      vertex 1.070000e+01 7.600000e+00 -3.759683e-01
    endloop
  endfacet
  facet normal 1.502787e-31 0.000000e+00 0.000000e+00
    outer loop
      vertex 1.070000e+01 7.600000e+00 -3.759683e-01
      vertex 1.100000e+01 7.600000e+00 -4.759683e-01
      vertex 1.100000e+01 7.600000e+00 -3.759683e-01
    endloop
  endfacet
  facet normal -1.502787e-31 0.000000e+00 0.000000e+00
    outer loop
      vertex 8.950000e+00 7.900000e+00 6.990317e-01
      vertex 8.950000e+00 7.900000e+00 1.124032e+00
      vertex 9.050000e+00 7.900000e+00 1.024032e+00
    endloop
  endfacet
  facet normal -1.502787e-31 0.000000e+00 0.000000e+00
    outer loop
      vertex 9.050000e+00 7.900000e+00 1.024032e+00
      vertex 8.950000e+00 7.900000e+00 1.124032e+00
      vertex 1.030000e+01 7.900000e+00 1.124032e+00
    endloop
  endfacet
  facet normal -1.502787e-31 0.000000e+00 0.000000e+00
    outer loop
      vertex 9.050000e+00 7.900000e+00 1.024032e+00
      vertex 1.030000e+01 7.900000e+00 1.124032e+00
      vertex 1.028000e+01 7.900000e+00 1.024032e+00
    endloop
  endfacet
  facet normal -1.502787e-31 0.000000e+00 0.000000e+00
    outer loop
      vertex 1.028000e+01 7.900000e+00 1.024032e+00
      vertex 1.030000e+01 7.900000e+00 1.124032e+00
      vertex 1.050000e+01 7.900000e+00 9.440317e-01
    endloop
  endfacet
  facet normal -1.502787e-31 0.000000e+00 0.000000e+00
    outer loop
      vertex 1.030000e+01 7.900000e+00 1.124032e+00
      vertex 1.060000e+01 7.900000e+00 1.024032e+00
      vertex 1.050000e+01 7.900000e+00 9.440317e-01
    endloop
  endfacet
  facet normal -1.502787e-31 0.000000e+00 0.000000e+00
    outer loop
      vertex 1.050000e+01 7.900000e+00 9.440317e-01
      vertex 1.060000e+01 7.900000e+00 1.024032e+00
      vertex 1.070000e+01 7.900000e+00 -3.759683e-01
    endloop
  endfacet
  facet normal -1.502787e-31 0.000000e+00 0.000000e+00
    outer loop
      vertex 1.050000e+01 7.900000e+00 9.440317e-01
      vertex 1.070000e+01 7.900000e+00 -3.759683e-01
      vertex 1.060000e+01 7.900000e+00 -4.759683e-01
    endloop
  endfacet
  facet normal -1.502787e-31 0.000000e+00 0.000000e+00
    outer loop
      vertex 1.060000e+01 7.900000e+00 -4.759683e-01
      vertex 1.070000e+01 7.900000e+00 -3.759683e-01
      vertex 1.100000e+01 7.900000e+00 -4.759683e-01
    endloop
  endfacet
  facet normal -1.502787e-31 0.000000e+00 0.000000e+00
    outer loop
      vertex 1.070000e+01 7.900000e+00 -3.759683e-01
      vertex 1.100000e+01 7.900000e+00 -3.759683e-01
      vertex 1.100000e+01 7.900000e+00 -4.759683e-01
    endloop
  endfacet
  facet normal -1.502787e-31 0.000000e+00 0.000000e+00
    outer loop
      vertex 9.050000e+00 7.900000e+00 1.024032e+00
      vertex 9.050000e+00 7.900000e+00 5.990317e-01
      vertex 8.950000e+00 7.900000e+00 6.990317e-01
    endloop
  endfacet
  facet normal -1.502787e-31 0.000000e+00 0.000000e+00
    outer loop
      vertex 8.950000e+00 7.900000e+00 6.990317e-01
      vertex 9.050000e+00 7.900000e+00 5.990317e-01
      vertex 8.800000e+00 7.900000e+00 5.990317e-01
    endloop
  endfacet
  facet normal -1.502787e-31 0.000000e+00 0.000000e+00
    outer loop
      vertex 8.950000e+00 7.900000e+00 6.990317e-01
      vertex 8.800000e+00 7.900000e+00 5.990317e-01
      vertex 8.800000e+00 7.900000e+00 6.990317e-01
    endloop
  endfacet
endsolid PEC:Pin_11_3
solid PEC:Pin_12_1
  facet normal 0.000000e+00 0.000000e+00 0.000000e+00
    outer loop
      vertex 2.870000e+00 3.180000e+00 6.990317e-01
      vertex 2.870000e+00 2.980000e+00 6.990317e-01
      vertex 2.870000e+00 3.180000e+00 5.990317e-01
    endloop
  endfacet
  facet normal 0.000000e+00 0.000000e+00 0.000000e+00
    outer loop
      vertex 2.870000e+00 3.180000e+00 5.990317e-01
      vertex 2.870000e+00 2.980000e+00 6.990317e-01
      vertex 2.870000e+00 2.980000e+00 5.990317e-01
    endloop
  endfacet
  facet normal -0.000000e+00 0.000000e+00 0.000000e+00
    outer loop
      vertex 2.870000e+00 2.980000e+00 6.990317e-01
      vertex 2.770000e+00 2.980000e+00 6.990317e-01
      vertex 2.870000e+00 2.980000e+00 5.990317e-01
    endloop
  endfacet
  facet normal -0.000000e+00 0.000000e+00 0.000000e+00
    outer loop
      vertex 2.870000e+00 2.980000e+00 5.990317e-01
      vertex 2.770000e+00 2.980000e+00 6.990317e-01
      vertex 2.770000e+00 2.980000e+00 5.990317e-01
    endloop
  endfacet
  facet normal -0.000000e+00 0.000000e+00 0.000000e+00
    outer loop
      vertex 2.870000e+00 3.180000e+00 5.990317e-01
      vertex 2.770000e+00 3.180000e+00 5.990317e-01
      vertex 2.870000e+00 3.180000e+00 6.990317e-01
    endloop
  endfacet
  facet normal -0.000000e+00 0.000000e+00 0.000000e+00
    outer loop
      vertex 2.870000e+00 3.180000e+00 6.990317e-01
      vertex 2.770000e+00 3.180000e+00 5.990317e-01
      vertex 2.770000e+00 3.180000e+00 6.990317e-01
    endloop
  endfacet
  facet normal 0.000000e+00 0.000000e+00 0.000000e+00
    outer loop
      vertex 2.770000e+00 3.180000e+00 6.990317e-01
      vertex 2.770000e+00 3.180000e+00 5.990317e-01
      vertex 1.200000e+00 1.850000e+00 6.990317e-01
    endloop
  endfacet
  facet normal 0.000000e+00 0.000000e+00 0.000000e+00
    outer loop
      vertex 1.200000e+00 1.850000e+00 6.990317e-01
      vertex 2.770000e+00 3.180000e+00 5.990317e-01
      vertex 1.200000e+00 1.850000e+00 5.990317e-01
    endloop
  endfacet
  facet normal 0.000000e+00 0.000000e+00 0.000000e+00
    outer loop
      vertex 2.770000e+00 2.980000e+00 5.990317e-01
      vertex 2.770000e+00 2.980000e+00 6.990317e-01
      vertex 1.200000e+00 1.550000e+00 5.990317e-01
    endloop
  endfacet
  facet normal 0.000000e+00 0.000000e+00 0.000000e+00
    outer loop
      vertex 1.200000e+00 1.550000e+00 5.990317e-01
      vertex 2.770000e+00 2.980000e+00 6.990317e-01
      vertex 1.200000e+00 1.550000e+00 6.990317e-01
    endloop
  endfacet
  facet normal 0.000000e+00 0.000000e+00 0.000000e+00
    outer loop
      vertex 1.050000e+00 1.550000e+00 1.124032e+00
      vertex 1.050000e+00 1.550000e+00 6.990317e-01
      vertex 1.050000e+00 1.850000e+00 1.124032e+00
    endloop
  endfacet
  facet normal 0.000000e+00 0.000000e+00 0.000000e+00
    outer loop
      vertex 1.050000e+00 1.850000e+00 1.124032e+00
      vertex 1.050000e+00 1.550000e+00 6.990317e-01
      vertex 1.050000e+00 1.850000e+00 6.990317e-01
    endloop
  endfacet
  facet normal 1.000000e+00 0.000000e+00 0.000000e+00
    outer loop
      vertex 1.050000e+00 1.550000e+00 6.990317e-01
      vertex 1.200000e+00 1.550000e+00 6.990317e-01
      vertex 1.050000e+00 1.850000e+00 6.990317e-01
    endloop
  endfacet
  facet normal 1.000000e+00 0.000000e+00 0.000000e+00
    outer loop
      vertex 1.050000e+00 1.850000e+00 6.990317e-01
      vertex 1.200000e+00 1.550000e+00 6.990317e-01
      vertex 1.200000e+00 1.850000e+00 6.990317e-01
    endloop
  endfacet
  facet normal 1.000000e+00 0.000000e+00 0.000000e+00
    outer loop
      vertex 1.200000e+00 1.550000e+00 6.990317e-01
      vertex 2.770000e+00 2.980000e+00 6.990317e-01
      vertex 1.200000e+00 1.850000e+00 6.990317e-01
    endloop
  endfacet
  facet normal 1.000000e+00 0.000000e+00 0.000000e+00
    outer loop
      vertex 1.200000e+00 1.850000e+00 6.990317e-01
      vertex 2.770000e+00 2.980000e+00 6.990317e-01
      vertex 2.770000e+00 3.180000e+00 6.990317e-01
    endloop
  endfacet
  facet normal 1.000000e+00 0.000000e+00 0.000000e+00
    outer loop
      vertex 2.770000e+00 2.980000e+00 6.990317e-01
      vertex 2.870000e+00 2.980000e+00 6.990317e-01
      vertex 2.770000e+00 3.180000e+00 6.990317e-01
    endloop
  endfacet
  facet normal 1.000000e+00 0.000000e+00 0.000000e+00
    outer loop
      vertex 2.770000e+00 3.180000e+00 6.990317e-01
      vertex 2.870000e+00 2.980000e+00 6.990317e-01
      vertex 2.870000e+00 3.180000e+00 6.990317e-01
    endloop
  endfacet
  facet normal -1.000000e+00 0.000000e+00 0.000000e+00
    outer loop
      vertex 2.770000e+00 2.980000e+00 5.990317e-01
      vertex 1.200000e+00 1.550000e+00 5.990317e-01
      vertex 1.200000e+00 1.850000e+00 5.990317e-01
    endloop
  endfacet
  facet normal -1.000000e+00 0.000000e+00 0.000000e+00
    outer loop
      vertex 1.200000e+00 1.850000e+00 5.990317e-01
      vertex 1.200000e+00 1.550000e+00 5.990317e-01
      vertex 9.500000e-01 1.550000e+00 5.990317e-01
    endloop
  endfacet
  facet normal -1.000000e+00 0.000000e+00 0.000000e+00
    outer loop
      vertex 1.200000e+00 1.850000e+00 5.990317e-01
      vertex 9.500000e-01 1.550000e+00 5.990317e-01
      vertex 9.500000e-01 1.850000e+00 5.990317e-01
    endloop
  endfacet
  facet normal -1.000000e+00 0.000000e+00 0.000000e+00
    outer loop
      vertex 1.200000e+00 1.850000e+00 5.990317e-01
      vertex 2.770000e+00 3.180000e+00 5.990317e-01
      vertex 2.770000e+00 2.980000e+00 5.990317e-01
    endloop
  endfacet
  facet normal -1.000000e+00 0.000000e+00 0.000000e+00
    outer loop
      vertex 2.770000e+00 2.980000e+00 5.990317e-01
      vertex 2.770000e+00 3.180000e+00 5.990317e-01
      vertex 2.870000e+00 3.180000e+00 5.990317e-01
    endloop
  endfacet
  facet normal -1.000000e+00 0.000000e+00 0.000000e+00
    outer loop
      vertex 2.770000e+00 2.980000e+00 5.990317e-01
      vertex 2.870000e+00 3.180000e+00 5.990317e-01
      vertex 2.870000e+00 2.980000e+00 5.990317e-01
    endloop
  endfacet
  facet normal 0.000000e+00 0.000000e+00 0.000000e+00
    outer loop
      vertex 9.500000e-01 1.550000e+00 5.990317e-01
      vertex 9.500000e-01 1.550000e+00 1.024032e+00
      vertex 9.500000e-01 1.850000e+00 5.990317e-01
    endloop
  endfacet
  facet normal 0.000000e+00 0.000000e+00 0.000000e+00
    outer loop
      vertex 9.500000e-01 1.850000e+00 5.990317e-01
      vertex 9.500000e-01 1.550000e+00 1.024032e+00
      vertex 9.500000e-01 1.850000e+00 1.024032e+00
    endloop
  endfacet
  facet normal 1.000000e+00 0.000000e+00 0.000000e+00
    outer loop
      vertex 1.050000e+00 1.850000e+00 1.124032e+00
      vertex -3.000000e-01 1.850000e+00 1.124032e+00
      vertex 1.050000e+00 1.550000e+00 1.124032e+00
    endloop
  endfacet
  facet normal 1.000000e+00 0.000000e+00 0.000000e+00
    outer loop
      vertex 1.050000e+00 1.550000e+00 1.124032e+00
      vertex -3.000000e-01 1.850000e+00 1.124032e+00
      vertex -3.000000e-01 1.550000e+00 1.124032e+00
    endloop
  endfacet
  facet normal 9.486833e-01 0.000000e+00 0.000000e+00
    outer loop
      vertex -3.000000e-01 1.850000e+00 1.124032e+00
      vertex -6.000000e-01 1.850000e+00 1.024032e+00
      vertex -3.000000e-01 1.550000e+00 1.124032e+00
    endloop
  endfacet
  facet normal 9.486833e-01 0.000000e+00 0.000000e+00
    outer loop
      vertex -3.000000e-01 1.550000e+00 1.124032e+00
      vertex -6.000000e-01 1.850000e+00 1.024032e+00
      vertex -6.000000e-01 1.550000e+00 1.024032e+00
    endloop
  endfacet
  facet normal 7.124705e-02 0.000000e+00 0.000000e+00
    outer loop
      vertex -6.000000e-01 1.850000e+00 1.024032e+00
      vertex -7.000000e-01 1.850000e+00 -3.759683e-01
      vertex -6.000000e-01 1.550000e+00 1.024032e+00
    endloop
  endfacet
  facet normal 7.124705e-02 0.000000e+00 0.000000e+00
    outer loop
      vertex -6.000000e-01 1.550000e+00 1.024032e+00
      vertex -7.000000e-01 1.850000e+00 -3.759683e-01
      vertex -7.000000e-01 1.550000e+00 -3.759683e-01
    endloop
  endfacet
  facet normal 1.000000e+00 0.000000e+00 0.000000e+00
    outer loop
      vertex -7.000000e-01 1.850000e+00 -3.759683e-01
      vertex -1.000000e+00 1.850000e+00 -3.759683e-01
      vertex -7.000000e-01 1.550000e+00 -3.759683e-01
    endloop
  endfacet
  facet normal 1.000000e+00 0.000000e+00 0.000000e+00
    outer loop
      vertex -7.000000e-01 1.550000e+00 -3.759683e-01
      vertex -1.000000e+00 1.850000e+00 -3.759683e-01
      vertex -1.000000e+00 1.550000e+00 -3.759683e-01
    endloop
  endfacet
  facet normal 0.000000e+00 0.000000e+00 0.000000e+00
    outer loop
      vertex -1.000000e+00 1.850000e+00 -3.759683e-01
      vertex -1.000000e+00 1.850000e+00 -4.759683e-01
      vertex -1.000000e+00 1.550000e+00 -3.759683e-01
    endloop
  endfacet
  facet normal 0.000000e+00 0.000000e+00 0.000000e+00
    outer loop
      vertex -1.000000e+00 1.550000e+00 -3.759683e-01
      vertex -1.000000e+00 1.850000e+00 -4.759683e-01
      vertex -1.000000e+00 1.550000e+00 -4.759683e-01
    endloop
  endfacet
  facet normal -1.000000e+00 0.000000e+00 0.000000e+00
    outer loop
      vertex -1.000000e+00 1.850000e+00 -4.759683e-01
      vertex -6.000000e-01 1.850000e+00 -4.759683e-01
      vertex -1.000000e+00 1.550000e+00 -4.759683e-01
    endloop
  endfacet
  facet normal -1.000000e+00 0.000000e+00 0.000000e+00
    outer loop
      vertex -1.000000e+00 1.550000e+00 -4.759683e-01
      vertex -6.000000e-01 1.850000e+00 -4.759683e-01
      vertex -6.000000e-01 1.550000e+00 -4.759683e-01
    endloop
  endfacet
  facet normal -7.024856e-02 0.000000e+00 0.000000e+00
    outer loop
      vertex -6.000000e-01 1.850000e+00 -4.759683e-01
      vertex -5.000000e-01 1.850000e+00 9.440317e-01
      vertex -6.000000e-01 1.550000e+00 -4.759683e-01
    endloop
  endfacet
  facet normal -7.024856e-02 0.000000e+00 0.000000e+00
    outer loop
      vertex -6.000000e-01 1.550000e+00 -4.759683e-01
      vertex -5.000000e-01 1.850000e+00 9.440317e-01
      vertex -5.000000e-01 1.550000e+00 9.440317e-01
    endloop
  endfacet
  facet normal -9.397934e-01 0.000000e+00 0.000000e+00
    outer loop
      vertex -5.000000e-01 1.850000e+00 9.440317e-01
      vertex -2.800000e-01 1.850000e+00 1.024032e+00
      vertex -5.000000e-01 1.550000e+00 9.440317e-01
    endloop
  endfacet
  facet normal -9.397934e-01 0.000000e+00 0.000000e+00
    outer loop
      vertex -5.000000e-01 1.550000e+00 9.440317e-01
      vertex -2.800000e-01 1.850000e+00 1.024032e+00
      vertex -2.800000e-01 1.550000e+00 1.024032e+00
    endloop
  endfacet
  facet normal -1.000000e+00 0.000000e+00 0.000000e+00
    outer loop
      vertex -2.800000e-01 1.850000e+00 1.024032e+00
      vertex 9.500000e-01 1.850000e+00 1.024032e+00
      vertex -2.800000e-01 1.550000e+00 1.024032e+00
    endloop
  endfacet
  facet normal -1.000000e+00 0.000000e+00 0.000000e+00
    outer loop
      vertex -2.800000e-01 1.550000e+00 1.024032e+00
      vertex 9.500000e-01 1.850000e+00 1.024032e+00
      vertex 9.500000e-01 1.550000e+00 1.024032e+00
    endloop
  endfacet
  facet normal 1.502787e-31 0.000000e+00 0.000000e+00
    outer loop
      vertex 1.050000e+00 1.850000e+00 1.124032e+00
      vertex 9.500000e-01 1.850000e+00 1.024032e+00
      vertex -3.000000e-01 1.850000e+00 1.124032e+00
    endloop
  endfacet
  facet normal 1.502787e-31 0.000000e+00 0.000000e+00
    outer loop
      vertex -3.000000e-01 1.850000e+00 1.124032e+00
      vertex 9.500000e-01 1.850000e+00 1.024032e+00
      vertex -2.800000e-01 1.850000e+00 1.024032e+00
    endloop
  endfacet
  facet normal 1.502787e-31 0.000000e+00 0.000000e+00
    outer loop
      vertex -3.000000e-01 1.850000e+00 1.124032e+00
      vertex -2.800000e-01 1.850000e+00 1.024032e+00
      vertex -5.000000e-01 1.850000e+00 9.440317e-01
    endloop
  endfacet
  facet normal 1.502787e-31 0.000000e+00 0.000000e+00
    outer loop
      vertex 1.050000e+00 1.850000e+00 1.124032e+00
      vertex 1.050000e+00 1.850000e+00 6.990317e-01
      vertex 9.500000e-01 1.850000e+00 1.024032e+00
    endloop
  endfacet
  facet normal 1.502787e-31 0.000000e+00 0.000000e+00
    outer loop
      vertex 9.500000e-01 1.850000e+00 1.024032e+00
      vertex 1.050000e+00 1.850000e+00 6.990317e-01
      vertex 9.500000e-01 1.850000e+00 5.990317e-01
    endloop
  endfacet
  facet normal 1.502787e-31 0.000000e+00 0.000000e+00
    outer loop
      vertex 1.200000e+00 1.850000e+00 6.990317e-01
      vertex 1.200000e+00 1.850000e+00 5.990317e-01
      vertex 1.050000e+00 1.850000e+00 6.990317e-01
    endloop
  endfacet
  facet normal 1.502787e-31 0.000000e+00 0.000000e+00
    outer loop
      vertex 1.050000e+00 1.850000e+00 6.990317e-01
      vertex 1.200000e+00 1.850000e+00 5.990317e-01
      vertex 9.500000e-01 1.850000e+00 5.990317e-01
    endloop
  endfacet
  facet normal 1.502787e-31 0.000000e+00 0.000000e+00
    outer loop
      vertex -6.000000e-01 1.850000e+00 -4.759683e-01
      vertex -7.000000e-01 1.850000e+00 -3.759683e-01
      vertex -5.000000e-01 1.850000e+00 9.440317e-01
    endloop
  endfacet
  facet normal 1.502787e-31 0.000000e+00 0.000000e+00
    outer loop
      vertex -5.000000e-01 1.850000e+00 9.440317e-01
      vertex -7.000000e-01 1.850000e+00 -3.759683e-01
      vertex -6.000000e-01 1.850000e+00 1.024032e+00
    endloop
  endfacet
  facet normal 1.502787e-31 0.000000e+00 0.000000e+00
    outer loop
      vertex -5.000000e-01 1.850000e+00 9.440317e-01
      vertex -6.000000e-01 1.850000e+00 1.024032e+00
      vertex -3.000000e-01 1.850000e+00 1.124032e+00
    endloop
  endfacet
  facet normal 1.502787e-31 0.000000e+00 0.000000e+00
    outer loop
      vertex -6.000000e-01 1.850000e+00 -4.759683e-01
      vertex -1.000000e+00 1.850000e+00 -4.759683e-01
      vertex -7.000000e-01 1.850000e+00 -3.759683e-01
    endloop
  endfacet
  facet normal 1.502787e-31 0.000000e+00 0.000000e+00
    outer loop
      vertex -7.000000e-01 1.850000e+00 -3.759683e-01
      vertex -1.000000e+00 1.850000e+00 -4.759683e-01
      vertex -1.000000e+00 1.850000e+00 -3.759683e-01
    endloop
  endfacet
  facet normal -1.502787e-31 0.000000e+00 0.000000e+00
    outer loop
      vertex 1.050000e+00 1.550000e+00 6.990317e-01
      vertex 1.050000e+00 1.550000e+00 1.124032e+00
      vertex 9.500000e-01 1.550000e+00 1.024032e+00
    endloop
  endfacet
  facet normal -1.502787e-31 0.000000e+00 0.000000e+00
    outer loop
      vertex 9.500000e-01 1.550000e+00 1.024032e+00
      vertex 1.050000e+00 1.550000e+00 1.124032e+00
      vertex -3.000000e-01 1.550000e+00 1.124032e+00
    endloop
  endfacet
  facet normal -1.502787e-31 0.000000e+00 0.000000e+00
    outer loop
      vertex 9.500000e-01 1.550000e+00 1.024032e+00
      vertex -3.000000e-01 1.550000e+00 1.124032e+00
      vertex -2.800000e-01 1.550000e+00 1.024032e+00
    endloop
  endfacet
  facet normal -1.502787e-31 0.000000e+00 0.000000e+00
    outer loop
      vertex -2.800000e-01 1.550000e+00 1.024032e+00
      vertex -3.000000e-01 1.550000e+00 1.124032e+00
      vertex -5.000000e-01 1.550000e+00 9.440317e-01
    endloop
  endfacet
  facet normal -1.502787e-31 0.000000e+00 0.000000e+00
    outer loop
      vertex -3.000000e-01 1.550000e+00 1.124032e+00
      vertex -6.000000e-01 1.550000e+00 1.024032e+00
      vertex -5.000000e-01 1.550000e+00 9.440317e-01
    endloop
  endfacet
  facet normal -1.502787e-31 0.000000e+00 0.000000e+00
    outer loop
      vertex -5.000000e-01 1.550000e+00 9.440317e-01
      vertex -6.000000e-01 1.550000e+00 1.024032e+00
      vertex -7.000000e-01 1.550000e+00 -3.759683e-01
    endloop
  endfacet
  facet normal -1.502787e-31 0.000000e+00 0.000000e+00
    outer loop
      vertex -5.000000e-01 1.550000e+00 9.440317e-01
      vertex -7.000000e-01 1.550000e+00 -3.759683e-01
      vertex -6.000000e-01 1.550000e+00 -4.759683e-01
    endloop
  endfacet
  facet normal -1.502787e-31 0.000000e+00 0.000000e+00
    outer loop
      vertex -6.000000e-01 1.550000e+00 -4.759683e-01
      vertex -7.000000e-01 1.550000e+00 -3.759683e-01
      vertex -1.000000e+00 1.550000e+00 -4.759683e-01
    endloop
  endfacet
  facet normal -1.502787e-31 0.000000e+00 0.000000e+00
    outer loop
      vertex -7.000000e-01 1.550000e+00 -3.759683e-01
      vertex -1.000000e+00 1.550000e+00 -3.759683e-01
      vertex -1.000000e+00 1.550000e+00 -4.759683e-01
    endloop
  endfacet
  facet normal -1.502787e-31 0.000000e+00 0.000000e+00
    outer loop
      vertex 9.500000e-01 1.550000e+00 1.024032e+00
      vertex 9.500000e-01 1.550000e+00 5.990317e-01
      vertex 1.050000e+00 1.550000e+00 6.990317e-01
    endloop
  endfacet
  facet normal -1.502787e-31 0.000000e+00 0.000000e+00
    outer loop
      vertex 1.050000e+00 1.550000e+00 6.990317e-01
      vertex 9.500000e-01 1.550000e+00 5.990317e-01
      vertex 1.200000e+00 1.550000e+00 5.990317e-01
    endloop
  endfacet
  facet normal -1.502787e-31 0.000000e+00 0.000000e+00
    outer loop
      vertex 1.050000e+00 1.550000e+00 6.990317e-01
      vertex 1.200000e+00 1.550000e+00 5.990317e-01
      vertex 1.200000e+00 1.550000e+00 6.990317e-01
    endloop
  endfacet
endsolid PEC:Pin_12_1
solid PEC:Pin_12_2
  facet normal 0.000000e+00 0.000000e+00 0.000000e+00
    outer loop
      vertex 6.820000e+00 2.870000e+00 6.990317e-01
      vertex 7.020000e+00 2.870000e+00 6.990317e-01
      vertex 6.820000e+00 2.870000e+00 5.990317e-01
    endloop
  endfacet
  facet normal 0.000000e+00 0.000000e+00 0.000000e+00
    outer loop
      vertex 6.820000e+00 2.870000e+00 5.990317e-01
      vertex 7.020000e+00 2.870000e+00 6.990317e-01
      vertex 7.020000e+00 2.870000e+00 5.990317e-01
    endloop
  endfacet
  facet normal -0.000000e+00 0.000000e+00 0.000000e+00
    outer loop
      vertex 7.020000e+00 2.870000e+00 6.990317e-01
      vertex 7.020000e+00 2.770000e+00 6.990317e-01
      vertex 7.020000e+00 2.870000e+00 5.990317e-01
    endloop
  endfacet
  facet normal -0.000000e+00 0.000000e+00 0.000000e+00
    outer loop
      vertex 7.020000e+00 2.870000e+00 5.990317e-01
      vertex 7.020000e+00 2.770000e+00 6.990317e-01
      vertex 7.020000e+00 2.770000e+00 5.990317e-01
    endloop
  endfacet
  facet normal -0.000000e+00 0.000000e+00 0.000000e+00
    outer loop
      vertex 6.820000e+00 2.870000e+00 5.990317e-01
      vertex 6.820000e+00 2.770000e+00 5.990317e-01
      vertex 6.820000e+00 2.870000e+00 6.990317e-01
    endloop
  endfacet
  facet normal -0.000000e+00 0.000000e+00 0.000000e+00
    outer loop
      vertex 6.820000e+00 2.870000e+00 6.990317e-01
      vertex 6.820000e+00 2.770000e+00 5.990317e-01
      vertex 6.820000e+00 2.770000e+00 6.990317e-01
    endloop
  endfacet
  facet normal 0.000000e+00 0.000000e+00 0.000000e+00
    outer loop
      vertex 6.820000e+00 2.770000e+00 6.990317e-01
      vertex 6.820000e+00 2.770000e+00 5.990317e-01
      vertex 8.150000e+00 1.200000e+00 6.990317e-01
    endloop
  endfacet
  facet normal 0.000000e+00 0.000000e+00 0.000000e+00
    outer loop
      vertex 8.150000e+00 1.200000e+00 6.990317e-01
      vertex 6.820000e+00 2.770000e+00 5.990317e-01
      vertex 8.150000e+00 1.200000e+00 5.990317e-01
    endloop
  endfacet
  facet normal 0.000000e+00 0.000000e+00 0.000000e+00
    outer loop
      vertex 7.020000e+00 2.770000e+00 5.990317e-01
      vertex 7.020000e+00 2.770000e+00 6.990317e-01
      vertex 8.450000e+00 1.200000e+00 5.990317e-01
    endloop
  endfacet
  facet normal 0.000000e+00 0.000000e+00 0.000000e+00
    outer loop
      vertex 8.450000e+00 1.200000e+00 5.990317e-01
      vertex 7.020000e+00 2.770000e+00 6.990317e-01
      vertex 8.450000e+00 1.200000e+00 6.990317e-01
    endloop
  endfacet
  facet normal 0.000000e+00 0.000000e+00 0.000000e+00
    outer loop
      vertex 8.450000e+00 1.050000e+00 1.124032e+00
      vertex 8.450000e+00 1.050000e+00 6.990317e-01
      vertex 8.150000e+00 1.050000e+00 1.124032e+00
    endloop
  endfacet
  facet normal 0.000000e+00 0.000000e+00 0.000000e+00
    outer loop
      vertex 8.150000e+00 1.050000e+00 1.124032e+00
      vertex 8.450000e+00 1.050000e+00 6.990317e-01
      vertex 8.150000e+00 1.050000e+00 6.990317e-01
    endloop
  endfacet
  facet normal 1.000000e+00 0.000000e+00 0.000000e+00
    outer loop
      vertex 8.450000e+00 1.050000e+00 6.990317e-01
      vertex 8.450000e+00 1.200000e+00 6.990317e-01
      vertex 8.150000e+00 1.050000e+00 6.990317e-01
    endloop
  endfacet
  facet normal 1.000000e+00 0.000000e+00 0.000000e+00
    outer loop
      vertex 8.150000e+00 1.050000e+00 6.990317e-01
      vertex 8.450000e+00 1.200000e+00 6.990317e-01
      vertex 8.150000e+00 1.200000e+00 6.990317e-01
    endloop
  endfacet
  facet normal 1.000000e+00 0.000000e+00 0.000000e+00
    outer loop
      vertex 8.450000e+00 1.200000e+00 6.990317e-01
      vertex 7.020000e+00 2.770000e+00 6.990317e-01
      vertex 8.150000e+00 1.200000e+00 6.990317e-01
    endloop
  endfacet
  facet normal 1.000000e+00 0.000000e+00 0.000000e+00
    outer loop
      vertex 8.150000e+00 1.200000e+00 6.990317e-01
      vertex 7.020000e+00 2.770000e+00 6.990317e-01
      vertex 6.820000e+00 2.770000e+00 6.990317e-01
    endloop
  endfacet
  facet normal 1.000000e+00 0.000000e+00 0.000000e+00
    outer loop
      vertex 7.020000e+00 2.770000e+00 6.990317e-01
      vertex 7.020000e+00 2.870000e+00 6.990317e-01
      vertex 6.820000e+00 2.770000e+00 6.990317e-01
    endloop
  endfacet
  facet normal 1.000000e+00 0.000000e+00 0.000000e+00
    outer loop
      vertex 6.820000e+00 2.770000e+00 6.990317e-01
      vertex 7.020000e+00 2.870000e+00 6.990317e-01
      vertex 6.820000e+00 2.870000e+00 6.990317e-01
    endloop
  endfacet
  facet normal -1.000000e+00 0.000000e+00 0.000000e+00
    outer loop
      vertex 7.020000e+00 2.770000e+00 5.990317e-01
      vertex 8.450000e+00 1.200000e+00 5.990317e-01
      vertex 8.150000e+00 1.200000e+00 5.990317e-01
    endloop
  endfacet
  facet normal -1.000000e+00 0.000000e+00 0.000000e+00
    outer loop
      vertex 8.150000e+00 1.200000e+00 5.990317e-01
      vertex 8.450000e+00 1.200000e+00 5.990317e-01
      vertex 8.450000e+00 9.500000e-01 5.990317e-01
    endloop
  endfacet
  facet normal -1.000000e+00 0.000000e+00 0.000000e+00
    outer loop
      vertex 8.150000e+00 1.200000e+00 5.990317e-01
      vertex 8.450000e+00 9.500000e-01 5.990317e-01
      vertex 8.150000e+00 9.500000e-01 5.990317e-01
    endloop
  endfacet
  facet normal -1.000000e+00 0.000000e+00 0.000000e+00
    outer loop
      vertex 8.150000e+00 1.200000e+00 5.990317e-01
      vertex 6.820000e+00 2.770000e+00 5.990317e-01
      vertex 7.020000e+00 2.770000e+00 5.990317e-01
    endloop
  endfacet
  facet normal -1.000000e+00 0.000000e+00 0.000000e+00
    outer loop
      vertex 7.020000e+00 2.770000e+00 5.990317e-01
      vertex 6.820000e+00 2.770000e+00 5.990317e-01
      vertex 6.820000e+00 2.870000e+00 5.990317e-01
    endloop
  endfacet
  facet normal -1.000000e+00 0.000000e+00 0.000000e+00
    outer loop
      vertex 7.020000e+00 2.770000e+00 5.990317e-01
      vertex 6.820000e+00 2.870000e+00 5.990317e-01
      vertex 7.020000e+00 2.870000e+00 5.990317e-01
    endloop
  endfacet
  facet normal 0.000000e+00 0.000000e+00 0.000000e+00
    outer loop
      vertex 8.450000e+00 9.500000e-01 5.990317e-01
      vertex 8.450000e+00 9.500000e-01 1.024032e+00
      vertex 8.150000e+00 9.500000e-01 5.990317e-01
    endloop
  endfacet
  facet normal 0.000000e+00 0.000000e+00 0.000000e+00
    outer loop
      vertex 8.150000e+00 9.500000e-01 5.990317e-01
      vertex 8.450000e+00 9.500000e-01 1.024032e+00
      vertex 8.150000e+00 9.500000e-01 1.024032e+00
    endloop
  endfacet
  facet normal 1.000000e+00 0.000000e+00 0.000000e+00
    outer loop
      vertex 8.150000e+00 1.050000e+00 1.124032e+00
      vertex 8.150000e+00 -3.000000e-01 1.124032e+00
      vertex 8.450000e+00 1.050000e+00 1.124032e+00
    endloop
  endfacet
  facet normal 1.000000e+00 0.000000e+00 0.000000e+00
    outer loop
      vertex 8.450000e+00 1.050000e+00 1.124032e+00
      vertex 8.150000e+00 -3.000000e-01 1.124032e+00
      vertex 8.450000e+00 -3.000000e-01 1.124032e+00
    endloop
  endfacet
  facet normal 9.486833e-01 0.000000e+00 0.000000e+00
    outer loop
      vertex 8.150000e+00 -3.000000e-01 1.124032e+00
      vertex 8.150000e+00 -6.000000e-01 1.024032e+00
      vertex 8.450000e+00 -3.000000e-01 1.124032e+00
    endloop
  endfacet
  facet normal 9.486833e-01 0.000000e+00 0.000000e+00
    outer loop
      vertex 8.450000e+00 -3.000000e-01 1.124032e+00
      vertex 8.150000e+00 -6.000000e-01 1.024032e+00
      vertex 8.450000e+00 -6.000000e-01 1.024032e+00
    endloop
  endfacet
  facet normal 7.124705e-02 0.000000e+00 0.000000e+00
    outer loop
      vertex 8.150000e+00 -6.000000e-01 1.024032e+00
      vertex 8.150000e+00 -7.000000e-01 -3.759683e-01
      vertex 8.450000e+00 -6.000000e-01 1.024032e+00
    endloop
  endfacet
  facet normal 7.124705e-02 0.000000e+00 0.000000e+00
    outer loop
      vertex 8.450000e+00 -6.000000e-01 1.024032e+00
      vertex 8.150000e+00 -7.000000e-01 -3.759683e-01
      vertex 8.450000e+00 -7.000000e-01 -3.759683e-01
    endloop
  endfacet
  facet normal 1.000000e+00 0.000000e+00 0.000000e+00
    outer loop
      vertex 8.150000e+00 -7.000000e-01 -3.759683e-01
      vertex 8.150000e+00 -1.000000e+00 -3.759683e-01
      vertex 8.450000e+00 -7.000000e-01 -3.759683e-01
    endloop
  endfacet
  facet normal 1.000000e+00 0.000000e+00 0.000000e+00
    outer loop
      vertex 8.450000e+00 -7.000000e-01 -3.759683e-01
      vertex 8.150000e+00 -1.000000e+00 -3.759683e-01
      vertex 8.450000e+00 -1.000000e+00 -3.759683e-01
    endloop
  endfacet
  facet normal 0.000000e+00 0.000000e+00 0.000000e+00
    outer loop
      vertex 8.150000e+00 -1.000000e+00 -3.759683e-01
      vertex 8.150000e+00 -1.000000e+00 -4.759683e-01
      vertex 8.450000e+00 -1.000000e+00 -3.759683e-01
    endloop
  endfacet
  facet normal 0.000000e+00 0.000000e+00 0.000000e+00
    outer loop
      vertex 8.450000e+00 -1.000000e+00 -3.759683e-01
      vertex 8.150000e+00 -1.000000e+00 -4.759683e-01
      vertex 8.450000e+00 -1.000000e+00 -4.759683e-01
    endloop
  endfacet
  facet normal -1.000000e+00 0.000000e+00 0.000000e+00
    outer loop
      vertex 8.150000e+00 -1.000000e+00 -4.759683e-01
      vertex 8.150000e+00 -6.000000e-01 -4.759683e-01
      vertex 8.450000e+00 -1.000000e+00 -4.759683e-01
    endloop
  endfacet
  facet normal -1.000000e+00 0.000000e+00 0.000000e+00
    outer loop
      vertex 8.450000e+00 -1.000000e+00 -4.759683e-01
      vertex 8.150000e+00 -6.000000e-01 -4.759683e-01
      vertex 8.450000e+00 -6.000000e-01 -4.759683e-01
    endloop
  endfacet
  facet normal -7.024856e-02 0.000000e+00 0.000000e+00
    outer loop
      vertex 8.150000e+00 -6.000000e-01 -4.759683e-01
      vertex 8.150000e+00 -5.000000e-01 9.440317e-01
      vertex 8.450000e+00 -6.000000e-01 -4.759683e-01
    endloop
  endfacet
  facet normal -7.024856e-02 0.000000e+00 0.000000e+00
    outer loop
      vertex 8.450000e+00 -6.000000e-01 -4.759683e-01
      vertex 8.150000e+00 -5.000000e-01 9.440317e-01
      vertex 8.450000e+00 -5.000000e-01 9.440317e-01
    endloop
  endfacet
  facet normal -9.397934e-01 0.000000e+00 0.000000e+00
    outer loop
      vertex 8.150000e+00 -5.000000e-01 9.440317e-01
      vertex 8.150000e+00 -2.800000e-01 1.024032e+00
      vertex 8.450000e+00 -5.000000e-01 9.440317e-01
    endloop
  endfacet
  facet normal -9.397934e-01 0.000000e+00 0.000000e+00
    outer loop
      vertex 8.450000e+00 -5.000000e-01 9.440317e-01
      vertex 8.150000e+00 -2.800000e-01 1.024032e+00
      vertex 8.450000e+00 -2.800000e-01 1.024032e+00
    endloop
  endfacet
  facet normal -1.000000e+00 0.000000e+00 0.000000e+00
    outer loop
      vertex 8.150000e+00 -2.800000e-01 1.024032e+00
      vertex 8.150000e+00 9.500000e-01 1.024032e+00
      vertex 8.450000e+00 -2.800000e-01 1.024032e+00
    endloop
  endfacet
  facet normal -1.000000e+00 0.000000e+00 0.000000e+00
    outer loop
      vertex 8.450000e+00 -2.800000e-01 1.024032e+00
      vertex 8.150000e+00 9.500000e-01 1.024032e+00
      vertex 8.450000e+00 9.500000e-01 1.024032e+00
    endloop
  endfacet
  facet normal 1.502787e-31 0.000000e+00 0.000000e+00
    outer loop
      vertex 8.150000e+00 1.050000e+00 1.124032e+00
      vertex 8.150000e+00 9.500000e-01 1.024032e+00
      vertex 8.150000e+00 -3.000000e-01 1.124032e+00
    endloop
  endfacet
  facet normal 1.502787e-31 0.000000e+00 0.000000e+00
    outer loop
      vertex 8.150000e+00 -3.000000e-01 1.124032e+00
      vertex 8.150000e+00 9.500000e-01 1.024032e+00
      vertex 8.150000e+00 -2.800000e-01 1.024032e+00
    endloop
  endfacet
  facet normal 1.502787e-31 0.000000e+00 0.000000e+00
    outer loop
      vertex 8.150000e+00 -3.000000e-01 1.124032e+00
      vertex 8.150000e+00 -2.800000e-01 1.024032e+00
      vertex 8.150000e+00 -5.000000e-01 9.440317e-01
    endloop
  endfacet
  facet normal 1.502787e-31 0.000000e+00 0.000000e+00
    outer loop
      vertex 8.150000e+00 1.050000e+00 1.124032e+00
      vertex 8.150000e+00 1.050000e+00 6.990317e-01
      vertex 8.150000e+00 9.500000e-01 1.024032e+00
    endloop
  endfacet
  facet normal 1.502787e-31 0.000000e+00 0.000000e+00
    outer loop
      vertex 8.150000e+00 9.500000e-01 1.024032e+00
      vertex 8.150000e+00 1.050000e+00 6.990317e-01
      vertex 8.150000e+00 9.500000e-01 5.990317e-01
    endloop
  endfacet
  facet normal 1.502787e-31 0.000000e+00 0.000000e+00
    outer loop
      vertex 8.150000e+00 1.200000e+00 6.990317e-01
      vertex 8.150000e+00 1.200000e+00 5.990317e-01
      vertex 8.150000e+00 1.050000e+00 6.990317e-01
    endloop
  endfacet
  facet normal 1.502787e-31 0.000000e+00 0.000000e+00
    outer loop
      vertex 8.150000e+00 1.050000e+00 6.990317e-01
      vertex 8.150000e+00 1.200000e+00 5.990317e-01
      vertex 8.150000e+00 9.500000e-01 5.990317e-01
    endloop
  endfacet
  facet normal 1.502787e-31 0.000000e+00 0.000000e+00
    outer loop
      vertex 8.150000e+00 -6.000000e-01 -4.759683e-01
      vertex 8.150000e+00 -7.000000e-01 -3.759683e-01
      vertex 8.150000e+00 -5.000000e-01 9.440317e-01
    endloop
  endfacet
  facet normal 1.502787e-31 0.000000e+00 0.000000e+00
    outer loop
      vertex 8.150000e+00 -5.000000e-01 9.440317e-01
      vertex 8.150000e+00 -7.000000e-01 -3.759683e-01
      vertex 8.150000e+00 -6.000000e-01 1.024032e+00
    endloop
  endfacet
  facet normal 1.502787e-31 0.000000e+00 0.000000e+00
    outer loop
      vertex 8.150000e+00 -5.000000e-01 9.440317e-01
      vertex 8.150000e+00 -6.000000e-01 1.024032e+00
      vertex 8.150000e+00 -3.000000e-01 1.124032e+00
    endloop
  endfacet
  facet normal 1.502787e-31 0.000000e+00 0.000000e+00
    outer loop
      vertex 8.150000e+00 -6.000000e-01 -4.759683e-01
      vertex 8.150000e+00 -1.000000e+00 -4.759683e-01
      vertex 8.150000e+00 -7.000000e-01 -3.759683e-01
    endloop
  endfacet
  facet normal 1.502787e-31 0.000000e+00 0.000000e+00
    outer loop
      vertex 8.150000e+00 -7.000000e-01 -3.759683e-01
      vertex 8.150000e+00 -1.000000e+00 -4.759683e-01
      vertex 8.150000e+00 -1.000000e+00 -3.759683e-01
    endloop
  endfacet
  facet normal -1.502787e-31 0.000000e+00 0.000000e+00
    outer loop
      vertex 8.450000e+00 1.050000e+00 6.990317e-01
      vertex 8.450000e+00 1.050000e+00 1.124032e+00
      vertex 8.450000e+00 9.500000e-01 1.024032e+00
    endloop
  endfacet
  facet normal -1.502787e-31 0.000000e+00 0.000000e+00
    outer loop
      vertex 8.450000e+00 9.500000e-01 1.024032e+00
      vertex 8.450000e+00 1.050000e+00 1.124032e+00
      vertex 8.450000e+00 -3.000000e-01 1.124032e+00
    endloop
  endfacet
  facet normal -1.502787e-31 0.000000e+00 0.000000e+00
    outer loop
      vertex 8.450000e+00 9.500000e-01 1.024032e+00
      vertex 8.450000e+00 -3.000000e-01 1.124032e+00
      vertex 8.450000e+00 -2.800000e-01 1.024032e+00
    endloop
  endfacet
  facet normal -1.502787e-31 0.000000e+00 0.000000e+00
    outer loop
      vertex 8.450000e+00 -2.800000e-01 1.024032e+00
      vertex 8.450000e+00 -3.000000e-01 1.124032e+00
      vertex 8.450000e+00 -5.000000e-01 9.440317e-01
    endloop
  endfacet
  facet normal -1.502787e-31 0.000000e+00 0.000000e+00
    outer loop
      vertex 8.450000e+00 -3.000000e-01 1.124032e+00
      vertex 8.450000e+00 -6.000000e-01 1.024032e+00
      vertex 8.450000e+00 -5.000000e-01 9.440317e-01
    endloop
  endfacet
  facet normal -1.502787e-31 0.000000e+00 0.000000e+00
    outer loop
      vertex 8.450000e+00 -5.000000e-01 9.440317e-01
      vertex 8.450000e+00 -6.000000e-01 1.024032e+00
      vertex 8.450000e+00 -7.000000e-01 -3.759683e-01
    endloop
  endfacet
  facet normal -1.502787e-31 0.000000e+00 0.000000e+00
    outer loop
      vertex 8.450000e+00 -5.000000e-01 9.440317e-01
      vertex 8.450000e+00 -7.000000e-01 -3.759683e-01
      vertex 8.450000e+00 -6.000000e-01 -4.759683e-01
    endloop
  endfacet
  facet normal -1.502787e-31 0.000000e+00 0.000000e+00
    outer loop
      vertex 8.450000e+00 -6.000000e-01 -4.759683e-01
      vertex 8.450000e+00 -7.000000e-01 -3.759683e-01
      vertex 8.450000e+00 -1.000000e+00 -4.759683e-01
    endloop
  endfacet
  facet normal -1.502787e-31 0.000000e+00 0.000000e+00
    outer loop
      vertex 8.450000e+00 -7.000000e-01 -3.759683e-01
      vertex 8.450000e+00 -1.000000e+00 -3.759683e-01
      vertex 8.450000e+00 -1.000000e+00 -4.759683e-01
    endloop
  endfacet
  facet normal -1.502787e-31 0.000000e+00 0.000000e+00
    outer loop
      vertex 8.450000e+00 9.500000e-01 1.024032e+00
      vertex 8.450000e+00 9.500000e-01 5.990317e-01
      vertex 8.450000e+00 1.050000e+00 6.990317e-01
    endloop
  endfacet
  facet normal -1.502787e-31 0.000000e+00 0.000000e+00
    outer loop
      vertex 8.450000e+00 1.050000e+00 6.990317e-01
      vertex 8.450000e+00 9.500000e-01 5.990317e-01
      vertex 8.450000e+00 1.200000e+00 5.990317e-01
    endloop
  endfacet
  facet normal -1.502787e-31 0.000000e+00 0.000000e+00
    outer loop
      vertex 8.450000e+00 1.050000e+00 6.990317e-01
      vertex 8.450000e+00 1.200000e+00 5.990317e-01
      vertex 8.450000e+00 1.200000e+00 6.990317e-01
    endloop
  endfacet
endsolid PEC:Pin_12_2
solid PEC:Pin_12_3
  facet normal 0.000000e+00 0.000000e+00 0.000000e+00
    outer loop
      vertex 7.130000e+00 6.820000e+00 6.990317e-01
      vertex 7.130000e+00 7.020000e+00 6.990317e-01
      vertex 7.130000e+00 6.820000e+00 5.990317e-01
    endloop
  endfacet
  facet normal 0.000000e+00 0.000000e+00 0.000000e+00
    outer loop
      vertex 7.130000e+00 6.820000e+00 5.990317e-01
      vertex 7.130000e+00 7.020000e+00 6.990317e-01
      vertex 7.130000e+00 7.020000e+00 5.990317e-01
    endloop
  endfacet
  facet normal -0.000000e+00 0.000000e+00 0.000000e+00
    outer loop
      vertex 7.130000e+00 7.020000e+00 6.990317e-01
      vertex 7.230000e+00 7.020000e+00 6.990317e-01
      vertex 7.130000e+00 7.020000e+00 5.990317e-01
    endloop
  endfacet
  facet normal -0.000000e+00 0.000000e+00 0.000000e+00
    outer loop
      vertex 7.130000e+00 7.020000e+00 5.990317e-01
      vertex 7.230000e+00 7.020000e+00 6.990317e-01
      vertex 7.230000e+00 7.020000e+00 5.990317e-01
    endloop
  endfacet
  facet normal -0.000000e+00 0.000000e+00 0.000000e+00
    outer loop
      vertex 7.130000e+00 6.820000e+00 5.990317e-01
      vertex 7.230000e+00 6.820000e+00 5.990317e-01
      vertex 7.130000e+00 6.820000e+00 6.990317e-01
    endloop
  endfacet
  facet normal -0.000000e+00 0.000000e+00 0.000000e+00
    outer loop
      vertex 7.130000e+00 6.820000e+00 6.990317e-01
      vertex 7.230000e+00 6.820000e+00 5.990317e-01
      vertex 7.230000e+00 6.820000e+00 6.990317e-01
    endloop
  endfacet
  facet normal 0.000000e+00 0.000000e+00 0.000000e+00
    outer loop
      vertex 7.230000e+00 6.820000e+00 6.990317e-01
      vertex 7.230000e+00 6.820000e+00 5.990317e-01
      vertex 8.800000e+00 8.150000e+00 6.990317e-01
    endloop
  endfacet
  facet normal 0.000000e+00 0.000000e+00 0.000000e+00
    outer loop
      vertex 8.800000e+00 8.150000e+00 6.990317e-01
      vertex 7.230000e+00 6.820000e+00 5.990317e-01
      vertex 8.800000e+00 8.150000e+00 5.990317e-01
    endloop
  endfacet
  facet normal 0.000000e+00 0.000000e+00 0.000000e+00
    outer loop
      vertex 7.230000e+00 7.020000e+00 5.990317e-01
      vertex 7.230000e+00 7.020000e+00 6.990317e-01
      vertex 8.800000e+00 8.450000e+00 5.990317e-01
    endloop
  endfacet
  facet normal 0.000000e+00 0.000000e+00 0.000000e+00
    outer loop
      vertex 8.800000e+00 8.450000e+00 5.990317e-01
      vertex 7.230000e+00 7.020000e+00 6.990317e-01
      vertex 8.800000e+00 8.450000e+00 6.990317e-01
    endloop
  endfacet
  facet normal 0.000000e+00 0.000000e+00 0.000000e+00
    outer loop
      vertex 8.950000e+00 8.450000e+00 1.124032e+00
      vertex 8.950000e+00 8.450000e+00 6.990317e-01
      vertex 8.950000e+00 8.150000e+00 1.124032e+00
    endloop
  endfacet
  facet normal 0.000000e+00 0.000000e+00 0.000000e+00
    outer loop
      vertex 8.950000e+00 8.150000e+00 1.124032e+00
      vertex 8.950000e+00 8.450000e+00 6.990317e-01
      vertex 8.950000e+00 8.150000e+00 6.990317e-01
    endloop
  endfacet
  facet normal 1.000000e+00 0.000000e+00 0.000000e+00
    outer loop
      vertex 8.950000e+00 8.450000e+00 6.990317e-01
      vertex 8.800000e+00 8.450000e+00 6.990317e-01
      vertex 8.950000e+00 8.150000e+00 6.990317e-01
    endloop
  endfacet
  facet normal 1.000000e+00 0.000000e+00 0.000000e+00
    outer loop
      vertex 8.950000e+00 8.150000e+00 6.990317e-01
      vertex 8.800000e+00 8.450000e+00 6.990317e-01
      vertex 8.800000e+00 8.150000e+00 6.990317e-01
    endloop
  endfacet
  facet normal 1.000000e+00 0.000000e+00 0.000000e+00
    outer loop
      vertex 8.800000e+00 8.450000e+00 6.990317e-01
      vertex 7.230000e+00 7.020000e+00 6.990317e-01
      vertex 8.800000e+00 8.150000e+00 6.990317e-01
    endloop
  endfacet
  facet normal 1.000000e+00 0.000000e+00 0.000000e+00
    outer loop
      vertex 8.800000e+00 8.150000e+00 6.990317e-01
      vertex 7.230000e+00 7.020000e+00 6.990317e-01
      vertex 7.230000e+00 6.820000e+00 6.990317e-01
    endloop
  endfacet
  facet normal 1.000000e+00 0.000000e+00 0.000000e+00
    outer loop
      vertex 7.230000e+00 7.020000e+00 6.990317e-01
      vertex 7.130000e+00 7.020000e+00 6.990317e-01
      vertex 7.230000e+00 6.820000e+00 6.990317e-01
    endloop
  endfacet
  facet normal 1.000000e+00 0.000000e+00 0.000000e+00
    outer loop
      vertex 7.230000e+00 6.820000e+00 6.990317e-01
      vertex 7.130000e+00 7.020000e+00 6.990317e-01
      vertex 7.130000e+00 6.820000e+00 6.990317e-01
    endloop
  endfacet
  facet normal -1.000000e+00 0.000000e+00 0.000000e+00
    outer loop
      vertex 7.230000e+00 7.020000e+00 5.990317e-01
      vertex 8.800000e+00 8.450000e+00 5.990317e-01
      vertex 8.800000e+00 8.150000e+00 5.990317e-01
    endloop
  endfacet
  facet normal -1.000000e+00 0.000000e+00 0.000000e+00
    outer loop
      vertex 8.800000e+00 8.150000e+00 5.990317e-01
      vertex 8.800000e+00 8.450000e+00 5.990317e-01
      vertex 9.050000e+00 8.450000e+00 5.990317e-01
    endloop
  endfacet
  facet normal -1.000000e+00 0.000000e+00 0.000000e+00
    outer loop
      vertex 8.800000e+00 8.150000e+00 5.990317e-01
      vertex 9.050000e+00 8.450000e+00 5.990317e-01
      vertex 9.050000e+00 8.150000e+00 5.990317e-01
    endloop
  endfacet
  facet normal -1.000000e+00 0.000000e+00 0.000000e+00
    outer loop
      vertex 8.800000e+00 8.150000e+00 5.990317e-01
      vertex 7.230000e+00 6.820000e+00 5.990317e-01
      vertex 7.230000e+00 7.020000e+00 5.990317e-01
    endloop
  endfacet
  facet normal -1.000000e+00 0.000000e+00 0.000000e+00
    outer loop
      vertex 7.230000e+00 7.020000e+00 5.990317e-01
      vertex 7.230000e+00 6.820000e+00 5.990317e-01
      vertex 7.130000e+00 6.820000e+00 5.990317e-01
    endloop
  endfacet
  facet normal -1.000000e+00 0.000000e+00 0.000000e+00
    outer loop
      vertex 7.230000e+00 7.020000e+00 5.990317e-01
      vertex 7.130000e+00 6.820000e+00 5.990317e-01
      vertex 7.130000e+00 7.020000e+00 5.990317e-01
    endloop
  endfacet
  facet normal 0.000000e+00 0.000000e+00 0.000000e+00
    outer loop
      vertex 9.050000e+00 8.450000e+00 5.990317e-01
      vertex 9.050000e+00 8.450000e+00 1.024032e+00
      vertex 9.050000e+00 8.150000e+00 5.990317e-01
    endloop
  endfacet
  facet normal 0.000000e+00 0.000000e+00 0.000000e+00
    outer loop
      vertex 9.050000e+00 8.150000e+00 5.990317e-01
      vertex 9.050000e+00 8.450000e+00 1.024032e+00
      vertex 9.050000e+00 8.150000e+00 1.024032e+00
    endloop
  endfacet
  facet normal 1.000000e+00 0.000000e+00 0.000000e+00
    outer loop
      vertex 8.950000e+00 8.150000e+00 1.124032e+00
      vertex 1.030000e+01 8.150000e+00 1.124032e+00
      vertex 8.950000e+00 8.450000e+00 1.124032e+00
    endloop
  endfacet
  facet normal 1.000000e+00 0.000000e+00 0.000000e+00
    outer loop
      vertex 8.950000e+00 8.450000e+00 1.124032e+00
      vertex 1.030000e+01 8.150000e+00 1.124032e+00
      vertex 1.030000e+01 8.450000e+00 1.124032e+00
    endloop
  endfacet
  facet normal 9.486833e-01 0.000000e+00 0.000000e+00
    outer loop
      vertex 1.030000e+01 8.150000e+00 1.124032e+00
      vertex 1.060000e+01 8.150000e+00 1.024032e+00
      vertex 1.030000e+01 8.450000e+00 1.124032e+00
    endloop
  endfacet
  facet normal 9.486833e-01 0.000000e+00 0.000000e+00
    outer loop
      vertex 1.030000e+01 8.450000e+00 1.124032e+00
      vertex 1.060000e+01 8.150000e+00 1.024032e+00
      vertex 1.060000e+01 8.450000e+00 1.024032e+00
    endloop
  endfacet
  facet normal 7.124705e-02 0.000000e+00 0.000000e+00
    outer loop
      vertex 1.060000e+01 8.150000e+00 1.024032e+00
      vertex 1.070000e+01 8.150000e+00 -3.759683e-01
      vertex 1.060000e+01 8.450000e+00 1.024032e+00
    endloop
  endfacet
  facet normal 7.124705e-02 0.000000e+00 0.000000e+00
    outer loop
      vertex 1.060000e+01 8.450000e+00 1.024032e+00
      vertex 1.070000e+01 8.150000e+00 -3.759683e-01
      vertex 1.070000e+01 8.450000e+00 -3.759683e-01
    endloop
  endfacet
  facet normal 1.000000e+00 0.000000e+00 0.000000e+00
    outer loop
      vertex 1.070000e+01 8.150000e+00 -3.759683e-01
      vertex 1.100000e+01 8.150000e+00 -3.759683e-01
      vertex 1.070000e+01 8.450000e+00 -3.759683e-01
    endloop
  endfacet
  facet normal 1.000000e+00 0.000000e+00 0.000000e+00
    outer loop
      vertex 1.070000e+01 8.450000e+00 -3.759683e-01
      vertex 1.100000e+01 8.150000e+00 -3.759683e-01
      vertex 1.100000e+01 8.450000e+00 -3.759683e-01
    endloop
  endfacet
  facet normal 0.000000e+00 0.000000e+00 0.000000e+00
    outer loop
      vertex 1.100000e+01 8.150000e+00 -3.759683e-01
      vertex 1.100000e+01 8.150000e+00 -4.759683e-01
      vertex 1.100000e+01 8.450000e+00 -3.759683e-01
    endloop
  endfacet
  facet normal 0.000000e+00 0.000000e+00 0.000000e+00
    outer loop
      vertex 1.100000e+01 8.450000e+00 -3.759683e-01
      vertex 1.100000e+01 8.150000e+00 -4.759683e-01
      vertex 1.100000e+01 8.450000e+00 -4.759683e-01
    endloop
  endfacet
  facet normal -1.000000e+00 0.000000e+00 0.000000e+00
    outer loop
      vertex 1.100000e+01 8.150000e+00 -4.759683e-01
      vertex 1.060000e+01 8.150000e+00 -4.759683e-01
      vertex 1.100000e+01 8.450000e+00 -4.759683e-01
    endloop
  endfacet
  facet normal -1.000000e+00 0.000000e+00 0.000000e+00
    outer loop
      vertex 1.100000e+01 8.450000e+00 -4.759683e-01
      vertex 1.060000e+01 8.150000e+00 -4.759683e-01
      vertex 1.060000e+01 8.450000e+00 -4.759683e-01
    endloop
  endfacet
  facet normal -7.024856e-02 0.000000e+00 0.000000e+00
    outer loop
      vertex 1.060000e+01 8.150000e+00 -4.759683e-01
      vertex 1.050000e+01 8.150000e+00 9.440317e-01
      vertex 1.060000e+01 8.450000e+00 -4.759683e-01
    endloop
  endfacet
  facet normal -7.024856e-02 0.000000e+00 0.000000e+00
    outer loop
      vertex 1.060000e+01 8.450000e+00 -4.759683e-01
      vertex 1.050000e+01 8.150000e+00 9.440317e-01
      vertex 1.050000e+01 8.450000e+00 9.440317e-01
    endloop
  endfacet
  facet normal -9.397934e-01 0.000000e+00 0.000000e+00
    outer loop
      vertex 1.050000e+01 8.150000e+00 9.440317e-01
      vertex 1.028000e+01 8.150000e+00 1.024032e+00
      vertex 1.050000e+01 8.450000e+00 9.440317e-01
    endloop
  endfacet
  facet normal -9.397934e-01 0.000000e+00 0.000000e+00
    outer loop
      vertex 1.050000e+01 8.450000e+00 9.440317e-01
      vertex 1.028000e+01 8.150000e+00 1.024032e+00
      vertex 1.028000e+01 8.450000e+00 1.024032e+00
    endloop
  endfacet
  facet normal -1.000000e+00 0.000000e+00 0.000000e+00
    outer loop
      vertex 1.028000e+01 8.150000e+00 1.024032e+00
      vertex 9.050000e+00 8.150000e+00 1.024032e+00
      vertex 1.028000e+01 8.450000e+00 1.024032e+00
    endloop
  endfacet
  facet normal -1.000000e+00 0.000000e+00 0.000000e+00
    outer loop
      vertex 1.028000e+01 8.450000e+00 1.024032e+00
      vertex 9.050000e+00 8.150000e+00 1.024032e+00
      vertex 9.050000e+00 8.450000e+00 1.024032e+00
    endloop
  endfacet
  facet normal 1.502787e-31 0.000000e+00 0.000000e+00
    outer loop
      vertex 8.950000e+00 8.150000e+00 1.124032e+00
      vertex 9.050000e+00 8.150000e+00 1.024032e+00
      vertex 1.030000e+01 8.150000e+00 1.124032e+00
    endloop
  endfacet
  facet normal 1.502787e-31 0.000000e+00 0.000000e+00
    outer loop
      vertex 1.030000e+01 8.150000e+00 1.124032e+00
      vertex 9.050000e+00 8.150000e+00 1.024032e+00
      vertex 1.028000e+01 8.150000e+00 1.024032e+00
    endloop
  endfacet
  facet normal 1.502787e-31 0.000000e+00 0.000000e+00
    outer loop
      vertex 1.030000e+01 8.150000e+00 1.124032e+00
      vertex 1.028000e+01 8.150000e+00 1.024032e+00
      vertex 1.050000e+01 8.150000e+00 9.440317e-01
    endloop
  endfacet
  facet normal 1.502787e-31 0.000000e+00 0.000000e+00
    outer loop
      vertex 8.950000e+00 8.150000e+00 1.124032e+00
      vertex 8.950000e+00 8.150000e+00 6.990317e-01
      vertex 9.050000e+00 8.150000e+00 1.024032e+00
    endloop
  endfacet
  facet normal 1.502787e-31 0.000000e+00 0.000000e+00
    outer loop
      vertex 9.050000e+00 8.150000e+00 1.024032e+00
      vertex 8.950000e+00 8.150000e+00 6.990317e-01
      vertex 9.050000e+00 8.150000e+00 5.990317e-01
    endloop
  endfacet
  facet normal 1.502787e-31 0.000000e+00 0.000000e+00
    outer loop
      vertex 8.800000e+00 8.150000e+00 6.990317e-01
      vertex 8.800000e+00 8.150000e+00 5.990317e-01
      vertex 8.950000e+00 8.150000e+00 6.990317e-01
    endloop
  endfacet
  facet normal 1.502787e-31 0.000000e+00 0.000000e+00
    outer loop
      vertex 8.950000e+00 8.150000e+00 6.990317e-01
      vertex 8.800000e+00 8.150000e+00 5.990317e-01
      vertex 9.050000e+00 8.150000e+00 5.990317e-01
    endloop
  endfacet
  facet normal 1.502787e-31 0.000000e+00 0.000000e+00
    outer loop
      vertex 1.060000e+01 8.150000e+00 -4.759683e-01
      vertex 1.070000e+01 8.150000e+00 -3.759683e-01
      vertex 1.050000e+01 8.150000e+00 9.440317e-01
    endloop
  endfacet
  facet normal 1.502787e-31 0.000000e+00 0.000000e+00
    outer loop
      vertex 1.050000e+01 8.150000e+00 9.440317e-01
      vertex 1.070000e+01 8.150000e+00 -3.759683e-01
      vertex 1.060000e+01 8.150000e+00 1.024032e+00
    endloop
  endfacet
  facet normal 1.502787e-31 0.000000e+00 0.000000e+00
    outer loop
      vertex 1.050000e+01 8.150000e+00 9.440317e-01
      vertex 1.060000e+01 8.150000e+00 1.024032e+00
      vertex 1.030000e+01 8.150000e+00 1.124032e+00
    endloop
  endfacet
  facet normal 1.502787e-31 0.000000e+00 0.000000e+00
    outer loop
      vertex 1.060000e+01 8.150000e+00 -4.759683e-01
      vertex 1.100000e+01 8.150000e+00 -4.759683e-01
      vertex 1.070000e+01 8.150000e+00 -3.759683e-01
    endloop
  endfacet
  facet normal 1.502787e-31 0.000000e+00 0.000000e+00
    outer loop
      vertex 1.070000e+01 8.150000e+00 -3.759683e-01
      vertex 1.100000e+01 8.150000e+00 -4.759683e-01
      vertex 1.100000e+01 8.150000e+00 -3.759683e-01
    endloop
  endfacet
  facet normal -1.502787e-31 0.000000e+00 0.000000e+00
    outer loop
      vertex 8.950000e+00 8.450000e+00 6.990317e-01
      vertex 8.950000e+00 8.450000e+00 1.124032e+00
      vertex 9.050000e+00 8.450000e+00 1.024032e+00
    endloop
  endfacet
  facet normal -1.502787e-31 0.000000e+00 0.000000e+00
    outer loop
      vertex 9.050000e+00 8.450000e+00 1.024032e+00
      vertex 8.950000e+00 8.450000e+00 1.124032e+00
      vertex 1.030000e+01 8.450000e+00 1.124032e+00
    endloop
  endfacet
  facet normal -1.502787e-31 0.000000e+00 0.000000e+00
    outer loop
      vertex 9.050000e+00 8.450000e+00 1.024032e+00
      vertex 1.030000e+01 8.450000e+00 1.124032e+00
      vertex 1.028000e+01 8.450000e+00 1.024032e+00
    endloop
  endfacet
  facet normal -1.502787e-31 0.000000e+00 0.000000e+00
    outer loop
      vertex 1.028000e+01 8.450000e+00 1.024032e+00
      vertex 1.030000e+01 8.450000e+00 1.124032e+00
      vertex 1.050000e+01 8.450000e+00 9.440317e-01
    endloop
  endfacet
  facet normal -1.502787e-31 0.000000e+00 0.000000e+00
    outer loop
      vertex 1.030000e+01 8.450000e+00 1.124032e+00
      vertex 1.060000e+01 8.450000e+00 1.024032e+00
      vertex 1.050000e+01 8.450000e+00 9.440317e-01
    endloop
  endfacet
  facet normal -1.502787e-31 0.000000e+00 0.000000e+00
    outer loop
      vertex 1.050000e+01 8.450000e+00 9.440317e-01
      vertex 1.060000e+01 8.450000e+00 1.024032e+00
      vertex 1.070000e+01 8.450000e+00 -3.759683e-01
    endloop
  endfacet
  facet normal -1.502787e-31 0.000000e+00 0.000000e+00
    outer loop
      vertex 1.050000e+01 8.450000e+00 9.440317e-01
      vertex 1.070000e+01 8.450000e+00 -3.759683e-01
      vertex 1.060000e+01 8.450000e+00 -4.759683e-01
    endloop
  endfacet
  facet normal -1.502787e-31 0.000000e+00 0.000000e+00
    outer loop
      vertex 1.060000e+01 8.450000e+00 -4.759683e-01
      vertex 1.070000e+01 8.450000e+00 -3.759683e-01
      vertex 1.100000e+01 8.450000e+00 -4.759683e-01
    endloop
  endfacet
  facet normal -1.502787e-31 0.000000e+00 0.000000e+00
    outer loop
      vertex 1.070000e+01 8.450000e+00 -3.759683e-01
      vertex 1.100000e+01 8.450000e+00 -3.759683e-01
      vertex 1.100000e+01 8.450000e+00 -4.759683e-01
    endloop
  endfacet
  facet normal -1.502787e-31 0.000000e+00 0.000000e+00
    outer loop
      vertex 9.050000e+00 8.450000e+00 1.024032e+00
      vertex 9.050000e+00 8.450000e+00 5.990317e-01
      vertex 8.950000e+00 8.450000e+00 6.990317e-01
    endloop
  endfacet
  facet normal -1.502787e-31 0.000000e+00 0.000000e+00
    outer loop
      vertex 8.950000e+00 8.450000e+00 6.990317e-01
      vertex 9.050000e+00 8.450000e+00 5.990317e-01
      vertex 8.800000e+00 8.450000e+00 5.990317e-01
    endloop
  endfacet
  facet normal -1.502787e-31 0.000000e+00 0.000000e+00
    outer loop
      vertex 8.950000e+00 8.450000e+00 6.990317e-01
      vertex 8.800000e+00 8.450000e+00 5.990317e-01
      vertex 8.800000e+00 8.450000e+00 6.990317e-01
    endloop
  endfacet
endsolid PEC:Pin_12_3
